session_id,client_identity_id,label,start_ts,end_ts,pcap_path
e3edd5a8-c57b-42f2-9642-13c904d04706,8893ebd6-5752-4071-9721-f2dc9e9730a2,human,1787056037.9867046,1787056074.0460837,C:\Users\har20\OneDrive\Desktop\project 1\code\quic-pqtls-bot-detection\capture\pcap_store\e3edd5a8-c57b-42f2-9642-13c904d04706.pcap
a5b7ced9-a812-4ee4-9561-7a6360801663,8893ebd6-5752-4071-9721-f2dc9e9730a2,human,1787056074.5646212,1787056117.8726883,C:\Users\har20\OneDrive\Desktop\project 1\code\quic-pqtls-bot-detection\capture\pcap_store\a5b7ced9-a812-4ee4-9561-7a6360801663.pcap
e9e0cfdd-9e48-43a8-9407-0839f7f62bc7,8893ebd6-5752-4071-9721-f2dc9e9730a2,human,1787056118.3928337,1787056149.1356068,C:\Users\har20\OneDrive\Desktop\project 1\code\quic-pqtls-bot-detection\capture\pcap_store\e9e0cfdd-9e48-43a8-9407-0839f7f62bc7.pcap
3aea09b2-5a75-4405-992d-fbe5a348fe7b,8893ebd6-5752-4071-9721-f2dc9e9730a2,human,1787056149.6536756,1787056189.4151027,C:\Users\har20\OneDrive\Desktop\project 1\code\quic-pqtls-bot-detection\capture\pcap_store\3aea09b2-5a75-4405-992d-fbe5a348fe7b.pcap
f1490595-a5dd-4507-abbf-3871eb904f2b,8893ebd6-5752-4071-9721-f2dc9e9730a2,human,1787056189.936172,1787056233.835236,C:\Users\har20\OneDrive\Desktop\project 1\code\quic-pqtls-bot-detection\capture\pcap_store\f1490595-a5dd-4507-abbf-3871eb904f2b.pcap
3ecded75-6794-4807-8498-cd3cb6a724ff,59ef50b5-6c10-4a65-b4c0-a63c3ad77cf1,bot_t3,1787056249.716759,1787056251.3992007,C:\Users\har20\OneDrive\Desktop\project 1\code\quic-pqtls-bot-detection\capture\pcap_store\3ecded75-6794-4807-8498-cd3cb6a724ff.pcap
bae7ff6a-c776-4997-9c59-1e4a85d52e88,59ef50b5-6c10-4a65-b4c0-a63c3ad77cf1,bot_t3,1787056251.919799,1787056253.5307422,C:\Users\har20\OneDrive\Desktop\project 1\code\quic-pqtls-bot-detection\capture\pcap_store\bae7ff6a-c776-4997-9c59-1e4a85d52e88.pcap
cb0981e4-fef8-48e4-a651-2c3b57fa1130,59ef50b5-6c10-4a65-b4c0-a63c3ad77cf1,bot_t3,1787056254.0513725,1787056255.7356982,C:\Users\har20\OneDrive\Desktop\project 1\code\quic-pqtls-bot-detection\capture\pcap_store\cb0981e4-fef8-48e4-a651-2c3b57fa1130.pcap
19a4fd5d-3837-4a59-9c8a-be1eb8df375a,59ef50b5-6c10-4a65-b4c0-a63c3ad77cf1,bot_t3,1787056256.255621,1787056257.9784663,C:\Users\har20\OneDrive\Desktop\project 1\code\quic-pqtls-bot-detection\capture\pcap_store\19a4fd5d-3837-4a59-9c8a-be1eb8df375a.pcap
45a2f416-8f32-422b-9fa9-3cc78117abe4,e8ef2b78-e44c-43a1-9653-ffa0e27fa8c5,bot_t3,1787056258.496963,1787056260.1911802,C:\Users\har20\OneDrive\Desktop\project 1\code\quic-pqtls-bot-detection\capture\pcap_store\45a2f416-8f32-422b-9fa9-3cc78117abe4.pcap
bd7c87d5-291e-4557-a51b-3e9e92a52e2a,ab098b31-84c0-4dd8-82c9-b14f7da87a62,bot_t1,1787058779.97833,1787058781.371424,C:\Users\har20\OneDrive\Desktop\project 1\code\quic-pqtls-bot-detection\capture\pcap_store\bd7c87d5-291e-4557-a51b-3e9e92a52e2a.pcap
514d3d45-062e-4958-a9e7-65fe9be8e26d,ab098b31-84c0-4dd8-82c9-b14f7da87a62,bot_t1,1787058782.4173148,1787058783.2957776,C:\Users\har20\OneDrive\Desktop\project 1\code\quic-pqtls-bot-detection\capture\pcap_store\514d3d45-062e-4958-a9e7-65fe9be8e26d.pcap
c5717803-bcd3-4360-9144-c13573541ace,ab098b31-84c0-4dd8-82c9-b14f7da87a62,bot_t1,1787058784.3185701,1787058785.2075276,C:\Users\har20\OneDrive\Desktop\project 1\code\quic-pqtls-bot-detection\capture\pcap_store\c5717803-bcd3-4360-9144-c13573541ace.pcap
f98855b7-f4a4-46bc-8e79-9f2fb3ace4ba,ab098b31-84c0-4dd8-82c9-b14f7da87a62,bot_t1,1787058786.3031292,1787058787.1621134,C:\Users\har20\OneDrive\Desktop\project 1\code\quic-pqtls-bot-detection\capture\pcap_store\f98855b7-f4a4-46bc-8e79-9f2fb3ace4ba.pcap
c9d8fc13-42dc-4ee1-a17e-b1c0a2c19e80,ab098b31-84c0-4dd8-82c9-b14f7da87a62,bot_t1,1787058788.288852,1787058789.1485035,C:\Users\har20\OneDrive\Desktop\project 1\code\quic-pqtls-bot-detection\capture\pcap_store\c9d8fc13-42dc-4ee1-a17e-b1c0a2c19e80.pcap
7e86546a-5c43-4e93-bf80-44a60ea24a7d,da2e2139-9f1d-4ed6-ad67-96f4f8123190,bot_t2,1787058790.4884098,1787058791.3981655,C:\Users\har20\OneDrive\Desktop\project 1\code\quic-pqtls-bot-detection\capture\pcap_store\7e86546a-5c43-4e93-bf80-44a60ea24a7d.pcap
f8c18258-2627-4cfb-9bd2-2739afe7c45c,da2e2139-9f1d-4ed6-ad67-96f4f8123190,bot_t2,1787058792.467222,1787058793.2639816,C:\Users\har20\OneDrive\Desktop\project 1\code\quic-pqtls-bot-detection\capture\pcap_store\f8c18258-2627-4cfb-9bd2-2739afe7c45c.pcap
7f7154d7-2a81-427c-8bef-6ccf2b24fe9e,da2e2139-9f1d-4ed6-ad67-96f4f8123190,bot_t2,1787058794.386719,1787058795.211097,C:\Users\har20\OneDrive\Desktop\project 1\code\quic-pqtls-bot-detection\capture\pcap_store\7f7154d7-2a81-427c-8bef-6ccf2b24fe9e.pcap
f4d30595-189c-49cd-95f4-665fb1265f62,57c5d057-ef34-4f73-ae39-1216a241ae16,bot_t2,1787058796.2326229,1787058797.0896108,C:\Users\har20\OneDrive\Desktop\project 1\code\quic-pqtls-bot-detection\capture\pcap_store\f4d30595-189c-49cd-95f4-665fb1265f62.pcap
da006cf6-1ffc-41af-81cf-fc8aff164105,57c5d057-ef34-4f73-ae39-1216a241ae16,bot_t2,1787058798.1137688,1787058798.9532948,C:\Users\har20\OneDrive\Desktop\project 1\code\quic-pqtls-bot-detection\capture\pcap_store\da006cf6-1ffc-41af-81cf-fc8aff164105.pcap
e0e1d4b4-8871-4cb0-a8d7-b66cf18002be,adbcef72-614e-44f5-9c9e-f4d9b5797c32,human,1787061084.7161481,1787061117.3281884,C:\Users\har20\OneDrive\Desktop\project 1\code\quic-pqtls-bot-detection\capture\pcap_store\e0e1d4b4-8871-4cb0-a8d7-b66cf18002be.pcap
d21f1d8c-4ed5-4bda-ab90-3cbc5e2c0638,adbcef72-614e-44f5-9c9e-f4d9b5797c32,human,1787061118.328772,1787061140.578509,C:\Users\har20\OneDrive\Desktop\project 1\code\quic-pqtls-bot-detection\capture\pcap_store\d21f1d8c-4ed5-4bda-ab90-3cbc5e2c0638.pcap
57fd3f38-1f0d-4f1a-a475-95e4e13a80df,adbcef72-614e-44f5-9c9e-f4d9b5797c32,human,1787061141.608651,1787061162.6955264,C:\Users\har20\OneDrive\Desktop\project 1\code\quic-pqtls-bot-detection\capture\pcap_store\57fd3f38-1f0d-4f1a-a475-95e4e13a80df.pcap
fee83b31-075c-4663-bdd6-693edae2a20b,528beb24-72e0-4c3d-a069-cc3c2f95d01d,human,1787061163.7354033,1787061199.1303477,C:\Users\har20\OneDrive\Desktop\project 1\code\quic-pqtls-bot-detection\capture\pcap_store\fee83b31-075c-4663-bdd6-693edae2a20b.pcap
b842c333-15a4-46fe-a769-3051a165f1d9,528beb24-72e0-4c3d-a069-cc3c2f95d01d,human,1787061200.1997755,1787061250.2543948,C:\Users\har20\OneDrive\Desktop\project 1\code\quic-pqtls-bot-detection\capture\pcap_store\b842c333-15a4-46fe-a769-3051a165f1d9.pcap
af6e5735-14cd-4268-9ec2-02ed1380053d,528beb24-72e0-4c3d-a069-cc3c2f95d01d,human,1787061251.2526212,1787061290.0997877,C:\Users\har20\OneDrive\Desktop\project 1\code\quic-pqtls-bot-detection\capture\pcap_store\af6e5735-14cd-4268-9ec2-02ed1380053d.pcap
6232bb89-070a-41f8-a206-4ff094bba77b,528beb24-72e0-4c3d-a069-cc3c2f95d01d,human,1787061291.180006,1787061310.7357092,C:\Users\har20\OneDrive\Desktop\project 1\code\quic-pqtls-bot-detection\capture\pcap_store\6232bb89-070a-41f8-a206-4ff094bba77b.pcap
3e8ca582-28df-4708-b490-2fc20398b8a1,21a4910e-f885-42be-b2aa-d34d3a11e5a3,human,1787061311.7595794,1787061345.649171,C:\Users\har20\OneDrive\Desktop\project 1\code\quic-pqtls-bot-detection\capture\pcap_store\3e8ca582-28df-4708-b490-2fc20398b8a1.pcap
3e1cf316-88eb-47b1-8fd2-04c91263866f,21a4910e-f885-42be-b2aa-d34d3a11e5a3,human,1787061346.764755,1787061363.416992,C:\Users\har20\OneDrive\Desktop\project 1\code\quic-pqtls-bot-detection\capture\pcap_store\3e1cf316-88eb-47b1-8fd2-04c91263866f.pcap
3ab655c6-54f7-4151-869c-19bc37dcceb7,21a4910e-f885-42be-b2aa-d34d3a11e5a3,human,1787061364.4765177,1787061392.4500346,C:\Users\har20\OneDrive\Desktop\project 1\code\quic-pqtls-bot-detection\capture\pcap_store\3ab655c6-54f7-4151-869c-19bc37dcceb7.pcap
13c41c70-f608-4088-8425-d6eabb8c0282,21a4910e-f885-42be-b2aa-d34d3a11e5a3,human,1787061393.5287113,1787061412.6935017,C:\Users\har20\OneDrive\Desktop\project 1\code\quic-pqtls-bot-detection\capture\pcap_store\13c41c70-f608-4088-8425-d6eabb8c0282.pcap
d642634f-724b-4513-b9ad-27f73ab0febe,21a4910e-f885-42be-b2aa-d34d3a11e5a3,human,1787061413.779658,1787061452.3808343,C:\Users\har20\OneDrive\Desktop\project 1\code\quic-pqtls-bot-detection\capture\pcap_store\d642634f-724b-4513-b9ad-27f73ab0febe.pcap
b41fcbc4-a8e2-4923-bc7b-df8001ca2900,c2ce8924-e4d0-4cd4-9d50-79d799af03bb,human,1787061453.4364433,1787061474.3587885,C:\Users\har20\OneDrive\Desktop\project 1\code\quic-pqtls-bot-detection\capture\pcap_store\b41fcbc4-a8e2-4923-bc7b-df8001ca2900.pcap
78301256-db7e-4eaa-a25e-abc459ccfbcb,c2ce8924-e4d0-4cd4-9d50-79d799af03bb,human,1787061475.5202935,1787061516.113917,C:\Users\har20\OneDrive\Desktop\project 1\code\quic-pqtls-bot-detection\capture\pcap_store\78301256-db7e-4eaa-a25e-abc459ccfbcb.pcap
0a8a873b-add4-4f70-9ab4-4f4c6fdff63c,c2ce8924-e4d0-4cd4-9d50-79d799af03bb,human,1787061517.1185358,1787061562.1236763,C:\Users\har20\OneDrive\Desktop\project 1\code\quic-pqtls-bot-detection\capture\pcap_store\0a8a873b-add4-4f70-9ab4-4f4c6fdff63c.pcap
a24415a7-fa27-4369-8f5c-f3d2004edc7b,c2ce8924-e4d0-4cd4-9d50-79d799af03bb,human,1787061563.1275387,1787061598.1778333,C:\Users\har20\OneDrive\Desktop\project 1\code\quic-pqtls-bot-detection\capture\pcap_store\a24415a7-fa27-4369-8f5c-f3d2004edc7b.pcap
51501994-6a32-4492-bca6-e6ed72550a01,bcaa6091-f5ee-4a0f-972e-dc65ad493f8e,human,1787061599.1811502,1787061636.5278327,C:\Users\har20\OneDrive\Desktop\project 1\code\quic-pqtls-bot-detection\capture\pcap_store\51501994-6a32-4492-bca6-e6ed72550a01.pcap
7dabfd32-660f-4b61-af04-e8ce960ef121,bcaa6091-f5ee-4a0f-972e-dc65ad493f8e,human,1787061637.5192766,1787061647.1273263,C:\Users\har20\OneDrive\Desktop\project 1\code\quic-pqtls-bot-detection\capture\pcap_store\7dabfd32-660f-4b61-af04-e8ce960ef121.pcap
3e72d214-479b-4512-a1ac-8b4d0d739b3c,bcaa6091-f5ee-4a0f-972e-dc65ad493f8e,human,1787061648.121423,1787061675.1413736,C:\Users\har20\OneDrive\Desktop\project 1\code\quic-pqtls-bot-detection\capture\pcap_store\3e72d214-479b-4512-a1ac-8b4d0d739b3c.pcap
2a5b3808-4a0a-46f7-8075-4cde0173f5e2,bcaa6091-f5ee-4a0f-972e-dc65ad493f8e,human,1787061676.2113013,1787061713.7704244,C:\Users\har20\OneDrive\Desktop\project 1\code\quic-pqtls-bot-detection\capture\pcap_store\2a5b3808-4a0a-46f7-8075-4cde0173f5e2.pcap
3d2e5d38-8246-4d37-8f52-392c4873b9f3,bcaa6091-f5ee-4a0f-972e-dc65ad493f8e,human,1787061714.7925901,1787061757.4405377,C:\Users\har20\OneDrive\Desktop\project 1\code\quic-pqtls-bot-detection\capture\pcap_store\3d2e5d38-8246-4d37-8f52-392c4873b9f3.pcap
395ee53e-b364-4dfc-acb9-f7520001996d,cfbd7e68-1422-442f-be79-3682bbb1ef51,human,1787061758.4393096,1787061775.4946113,C:\Users\har20\OneDrive\Desktop\project 1\code\quic-pqtls-bot-detection\capture\pcap_store\395ee53e-b364-4dfc-acb9-f7520001996d.pcap
e4a7e950-7c16-4977-996b-5de371ab20e7,cfbd7e68-1422-442f-be79-3682bbb1ef51,human,1787061776.494981,1787061801.8481884,C:\Users\har20\OneDrive\Desktop\project 1\code\quic-pqtls-bot-detection\capture\pcap_store\e4a7e950-7c16-4977-996b-5de371ab20e7.pcap
19eecf70-e276-4084-ad8a-9d9adf083d7b,cfbd7e68-1422-442f-be79-3682bbb1ef51,human,1787061802.8576105,1787061818.9887958,C:\Users\har20\OneDrive\Desktop\project 1\code\quic-pqtls-bot-detection\capture\pcap_store\19eecf70-e276-4084-ad8a-9d9adf083d7b.pcap
831c6dbf-9c78-4e54-b372-bdd3cb88bcf1,0b311a36-405a-4f94-a523-e44841af5d5e,human,1787061820.0123405,1787061849.6965878,C:\Users\har20\OneDrive\Desktop\project 1\code\quic-pqtls-bot-detection\capture\pcap_store\831c6dbf-9c78-4e54-b372-bdd3cb88bcf1.pcap
31ff8210-7303-4827-b6b3-ec869bdb9c05,0b311a36-405a-4f94-a523-e44841af5d5e,human,1787061850.8609397,1787061874.5030897,C:\Users\har20\OneDrive\Desktop\project 1\code\quic-pqtls-bot-detection\capture\pcap_store\31ff8210-7303-4827-b6b3-ec869bdb9c05.pcap
482f8041-acac-4653-8c7f-c7a44660e03f,0b311a36-405a-4f94-a523-e44841af5d5e,human,1787061875.7577531,1787061905.4532967,C:\Users\har20\OneDrive\Desktop\project 1\code\quic-pqtls-bot-detection\capture\pcap_store\482f8041-acac-4653-8c7f-c7a44660e03f.pcap
acc738ea-847f-44b0-baf4-730369f8ecd8,0b311a36-405a-4f94-a523-e44841af5d5e,human,1787061906.4570668,1787061918.0226152,C:\Users\har20\OneDrive\Desktop\project 1\code\quic-pqtls-bot-detection\capture\pcap_store\acc738ea-847f-44b0-baf4-730369f8ecd8.pcap
80c89015-6dae-4a0a-9e46-58d82e86258f,c856895d-90d6-4926-97f6-c76d2bb56275,human,1787061919.1366372,1787061944.7405994,C:\Users\har20\OneDrive\Desktop\project 1\code\quic-pqtls-bot-detection\capture\pcap_store\80c89015-6dae-4a0a-9e46-58d82e86258f.pcap
a2a16c5c-12ad-4865-a684-51e90f304f57,c856895d-90d6-4926-97f6-c76d2bb56275,human,1787061945.849507,1787061979.5983148,C:\Users\har20\OneDrive\Desktop\project 1\code\quic-pqtls-bot-detection\capture\pcap_store\a2a16c5c-12ad-4865-a684-51e90f304f57.pcap
fc57d241-5131-4abe-b524-3fedbcacb2dc,c856895d-90d6-4926-97f6-c76d2bb56275,human,1787061980.7053967,1787062009.659324,C:\Users\har20\OneDrive\Desktop\project 1\code\quic-pqtls-bot-detection\capture\pcap_store\fc57d241-5131-4abe-b524-3fedbcacb2dc.pcap
1fc431eb-fefd-40e2-b9c4-fd5aafc4ff12,c856895d-90d6-4926-97f6-c76d2bb56275,human,1787062010.8547087,1787062035.327035,C:\Users\har20\OneDrive\Desktop\project 1\code\quic-pqtls-bot-detection\capture\pcap_store\1fc431eb-fefd-40e2-b9c4-fd5aafc4ff12.pcap
6c7b630f-2fdb-4864-b36a-c085ee6bfb81,c856895d-90d6-4926-97f6-c76d2bb56275,human,1787062036.4333904,1787062049.391249,C:\Users\har20\OneDrive\Desktop\project 1\code\quic-pqtls-bot-detection\capture\pcap_store\6c7b630f-2fdb-4864-b36a-c085ee6bfb81.pcap
93d89779-5a33-4fda-964b-b0288120ecb2,958838eb-16cf-4f25-9bf2-c12edebcecbc,human,1787062050.453205,1787062086.7995925,C:\Users\har20\OneDrive\Desktop\project 1\code\quic-pqtls-bot-detection\capture\pcap_store\93d89779-5a33-4fda-964b-b0288120ecb2.pcap
e215dc6b-3349-47a1-ae0d-b79ee8696e7b,958838eb-16cf-4f25-9bf2-c12edebcecbc,human,1787062087.8036199,1787062123.4273582,C:\Users\har20\OneDrive\Desktop\project 1\code\quic-pqtls-bot-detection\capture\pcap_store\e215dc6b-3349-47a1-ae0d-b79ee8696e7b.pcap
b6414d5a-807d-4024-9cbe-a672709a8cd6,958838eb-16cf-4f25-9bf2-c12edebcecbc,human,1787062124.4231522,1787062150.3968499,C:\Users\har20\OneDrive\Desktop\project 1\code\quic-pqtls-bot-detection\capture\pcap_store\b6414d5a-807d-4024-9cbe-a672709a8cd6.pcap
7de4da31-97a5-4e96-9b37-463991d9ded9,958838eb-16cf-4f25-9bf2-c12edebcecbc,human,1787062151.5075326,1787062189.3191257,C:\Users\har20\OneDrive\Desktop\project 1\code\quic-pqtls-bot-detection\capture\pcap_store\7de4da31-97a5-4e96-9b37-463991d9ded9.pcap
fa4c8acb-b762-42bb-a35a-6cda113d137d,e8a6df60-9859-4c47-b8ca-5419434fbf89,human,1787062190.430741,1787062220.5738869,C:\Users\har20\OneDrive\Desktop\project 1\code\quic-pqtls-bot-detection\capture\pcap_store\fa4c8acb-b762-42bb-a35a-6cda113d137d.pcap
f2fb8ed4-2542-473a-ba53-2bc8ac003ca1,e8a6df60-9859-4c47-b8ca-5419434fbf89,human,1787062221.6116567,1787062257.7209084,C:\Users\har20\OneDrive\Desktop\project 1\code\quic-pqtls-bot-detection\capture\pcap_store\f2fb8ed4-2542-473a-ba53-2bc8ac003ca1.pcap
3e16d2d7-5fc9-4477-a5db-2b82fef697a3,e8a6df60-9859-4c47-b8ca-5419434fbf89,human,1787062258.93027,1787062270.5170162,C:\Users\har20\OneDrive\Desktop\project 1\code\quic-pqtls-bot-detection\capture\pcap_store\3e16d2d7-5fc9-4477-a5db-2b82fef697a3.pcap
9bd5b9ec-8db1-4102-bf47-64a68c930783,0255d7c2-e60a-486e-9982-7115425cc3ed,human,1787062271.7047038,1787062301.508132,C:\Users\har20\OneDrive\Desktop\project 1\code\quic-pqtls-bot-detection\capture\pcap_store\9bd5b9ec-8db1-4102-bf47-64a68c930783.pcap
5a0f995e-bc85-4438-9a51-cbfb74137e16,0255d7c2-e60a-486e-9982-7115425cc3ed,human,1787062302.5363722,1787062312.1792362,C:\Users\har20\OneDrive\Desktop\project 1\code\quic-pqtls-bot-detection\capture\pcap_store\5a0f995e-bc85-4438-9a51-cbfb74137e16.pcap
bef9d094-be88-49c7-9132-17f14e16b8bb,0255d7c2-e60a-486e-9982-7115425cc3ed,human,1787062313.486177,1787062349.3390307,C:\Users\har20\OneDrive\Desktop\project 1\code\quic-pqtls-bot-detection\capture\pcap_store\bef9d094-be88-49c7-9132-17f14e16b8bb.pcap
0f4e36e2-1eed-4d9a-9b96-86ed97a203b3,0255d7c2-e60a-486e-9982-7115425cc3ed,human,1787062350.4282641,1787062379.9833987,C:\Users\har20\OneDrive\Desktop\project 1\code\quic-pqtls-bot-detection\capture\pcap_store\0f4e36e2-1eed-4d9a-9b96-86ed97a203b3.pcap
46c37821-ddcf-4fa9-8760-e52c20efa76d,0255d7c2-e60a-486e-9982-7115425cc3ed,human,1787062381.1193883,1787062405.7783365,C:\Users\har20\OneDrive\Desktop\project 1\code\quic-pqtls-bot-detection\capture\pcap_store\46c37821-ddcf-4fa9-8760-e52c20efa76d.pcap
a6116477-de2e-482e-9c24-7ef48b3e77d1,da8fa5ff-0be1-409f-ab03-2f581e44688d,human,1787062406.8911157,1787062434.0776565,C:\Users\har20\OneDrive\Desktop\project 1\code\quic-pqtls-bot-detection\capture\pcap_store\a6116477-de2e-482e-9c24-7ef48b3e77d1.pcap
38b23215-817e-4178-a015-8c387ead2eed,da8fa5ff-0be1-409f-ab03-2f581e44688d,human,1787062435.2415535,1787062468.1529298,C:\Users\har20\OneDrive\Desktop\project 1\code\quic-pqtls-bot-detection\capture\pcap_store\38b23215-817e-4178-a015-8c387ead2eed.pcap
fb36619f-d101-4504-809a-043bdb99d216,da8fa5ff-0be1-409f-ab03-2f581e44688d,human,1787062469.2711267,1787062509.5586321,C:\Users\har20\OneDrive\Desktop\project 1\code\quic-pqtls-bot-detection\capture\pcap_store\fb36619f-d101-4504-809a-043bdb99d216.pcap
df44795c-7fa2-4553-b903-2c2fc3636cca,20506de6-8ffa-4e65-b021-cd85e526fe87,human,1787062510.6615963,1787062537.0964184,C:\Users\har20\OneDrive\Desktop\project 1\code\quic-pqtls-bot-detection\capture\pcap_store\df44795c-7fa2-4553-b903-2c2fc3636cca.pcap
e2b136bb-2ffe-4ec5-b8dd-7b976c4596c7,20506de6-8ffa-4e65-b021-cd85e526fe87,human,1787062538.1571724,1787062575.685761,C:\Users\har20\OneDrive\Desktop\project 1\code\quic-pqtls-bot-detection\capture\pcap_store\e2b136bb-2ffe-4ec5-b8dd-7b976c4596c7.pcap
4b3ebbc4-ada8-4a7d-9e58-6a959e2e7416,20506de6-8ffa-4e65-b021-cd85e526fe87,human,1787062576.6904025,1787062602.3310204,C:\Users\har20\OneDrive\Desktop\project 1\code\quic-pqtls-bot-detection\capture\pcap_store\4b3ebbc4-ada8-4a7d-9e58-6a959e2e7416.pcap
32b97a2b-ef61-49b3-b5d2-4bd239c34646,9a3e64b1-4442-423a-87f3-5db7db3af04d,human,1787062603.3140264,1787062620.1944246,C:\Users\har20\OneDrive\Desktop\project 1\code\quic-pqtls-bot-detection\capture\pcap_store\32b97a2b-ef61-49b3-b5d2-4bd239c34646.pcap
e1d93b5b-a85a-4cf0-974e-8547627350ec,9a3e64b1-4442-423a-87f3-5db7db3af04d,human,1787062621.2755685,1787062657.93987,C:\Users\har20\OneDrive\Desktop\project 1\code\quic-pqtls-bot-detection\capture\pcap_store\e1d93b5b-a85a-4cf0-974e-8547627350ec.pcap
79e78aa8-e904-4b98-867b-f7c1f081ebfa,9a3e64b1-4442-423a-87f3-5db7db3af04d,human,1787062659.052962,1787062695.9923222,C:\Users\har20\OneDrive\Desktop\project 1\code\quic-pqtls-bot-detection\capture\pcap_store\79e78aa8-e904-4b98-867b-f7c1f081ebfa.pcap
2e4c6e84-93df-4826-bc0b-54e6691c02bb,9a3e64b1-4442-423a-87f3-5db7db3af04d,human,1787062697.0941248,1787062734.097181,C:\Users\har20\OneDrive\Desktop\project 1\code\quic-pqtls-bot-detection\capture\pcap_store\2e4c6e84-93df-4826-bc0b-54e6691c02bb.pcap
7aee4b9c-da32-4aea-80c3-6031a8e178f3,9a3e64b1-4442-423a-87f3-5db7db3af04d,human,1787062735.3235843,1787062746.0048146,C:\Users\har20\OneDrive\Desktop\project 1\code\quic-pqtls-bot-detection\capture\pcap_store\7aee4b9c-da32-4aea-80c3-6031a8e178f3.pcap
2336a3fa-4843-4748-9063-449c5fb9d102,0d48eb47-267a-4e20-86cc-e5ac86db6355,human,1787062747.0352511,1787062776.438877,C:\Users\har20\OneDrive\Desktop\project 1\code\quic-pqtls-bot-detection\capture\pcap_store\2336a3fa-4843-4748-9063-449c5fb9d102.pcap
e097e545-86d0-435c-b8eb-6da67850af9c,0d48eb47-267a-4e20-86cc-e5ac86db6355,human,1787062777.5400264,1787062816.9278884,C:\Users\har20\OneDrive\Desktop\project 1\code\quic-pqtls-bot-detection\capture\pcap_store\e097e545-86d0-435c-b8eb-6da67850af9c.pcap
9ef33619-688d-48f9-9484-6c10636e8e72,0d48eb47-267a-4e20-86cc-e5ac86db6355,human,1787062818.0446332,1787062851.828455,C:\Users\har20\OneDrive\Desktop\project 1\code\quic-pqtls-bot-detection\capture\pcap_store\9ef33619-688d-48f9-9484-6c10636e8e72.pcap
6a54be34-167b-4a19-9d28-c0f394c5e198,0d48eb47-267a-4e20-86cc-e5ac86db6355,human,1787062852.9226048,1787062890.6819892,C:\Users\har20\OneDrive\Desktop\project 1\code\quic-pqtls-bot-detection\capture\pcap_store\6a54be34-167b-4a19-9d28-c0f394c5e198.pcap
180600db-85f7-4072-9580-7faf7520e2c1,0d48eb47-267a-4e20-86cc-e5ac86db6355,human,1787062891.7324607,1787062915.403871,C:\Users\har20\OneDrive\Desktop\project 1\code\quic-pqtls-bot-detection\capture\pcap_store\180600db-85f7-4072-9580-7faf7520e2c1.pcap
44bc8f8a-531b-483d-af66-fcb253f4098c,b9e3d303-8acf-4a44-8a89-233c257e1f29,human,1787062916.5063927,1787062952.103859,C:\Users\har20\OneDrive\Desktop\project 1\code\quic-pqtls-bot-detection\capture\pcap_store\44bc8f8a-531b-483d-af66-fcb253f4098c.pcap
028af735-7ec6-4a5a-bc8c-b5cc8c4ba6a6,b9e3d303-8acf-4a44-8a89-233c257e1f29,human,1787062953.098592,1787062981.048181,C:\Users\har20\OneDrive\Desktop\project 1\code\quic-pqtls-bot-detection\capture\pcap_store\028af735-7ec6-4a5a-bc8c-b5cc8c4ba6a6.pcap
bd7b5dea-72af-41bf-b6bd-bfa38e02d1cf,b9e3d303-8acf-4a44-8a89-233c257e1f29,human,1787062982.042865,1787063022.1813848,C:\Users\har20\OneDrive\Desktop\project 1\code\quic-pqtls-bot-detection\capture\pcap_store\bd7b5dea-72af-41bf-b6bd-bfa38e02d1cf.pcap
e14a7f34-bf74-42b3-8bb6-fc3a433e55d6,b9e3d303-8acf-4a44-8a89-233c257e1f29,human,1787063023.1756124,1787063046.2074778,C:\Users\har20\OneDrive\Desktop\project 1\code\quic-pqtls-bot-detection\capture\pcap_store\e14a7f34-bf74-42b3-8bb6-fc3a433e55d6.pcap
1e992a77-06a8-4c2a-8ef4-c7fbdab689db,52fe4194-2832-4270-8565-1035c3608f07,human,1787063047.1756752,1787063080.677291,C:\Users\har20\OneDrive\Desktop\project 1\code\quic-pqtls-bot-detection\capture\pcap_store\1e992a77-06a8-4c2a-8ef4-c7fbdab689db.pcap
4019cc0a-6918-4c84-a568-59dd97780a98,52fe4194-2832-4270-8565-1035c3608f07,human,1787063081.7749956,1787063098.320781,C:\Users\har20\OneDrive\Desktop\project 1\code\quic-pqtls-bot-detection\capture\pcap_store\4019cc0a-6918-4c84-a568-59dd97780a98.pcap
ed3789d3-f28b-4f7d-9065-a0ed25e51c09,52fe4194-2832-4270-8565-1035c3608f07,human,1787063099.4843407,1787063136.3752503,C:\Users\har20\OneDrive\Desktop\project 1\code\quic-pqtls-bot-detection\capture\pcap_store\ed3789d3-f28b-4f7d-9065-a0ed25e51c09.pcap
7d99732e-27bf-41fb-acd4-55c908858118,52fe4194-2832-4270-8565-1035c3608f07,human,1787063137.4922998,1787063162.773501,C:\Users\har20\OneDrive\Desktop\project 1\code\quic-pqtls-bot-detection\capture\pcap_store\7d99732e-27bf-41fb-acd4-55c908858118.pcap
70c5d7cf-5f36-4d70-8c3f-54da063e17ff,1f9528c0-97bd-4900-aa76-32fbc04c1119,human,1787063163.8781652,1787063205.376228,C:\Users\har20\OneDrive\Desktop\project 1\code\quic-pqtls-bot-detection\capture\pcap_store\70c5d7cf-5f36-4d70-8c3f-54da063e17ff.pcap
18caa301-ae17-4c38-af48-ba9db717b25b,1f9528c0-97bd-4900-aa76-32fbc04c1119,human,1787063206.4915977,1787063220.0355916,C:\Users\har20\OneDrive\Desktop\project 1\code\quic-pqtls-bot-detection\capture\pcap_store\18caa301-ae17-4c38-af48-ba9db717b25b.pcap
a6cc5b36-3b53-48eb-aa47-b409465a4d3f,1f9528c0-97bd-4900-aa76-32fbc04c1119,human,1787063221.1332443,1787063247.9534378,C:\Users\har20\OneDrive\Desktop\project 1\code\quic-pqtls-bot-detection\capture\pcap_store\a6cc5b36-3b53-48eb-aa47-b409465a4d3f.pcap
45a2891c-3a40-452e-9c88-fc273409fc86,1f9528c0-97bd-4900-aa76-32fbc04c1119,human,1787063248.9323926,1787063261.5904207,C:\Users\har20\OneDrive\Desktop\project 1\code\quic-pqtls-bot-detection\capture\pcap_store\45a2891c-3a40-452e-9c88-fc273409fc86.pcap
ef831b81-3fbd-4ee2-b732-9184f8ed7c50,540a6a3f-4979-4a69-a209-3b040f42ebc3,human,1787063262.7018158,1787063297.960685,C:\Users\har20\OneDrive\Desktop\project 1\code\quic-pqtls-bot-detection\capture\pcap_store\ef831b81-3fbd-4ee2-b732-9184f8ed7c50.pcap
b6062e0f-b988-4780-9cbc-65cf3f7534e2,540a6a3f-4979-4a69-a209-3b040f42ebc3,human,1787063299.0739634,1787063326.439952,C:\Users\har20\OneDrive\Desktop\project 1\code\quic-pqtls-bot-detection\capture\pcap_store\b6062e0f-b988-4780-9cbc-65cf3f7534e2.pcap
12706bb5-1115-4500-829e-238c404d7132,540a6a3f-4979-4a69-a209-3b040f42ebc3,human,1787063327.561906,1787063341.7363634,C:\Users\har20\OneDrive\Desktop\project 1\code\quic-pqtls-bot-detection\capture\pcap_store\12706bb5-1115-4500-829e-238c404d7132.pcap
700d5c41-b444-4f2c-b70d-64fea26fcaad,540a6a3f-4979-4a69-a209-3b040f42ebc3,human,1787063342.842619,1787063384.6669827,C:\Users\har20\OneDrive\Desktop\project 1\code\quic-pqtls-bot-detection\capture\pcap_store\700d5c41-b444-4f2c-b70d-64fea26fcaad.pcap
416c5ae0-fd7b-4347-968a-60d7a088963e,540a6a3f-4979-4a69-a209-3b040f42ebc3,human,1787063385.7671552,1787063407.595417,C:\Users\har20\OneDrive\Desktop\project 1\code\quic-pqtls-bot-detection\capture\pcap_store\416c5ae0-fd7b-4347-968a-60d7a088963e.pcap
7c1deadf-66d0-460e-9ad5-de2abafcf69b,0d37a198-1d4b-4bb4-9421-e856a68bfe51,human,1787063409.252825,1787063452.2539911,C:\Users\har20\OneDrive\Desktop\project 1\code\quic-pqtls-bot-detection\capture\pcap_store\7c1deadf-66d0-460e-9ad5-de2abafcf69b.pcap
17d57d62-a359-4455-bea3-5164f65528de,0d37a198-1d4b-4bb4-9421-e856a68bfe51,human,1787063453.2418017,1787063486.7642744,C:\Users\har20\OneDrive\Desktop\project 1\code\quic-pqtls-bot-detection\capture\pcap_store\17d57d62-a359-4455-bea3-5164f65528de.pcap
3816be15-9493-45a1-8860-8573972cda54,0d37a198-1d4b-4bb4-9421-e856a68bfe51,human,1787063487.8814378,1787063522.1869693,C:\Users\har20\OneDrive\Desktop\project 1\code\quic-pqtls-bot-detection\capture\pcap_store\3816be15-9493-45a1-8860-8573972cda54.pcap
c1cb8851-3de9-43d6-982b-902e58cc5737,0d37a198-1d4b-4bb4-9421-e856a68bfe51,human,1787063523.187677,1787063540.1206193,C:\Users\har20\OneDrive\Desktop\project 1\code\quic-pqtls-bot-detection\capture\pcap_store\c1cb8851-3de9-43d6-982b-902e58cc5737.pcap
527c2aed-b12d-4d47-a47c-414c8f443d59,0d37a198-1d4b-4bb4-9421-e856a68bfe51,human,1787063541.2348876,1787063560.404431,C:\Users\har20\OneDrive\Desktop\project 1\code\quic-pqtls-bot-detection\capture\pcap_store\527c2aed-b12d-4d47-a47c-414c8f443d59.pcap
279d2ead-62b9-4b1c-b071-081be7bf2c8b,67da9dc5-cdc1-47ef-b01d-ed557bcdc5e8,human,1787063561.4067366,1787063580.7328892,C:\Users\har20\OneDrive\Desktop\project 1\code\quic-pqtls-bot-detection\capture\pcap_store\279d2ead-62b9-4b1c-b071-081be7bf2c8b.pcap
f11709a7-118a-4e1e-86dc-c681a2e108d1,67da9dc5-cdc1-47ef-b01d-ed557bcdc5e8,human,1787063581.7419639,1787063608.05267,C:\Users\har20\OneDrive\Desktop\project 1\code\quic-pqtls-bot-detection\capture\pcap_store\f11709a7-118a-4e1e-86dc-c681a2e108d1.pcap
b6e33c32-0a72-4000-8c10-e01421364dc2,67da9dc5-cdc1-47ef-b01d-ed557bcdc5e8,human,1787063609.1591876,1787063631.3897007,C:\Users\har20\OneDrive\Desktop\project 1\code\quic-pqtls-bot-detection\capture\pcap_store\b6e33c32-0a72-4000-8c10-e01421364dc2.pcap
0b07c4d4-e9b9-457f-b162-faeb8c0023c8,67da9dc5-cdc1-47ef-b01d-ed557bcdc5e8,human,1787063632.495377,1787063658.860921,C:\Users\har20\OneDrive\Desktop\project 1\code\quic-pqtls-bot-detection\capture\pcap_store\0b07c4d4-e9b9-457f-b162-faeb8c0023c8.pcap
20d3784a-adde-4b2d-87cb-1bb4c4307f3c,67da9dc5-cdc1-47ef-b01d-ed557bcdc5e8,human,1787063659.9451056,1787063694.9647799,C:\Users\har20\OneDrive\Desktop\project 1\code\quic-pqtls-bot-detection\capture\pcap_store\20d3784a-adde-4b2d-87cb-1bb4c4307f3c.pcap
bf5d53ad-540c-4363-b65f-664fda474943,86196996-ad41-4e24-9a10-d5584ebb33d8,human,1787063695.956269,1787063730.4047039,C:\Users\har20\OneDrive\Desktop\project 1\code\quic-pqtls-bot-detection\capture\pcap_store\bf5d53ad-540c-4363-b65f-664fda474943.pcap
bfb47014-c85e-4bbd-997f-055eb3b9a7d0,86196996-ad41-4e24-9a10-d5584ebb33d8,human,1787063731.5186229,1787063753.111027,C:\Users\har20\OneDrive\Desktop\project 1\code\quic-pqtls-bot-detection\capture\pcap_store\bfb47014-c85e-4bbd-997f-055eb3b9a7d0.pcap
c4ec6fbf-3044-434a-90a0-f436e4ea4254,86196996-ad41-4e24-9a10-d5584ebb33d8,human,1787063754.527908,1787063768.1532838,C:\Users\har20\OneDrive\Desktop\project 1\code\quic-pqtls-bot-detection\capture\pcap_store\c4ec6fbf-3044-434a-90a0-f436e4ea4254.pcap
60b24e5f-8556-474c-8c2a-4fb54b3941cb,86196996-ad41-4e24-9a10-d5584ebb33d8,human,1787063769.1579692,1787063802.0500343,C:\Users\har20\OneDrive\Desktop\project 1\code\quic-pqtls-bot-detection\capture\pcap_store\60b24e5f-8556-474c-8c2a-4fb54b3941cb.pcap
c917d1f1-9c57-4149-b5b0-b4ab3d27327c,b3726bb5-952c-4b3f-b2e5-5292bd9cdfd5,human,1787063803.1559765,1787063835.8240666,C:\Users\har20\OneDrive\Desktop\project 1\code\quic-pqtls-bot-detection\capture\pcap_store\c917d1f1-9c57-4149-b5b0-b4ab3d27327c.pcap
62fa3f80-78e9-49af-981a-475537d6e25c,b3726bb5-952c-4b3f-b2e5-5292bd9cdfd5,human,1787063836.9890208,1787063851.9964209,C:\Users\har20\OneDrive\Desktop\project 1\code\quic-pqtls-bot-detection\capture\pcap_store\62fa3f80-78e9-49af-981a-475537d6e25c.pcap
e7f53a56-040b-4853-86fc-31a3e5c9fdd9,b3726bb5-952c-4b3f-b2e5-5292bd9cdfd5,human,1787063853.045862,1787063874.2418194,C:\Users\har20\OneDrive\Desktop\project 1\code\quic-pqtls-bot-detection\capture\pcap_store\e7f53a56-040b-4853-86fc-31a3e5c9fdd9.pcap
8bb7f412-5a9f-4c88-9e10-72761e93da1a,ada50a83-6224-4799-96be-6ebd3b0a14a0,human,1787063875.2577474,1787063904.3050897,C:\Users\har20\OneDrive\Desktop\project 1\code\quic-pqtls-bot-detection\capture\pcap_store\8bb7f412-5a9f-4c88-9e10-72761e93da1a.pcap
08a28fcd-478a-4011-aba4-c084165c8c9b,ada50a83-6224-4799-96be-6ebd3b0a14a0,human,1787063905.464385,1787063939.3842854,C:\Users\har20\OneDrive\Desktop\project 1\code\quic-pqtls-bot-detection\capture\pcap_store\08a28fcd-478a-4011-aba4-c084165c8c9b.pcap
fb15c1ed-9fb3-4dd8-a95d-f66d0d099f5d,ada50a83-6224-4799-96be-6ebd3b0a14a0,human,1787063940.3841681,1787063960.2126083,C:\Users\har20\OneDrive\Desktop\project 1\code\quic-pqtls-bot-detection\capture\pcap_store\fb15c1ed-9fb3-4dd8-a95d-f66d0d099f5d.pcap
fe564b9b-2d8f-4b83-8d4e-ebe6c5ea8e7b,ada50a83-6224-4799-96be-6ebd3b0a14a0,human,1787063961.2762568,1787063985.1067152,C:\Users\har20\OneDrive\Desktop\project 1\code\quic-pqtls-bot-detection\capture\pcap_store\fe564b9b-2d8f-4b83-8d4e-ebe6c5ea8e7b.pcap
db6a5d48-2845-4dda-afb1-5788a20bdf9b,95799bd6-eef4-488c-8ee7-c58492ab1396,human,1787063986.2400134,1787064016.9887104,C:\Users\har20\OneDrive\Desktop\project 1\code\quic-pqtls-bot-detection\capture\pcap_store\db6a5d48-2845-4dda-afb1-5788a20bdf9b.pcap
f59c230e-bca9-42e0-81ab-f4869e5a8848,95799bd6-eef4-488c-8ee7-c58492ab1396,human,1787064018.0855625,1787064043.1599789,C:\Users\har20\OneDrive\Desktop\project 1\code\quic-pqtls-bot-detection\capture\pcap_store\f59c230e-bca9-42e0-81ab-f4869e5a8848.pcap
19fabd8b-0d62-4664-9c85-ac130fbccf8d,95799bd6-eef4-488c-8ee7-c58492ab1396,human,1787064044.300763,1787064053.2922578,C:\Users\har20\OneDrive\Desktop\project 1\code\quic-pqtls-bot-detection\capture\pcap_store\19fabd8b-0d62-4664-9c85-ac130fbccf8d.pcap
f04f2af2-8f05-4779-8db8-563046561ef3,95799bd6-eef4-488c-8ee7-c58492ab1396,human,1787064054.4137623,1787064084.5617394,C:\Users\har20\OneDrive\Desktop\project 1\code\quic-pqtls-bot-detection\capture\pcap_store\f04f2af2-8f05-4779-8db8-563046561ef3.pcap
32c1c39c-69bd-45c3-83a9-faf26226f4ee,95799bd6-eef4-488c-8ee7-c58492ab1396,human,1787064085.698678,1787064102.1805623,C:\Users\har20\OneDrive\Desktop\project 1\code\quic-pqtls-bot-detection\capture\pcap_store\32c1c39c-69bd-45c3-83a9-faf26226f4ee.pcap
f92ad417-118f-4040-912d-bccbb61653d5,95f9857c-473a-4548-af6f-63ea028e4802,human,1787064103.3007731,1787064114.060679,C:\Users\har20\OneDrive\Desktop\project 1\code\quic-pqtls-bot-detection\capture\pcap_store\f92ad417-118f-4040-912d-bccbb61653d5.pcap
abf5855c-8c7f-4768-991b-2faf2a0397f8,95f9857c-473a-4548-af6f-63ea028e4802,human,1787064115.166428,1787064142.6513119,C:\Users\har20\OneDrive\Desktop\project 1\code\quic-pqtls-bot-detection\capture\pcap_store\abf5855c-8c7f-4768-991b-2faf2a0397f8.pcap
2b9860b4-435d-4815-98a1-9bad1e9c1aa1,95f9857c-473a-4548-af6f-63ea028e4802,human,1787064143.7739203,1787064163.4406881,C:\Users\har20\OneDrive\Desktop\project 1\code\quic-pqtls-bot-detection\capture\pcap_store\2b9860b4-435d-4815-98a1-9bad1e9c1aa1.pcap
e89b193a-3440-4fab-90e7-80f1ef02e8bd,95f9857c-473a-4548-af6f-63ea028e4802,human,1787064164.5509179,1787064187.8493292,C:\Users\har20\OneDrive\Desktop\project 1\code\quic-pqtls-bot-detection\capture\pcap_store\e89b193a-3440-4fab-90e7-80f1ef02e8bd.pcap
b5679e08-6b08-4467-aa29-13566b856075,95f9857c-473a-4548-af6f-63ea028e4802,human,1787064189.038514,1787064200.5950882,C:\Users\har20\OneDrive\Desktop\project 1\code\quic-pqtls-bot-detection\capture\pcap_store\b5679e08-6b08-4467-aa29-13566b856075.pcap
1d47b6a9-d2f2-4787-9c05-9f98c17b19e5,5d2e0f42-1d5b-41cb-9e2a-59ed74ba407e,human,1787064202.552645,1787064224.1936395,C:\Users\har20\OneDrive\Desktop\project 1\code\quic-pqtls-bot-detection\capture\pcap_store\1d47b6a9-d2f2-4787-9c05-9f98c17b19e5.pcap
dfb76390-e741-410f-96fe-3e2053a727ab,5d2e0f42-1d5b-41cb-9e2a-59ed74ba407e,human,1787064225.1879008,1787064257.6259527,C:\Users\har20\OneDrive\Desktop\project 1\code\quic-pqtls-bot-detection\capture\pcap_store\dfb76390-e741-410f-96fe-3e2053a727ab.pcap
c2822dd2-e340-4b80-a62b-60bdbedf4166,5d2e0f42-1d5b-41cb-9e2a-59ed74ba407e,human,1787064258.7890215,1787064284.5937593,C:\Users\har20\OneDrive\Desktop\project 1\code\quic-pqtls-bot-detection\capture\pcap_store\c2822dd2-e340-4b80-a62b-60bdbedf4166.pcap
e9b7abaa-f605-43c2-8d17-948a3fec74cd,5d2e0f42-1d5b-41cb-9e2a-59ed74ba407e,human,1787064285.698445,1787064316.617528,C:\Users\har20\OneDrive\Desktop\project 1\code\quic-pqtls-bot-detection\capture\pcap_store\e9b7abaa-f605-43c2-8d17-948a3fec74cd.pcap
216062f2-88ab-4b14-9fe0-998c44366698,f4bff2d5-d1cc-469f-af40-2c9278ce2756,human,1787064317.7532752,1787064337.427549,C:\Users\har20\OneDrive\Desktop\project 1\code\quic-pqtls-bot-detection\capture\pcap_store\216062f2-88ab-4b14-9fe0-998c44366698.pcap
4771b84a-d0c1-490c-9c84-567a7e088c92,f4bff2d5-d1cc-469f-af40-2c9278ce2756,human,1787064338.4373775,1787064361.4072998,C:\Users\har20\OneDrive\Desktop\project 1\code\quic-pqtls-bot-detection\capture\pcap_store\4771b84a-d0c1-490c-9c84-567a7e088c92.pcap
4156f46e-f2b3-4939-9e52-82923efc6d39,f4bff2d5-d1cc-469f-af40-2c9278ce2756,human,1787064362.5358183,1787064390.755668,C:\Users\har20\OneDrive\Desktop\project 1\code\quic-pqtls-bot-detection\capture\pcap_store\4156f46e-f2b3-4939-9e52-82923efc6d39.pcap
43a05e34-454e-4cd5-9ea8-4aa0cc018898,f4bff2d5-d1cc-469f-af40-2c9278ce2756,human,1787064391.8747346,1787064401.6499853,C:\Users\har20\OneDrive\Desktop\project 1\code\quic-pqtls-bot-detection\capture\pcap_store\43a05e34-454e-4cd5-9ea8-4aa0cc018898.pcap
ea68226d-4e91-42ba-9767-a6c244a1050e,805dae0d-43b2-46dd-8dba-41d3fa21b176,human,1787064402.919454,1787064422.481877,C:\Users\har20\OneDrive\Desktop\project 1\code\quic-pqtls-bot-detection\capture\pcap_store\ea68226d-4e91-42ba-9767-a6c244a1050e.pcap
884e2bfa-f058-4be6-990d-da85e6539a6d,805dae0d-43b2-46dd-8dba-41d3fa21b176,human,1787064423.476325,1787064451.9701557,C:\Users\har20\OneDrive\Desktop\project 1\code\quic-pqtls-bot-detection\capture\pcap_store\884e2bfa-f058-4be6-990d-da85e6539a6d.pcap
fe6a316a-c9a3-4629-862b-1ecb7707a9c3,805dae0d-43b2-46dd-8dba-41d3fa21b176,human,1787064453.0109942,1787064464.744439,C:\Users\har20\OneDrive\Desktop\project 1\code\quic-pqtls-bot-detection\capture\pcap_store\fe6a316a-c9a3-4629-862b-1ecb7707a9c3.pcap
2c516cda-51fb-46a0-97e6-6fa76c096aad,805dae0d-43b2-46dd-8dba-41d3fa21b176,human,1787064465.7840178,1787064502.8618622,C:\Users\har20\OneDrive\Desktop\project 1\code\quic-pqtls-bot-detection\capture\pcap_store\2c516cda-51fb-46a0-97e6-6fa76c096aad.pcap
5d806ccc-ebce-4e83-aa15-a9e7b7dd5573,ae6e1521-5a5b-4a7a-a69f-482e8bbb034c,human,1787064504.280325,1787064530.3319333,C:\Users\har20\OneDrive\Desktop\project 1\code\quic-pqtls-bot-detection\capture\pcap_store\5d806ccc-ebce-4e83-aa15-a9e7b7dd5573.pcap
48720ab7-ecc4-4a6c-9b9c-385101e7276b,ae6e1521-5a5b-4a7a-a69f-482e8bbb034c,human,1787064531.4704819,1787064560.3310926,C:\Users\har20\OneDrive\Desktop\project 1\code\quic-pqtls-bot-detection\capture\pcap_store\48720ab7-ecc4-4a6c-9b9c-385101e7276b.pcap
2f46db17-9929-4563-b821-a5e86d9e9cc1,ae6e1521-5a5b-4a7a-a69f-482e8bbb034c,human,1787064561.4310317,1787064589.3271594,C:\Users\har20\OneDrive\Desktop\project 1\code\quic-pqtls-bot-detection\capture\pcap_store\2f46db17-9929-4563-b821-a5e86d9e9cc1.pcap
d6edfd8a-4dd3-4068-8a2e-c078b162f596,ae6e1521-5a5b-4a7a-a69f-482e8bbb034c,human,1787064590.3506484,1787064618.6337655,C:\Users\har20\OneDrive\Desktop\project 1\code\quic-pqtls-bot-detection\capture\pcap_store\d6edfd8a-4dd3-4068-8a2e-c078b162f596.pcap
8a215da0-a038-4bb5-9cc8-2289bd1316ab,374e6e48-89d7-4d92-885f-ed2441b92792,human,1787064619.7451217,1787064634.2944608,C:\Users\har20\OneDrive\Desktop\project 1\code\quic-pqtls-bot-detection\capture\pcap_store\8a215da0-a038-4bb5-9cc8-2289bd1316ab.pcap
80ed013b-df81-4191-bc66-77bcbe01b6f8,374e6e48-89d7-4d92-885f-ed2441b92792,human,1787064635.3418868,1787064649.3309846,C:\Users\har20\OneDrive\Desktop\project 1\code\quic-pqtls-bot-detection\capture\pcap_store\80ed013b-df81-4191-bc66-77bcbe01b6f8.pcap
fda7dab7-8577-4efd-8943-fe5ce6b7b4e2,374e6e48-89d7-4d92-885f-ed2441b92792,human,1787064650.4370039,1787064681.414375,C:\Users\har20\OneDrive\Desktop\project 1\code\quic-pqtls-bot-detection\capture\pcap_store\fda7dab7-8577-4efd-8943-fe5ce6b7b4e2.pcap
c8dc929d-bbc1-4557-88f3-7d29ddc2f333,374e6e48-89d7-4d92-885f-ed2441b92792,human,1787064682.409228,1787064721.2609715,C:\Users\har20\OneDrive\Desktop\project 1\code\quic-pqtls-bot-detection\capture\pcap_store\c8dc929d-bbc1-4557-88f3-7d29ddc2f333.pcap
c663f1be-9d6c-4075-9e12-3f78a91398bf,b0409a40-8203-4149-b0f1-65d81f6268b9,human,1787064722.42625,1787064741.9251342,C:\Users\har20\OneDrive\Desktop\project 1\code\quic-pqtls-bot-detection\capture\pcap_store\c663f1be-9d6c-4075-9e12-3f78a91398bf.pcap
1330d5bb-ee9f-46f0-96b6-fa85917a3ba2,b0409a40-8203-4149-b0f1-65d81f6268b9,human,1787064742.9519157,1787064772.470674,C:\Users\har20\OneDrive\Desktop\project 1\code\quic-pqtls-bot-detection\capture\pcap_store\1330d5bb-ee9f-46f0-96b6-fa85917a3ba2.pcap
9ca2956a-6ce1-49ec-bc4b-1721dff63c8b,b0409a40-8203-4149-b0f1-65d81f6268b9,human,1787064773.4636407,1787064811.9939494,C:\Users\har20\OneDrive\Desktop\project 1\code\quic-pqtls-bot-detection\capture\pcap_store\9ca2956a-6ce1-49ec-bc4b-1721dff63c8b.pcap
6352e0c9-497e-48b8-b7db-b738e6a0f980,b0409a40-8203-4149-b0f1-65d81f6268b9,human,1787064813.1539595,1787064848.0634964,C:\Users\har20\OneDrive\Desktop\project 1\code\quic-pqtls-bot-detection\capture\pcap_store\6352e0c9-497e-48b8-b7db-b738e6a0f980.pcap
4a78dfc3-af94-442b-a567-52703839adc5,2d5501ef-c8c7-4dca-a0df-832c1c16c6d7,human,1787064849.1640775,1787064889.6455522,C:\Users\har20\OneDrive\Desktop\project 1\code\quic-pqtls-bot-detection\capture\pcap_store\4a78dfc3-af94-442b-a567-52703839adc5.pcap
a356564e-bb08-4f24-b671-59548b55ee8e,2d5501ef-c8c7-4dca-a0df-832c1c16c6d7,human,1787064890.6432161,1787064914.926236,C:\Users\har20\OneDrive\Desktop\project 1\code\quic-pqtls-bot-detection\capture\pcap_store\a356564e-bb08-4f24-b671-59548b55ee8e.pcap
7d0a5758-dfdf-4ed4-a411-8ee6af4d5787,2d5501ef-c8c7-4dca-a0df-832c1c16c6d7,human,1787064916.3751023,1787064933.4392333,C:\Users\har20\OneDrive\Desktop\project 1\code\quic-pqtls-bot-detection\capture\pcap_store\7d0a5758-dfdf-4ed4-a411-8ee6af4d5787.pcap
1ee8b004-b0bc-42d0-a6d4-04da5ef39274,2d5501ef-c8c7-4dca-a0df-832c1c16c6d7,human,1787064934.8556366,1787064957.1579833,C:\Users\har20\OneDrive\Desktop\project 1\code\quic-pqtls-bot-detection\capture\pcap_store\1ee8b004-b0bc-42d0-a6d4-04da5ef39274.pcap
48046df3-fac0-4757-b37e-9f62617a2fa7,d77fb2a1-954d-402f-9ccb-16af0348b150,human,1787064958.266401,1787064980.040057,C:\Users\har20\OneDrive\Desktop\project 1\code\quic-pqtls-bot-detection\capture\pcap_store\48046df3-fac0-4757-b37e-9f62617a2fa7.pcap
1418d74c-c54c-4985-a806-a2f28432851f,d77fb2a1-954d-402f-9ccb-16af0348b150,human,1787064981.0530849,1787065003.5720305,C:\Users\har20\OneDrive\Desktop\project 1\code\quic-pqtls-bot-detection\capture\pcap_store\1418d74c-c54c-4985-a806-a2f28432851f.pcap
d0c54b43-cf5a-46ae-a969-ab1f45d55810,d77fb2a1-954d-402f-9ccb-16af0348b150,human,1787065004.6355407,1787065025.9065034,C:\Users\har20\OneDrive\Desktop\project 1\code\quic-pqtls-bot-detection\capture\pcap_store\d0c54b43-cf5a-46ae-a969-ab1f45d55810.pcap
93c80ba1-a0c2-40d2-bc34-ff29ce29c0cf,d77fb2a1-954d-402f-9ccb-16af0348b150,human,1787065027.0063396,1787065066.920579,C:\Users\har20\OneDrive\Desktop\project 1\code\quic-pqtls-bot-detection\capture\pcap_store\93c80ba1-a0c2-40d2-bc34-ff29ce29c0cf.pcap
0db9a96c-bcc3-4156-be27-1b543ae2ff3f,178861e7-5168-4459-bcad-963c0130ca91,human,1787065068.0103776,1787065090.166685,C:\Users\har20\OneDrive\Desktop\project 1\code\quic-pqtls-bot-detection\capture\pcap_store\0db9a96c-bcc3-4156-be27-1b543ae2ff3f.pcap
fe09d6cd-30d7-4f4d-8184-a4ca25373461,178861e7-5168-4459-bcad-963c0130ca91,human,1787065091.15572,1787065116.4842105,C:\Users\har20\OneDrive\Desktop\project 1\code\quic-pqtls-bot-detection\capture\pcap_store\fe09d6cd-30d7-4f4d-8184-a4ca25373461.pcap
279b175e-b9e9-419b-be05-a638856f040a,178861e7-5168-4459-bcad-963c0130ca91,human,1787065117.5838563,1787065142.799236,C:\Users\har20\OneDrive\Desktop\project 1\code\quic-pqtls-bot-detection\capture\pcap_store\279b175e-b9e9-419b-be05-a638856f040a.pcap
d9af4dab-eac3-49ee-a361-cbbb70938a6b,178861e7-5168-4459-bcad-963c0130ca91,human,1787065143.894897,1787065157.5001907,C:\Users\har20\OneDrive\Desktop\project 1\code\quic-pqtls-bot-detection\capture\pcap_store\d9af4dab-eac3-49ee-a361-cbbb70938a6b.pcap
7b266a1d-9099-4ffb-b918-eaa3b23c2d89,178861e7-5168-4459-bcad-963c0130ca91,human,1787065158.605514,1787065195.386786,C:\Users\har20\OneDrive\Desktop\project 1\code\quic-pqtls-bot-detection\capture\pcap_store\7b266a1d-9099-4ffb-b918-eaa3b23c2d89.pcap
45ed62d1-e550-4713-991c-54d0cef152a3,e2f25ce0-4bfd-4b57-b2ff-7bd321efd59b,human,1787065196.484732,1787065211.467917,C:\Users\har20\OneDrive\Desktop\project 1\code\quic-pqtls-bot-detection\capture\pcap_store\45ed62d1-e550-4713-991c-54d0cef152a3.pcap
3ab170ae-122b-4b10-92b3-31b47fdf4f5b,e2f25ce0-4bfd-4b57-b2ff-7bd321efd59b,human,1787065212.5074108,1787065247.421307,C:\Users\har20\OneDrive\Desktop\project 1\code\quic-pqtls-bot-detection\capture\pcap_store\3ab170ae-122b-4b10-92b3-31b47fdf4f5b.pcap
e9fd043f-5bfb-437e-bd36-edbcd28073ab,e2f25ce0-4bfd-4b57-b2ff-7bd321efd59b,human,1787065248.5201983,1787065281.3334694,C:\Users\har20\OneDrive\Desktop\project 1\code\quic-pqtls-bot-detection\capture\pcap_store\e9fd043f-5bfb-437e-bd36-edbcd28073ab.pcap
469c15f3-80e5-4a02-b229-4da182fb0812,c5dc5c62-0006-4c1b-8728-aae5da27f491,human,1787065282.449467,1787065313.9182954,C:\Users\har20\OneDrive\Desktop\project 1\code\quic-pqtls-bot-detection\capture\pcap_store\469c15f3-80e5-4a02-b229-4da182fb0812.pcap
719dc021-deb9-4d3f-a35f-c0a8e9cdfbec,c5dc5c62-0006-4c1b-8728-aae5da27f491,human,1787065315.0413382,1787065332.6587422,C:\Users\har20\OneDrive\Desktop\project 1\code\quic-pqtls-bot-detection\capture\pcap_store\719dc021-deb9-4d3f-a35f-c0a8e9cdfbec.pcap
9c509fb7-4363-436a-900b-ad8e922ffb5d,c5dc5c62-0006-4c1b-8728-aae5da27f491,human,1787065333.7803078,1787065356.2444086,C:\Users\har20\OneDrive\Desktop\project 1\code\quic-pqtls-bot-detection\capture\pcap_store\9c509fb7-4363-436a-900b-ad8e922ffb5d.pcap
1de20faa-3ae8-4b5a-a1fa-fee8ad7b3659,eaf376f7-8d5e-40ce-8637-7df77f386cf5,human,1787065357.3812327,1787065403.3540905,C:\Users\har20\OneDrive\Desktop\project 1\code\quic-pqtls-bot-detection\capture\pcap_store\1de20faa-3ae8-4b5a-a1fa-fee8ad7b3659.pcap
85b0ff9b-6afb-417c-856f-e9cccac24567,eaf376f7-8d5e-40ce-8637-7df77f386cf5,human,1787065404.456575,1787065426.221723,C:\Users\har20\OneDrive\Desktop\project 1\code\quic-pqtls-bot-detection\capture\pcap_store\85b0ff9b-6afb-417c-856f-e9cccac24567.pcap
11261d5a-20b8-463d-844e-b37758c08ab2,eaf376f7-8d5e-40ce-8637-7df77f386cf5,human,1787065427.3301003,1787065462.608431,C:\Users\har20\OneDrive\Desktop\project 1\code\quic-pqtls-bot-detection\capture\pcap_store\11261d5a-20b8-463d-844e-b37758c08ab2.pcap
486b39b5-6ffc-44c5-84c5-76cab596733f,eaf376f7-8d5e-40ce-8637-7df77f386cf5,human,1787065463.6968033,1787065505.9936893,C:\Users\har20\OneDrive\Desktop\project 1\code\quic-pqtls-bot-detection\capture\pcap_store\486b39b5-6ffc-44c5-84c5-76cab596733f.pcap
0f76e718-c96d-4bce-b2f9-2a67f3251d69,10da6ff4-f4cf-4ca5-97e8-d2567a9afeb0,human,1787065507.4381614,1787065537.000961,C:\Users\har20\OneDrive\Desktop\project 1\code\quic-pqtls-bot-detection\capture\pcap_store\0f76e718-c96d-4bce-b2f9-2a67f3251d69.pcap
d0323095-81b2-4ee6-b422-2ccbef8474d4,10da6ff4-f4cf-4ca5-97e8-d2567a9afeb0,human,1787065538.1628191,1787065562.1884983,C:\Users\har20\OneDrive\Desktop\project 1\code\quic-pqtls-bot-detection\capture\pcap_store\d0323095-81b2-4ee6-b422-2ccbef8474d4.pcap
7595a8b6-e378-46b1-a802-b78ffe9d8037,10da6ff4-f4cf-4ca5-97e8-d2567a9afeb0,human,1787065563.2948816,1787065597.7997212,C:\Users\har20\OneDrive\Desktop\project 1\code\quic-pqtls-bot-detection\capture\pcap_store\7595a8b6-e378-46b1-a802-b78ffe9d8037.pcap
e5c014b6-6762-4c72-806f-3abb25992b1b,10da6ff4-f4cf-4ca5-97e8-d2567a9afeb0,human,1787065598.8676043,1787065630.2583928,C:\Users\har20\OneDrive\Desktop\project 1\code\quic-pqtls-bot-detection\capture\pcap_store\e5c014b6-6762-4c72-806f-3abb25992b1b.pcap
5e8d9b32-a520-40a3-83d3-9d390a5727a5,3c30ec32-7028-4dec-8856-12436ddf3e4d,human,1787065631.379048,1787065657.1778128,C:\Users\har20\OneDrive\Desktop\project 1\code\quic-pqtls-bot-detection\capture\pcap_store\5e8d9b32-a520-40a3-83d3-9d390a5727a5.pcap
61ae93fc-fd5a-4136-ac98-c05457db8077,3c30ec32-7028-4dec-8856-12436ddf3e4d,human,1787065658.2926035,1787065696.8254225,C:\Users\har20\OneDrive\Desktop\project 1\code\quic-pqtls-bot-detection\capture\pcap_store\61ae93fc-fd5a-4136-ac98-c05457db8077.pcap
801de140-6f77-4141-8d79-eca3c08ea794,3c30ec32-7028-4dec-8856-12436ddf3e4d,human,1787065697.98962,1787065741.0534475,C:\Users\har20\OneDrive\Desktop\project 1\code\quic-pqtls-bot-detection\capture\pcap_store\801de140-6f77-4141-8d79-eca3c08ea794.pcap
3afad7cb-c198-4fb1-b369-670440601e5e,3c30ec32-7028-4dec-8856-12436ddf3e4d,human,1787065742.1605005,1787065767.399862,C:\Users\har20\OneDrive\Desktop\project 1\code\quic-pqtls-bot-detection\capture\pcap_store\3afad7cb-c198-4fb1-b369-670440601e5e.pcap
023717e5-4b02-445d-975d-d46ed13d3bfa,3c30ec32-7028-4dec-8856-12436ddf3e4d,human,1787065768.4213138,1787065800.6763866,C:\Users\har20\OneDrive\Desktop\project 1\code\quic-pqtls-bot-detection\capture\pcap_store\023717e5-4b02-445d-975d-d46ed13d3bfa.pcap
21ba1d41-1b21-41df-8003-7c53419fd110,826ab45d-5849-4d1f-b597-0675f4ad88f3,human,1787065801.6754155,1787065834.7523143,C:\Users\har20\OneDrive\Desktop\project 1\code\quic-pqtls-bot-detection\capture\pcap_store\21ba1d41-1b21-41df-8003-7c53419fd110.pcap
88df665f-0861-421a-8dbf-ee02ce2642ef,826ab45d-5849-4d1f-b597-0675f4ad88f3,human,1787065835.8590088,1787065875.0304005,C:\Users\har20\OneDrive\Desktop\project 1\code\quic-pqtls-bot-detection\capture\pcap_store\88df665f-0861-421a-8dbf-ee02ce2642ef.pcap
6ca529fa-459e-4c4a-8098-b3855746217f,826ab45d-5849-4d1f-b597-0675f4ad88f3,human,1787065876.1977315,1787065909.1656227,C:\Users\har20\OneDrive\Desktop\project 1\code\quic-pqtls-bot-detection\capture\pcap_store\6ca529fa-459e-4c4a-8098-b3855746217f.pcap
82e084e0-f055-4c75-8313-c6ebfc004cff,826ab45d-5849-4d1f-b597-0675f4ad88f3,human,1787065910.2642124,1787065932.3014958,C:\Users\har20\OneDrive\Desktop\project 1\code\quic-pqtls-bot-detection\capture\pcap_store\82e084e0-f055-4c75-8313-c6ebfc004cff.pcap
9e029eee-a94a-41bb-a273-72d14ab3c0b9,480641c7-cd5b-46cd-8361-3ec93dbe31e6,human,1787065933.361591,1787065965.06046,C:\Users\har20\OneDrive\Desktop\project 1\code\quic-pqtls-bot-detection\capture\pcap_store\9e029eee-a94a-41bb-a273-72d14ab3c0b9.pcap
2205b6b1-5c8f-48a6-bd15-c730a56323b2,480641c7-cd5b-46cd-8361-3ec93dbe31e6,human,1787065966.1587746,1787065987.1937413,C:\Users\har20\OneDrive\Desktop\project 1\code\quic-pqtls-bot-detection\capture\pcap_store\2205b6b1-5c8f-48a6-bd15-c730a56323b2.pcap
e9d94e1d-6e63-48f6-b177-29ac9ed6238c,480641c7-cd5b-46cd-8361-3ec93dbe31e6,human,1787065988.1851265,1787066004.6583722,C:\Users\har20\OneDrive\Desktop\project 1\code\quic-pqtls-bot-detection\capture\pcap_store\e9d94e1d-6e63-48f6-b177-29ac9ed6238c.pcap
b7077a7f-96b4-4a24-8412-3947a5cd0a79,480641c7-cd5b-46cd-8361-3ec93dbe31e6,human,1787066005.7681108,1787066035.3853638,C:\Users\har20\OneDrive\Desktop\project 1\code\quic-pqtls-bot-detection\capture\pcap_store\b7077a7f-96b4-4a24-8412-3947a5cd0a79.pcap
1c494b70-5be1-421a-b179-e2ef76ddbc64,480641c7-cd5b-46cd-8361-3ec93dbe31e6,human,1787066036.3741083,1787066059.8038607,C:\Users\har20\OneDrive\Desktop\project 1\code\quic-pqtls-bot-detection\capture\pcap_store\1c494b70-5be1-421a-b179-e2ef76ddbc64.pcap
3d345662-4234-4965-a5d3-078cdd932f0e,a520ae75-123e-4b48-ad7b-949d7afb7d22,human,1787066060.9259539,1787066080.1766357,C:\Users\har20\OneDrive\Desktop\project 1\code\quic-pqtls-bot-detection\capture\pcap_store\3d345662-4234-4965-a5d3-078cdd932f0e.pcap
a1745bb3-3a84-414c-a1f7-d10b180f92f3,a520ae75-123e-4b48-ad7b-949d7afb7d22,human,1787066081.2548685,1787066100.608161,C:\Users\har20\OneDrive\Desktop\project 1\code\quic-pqtls-bot-detection\capture\pcap_store\a1745bb3-3a84-414c-a1f7-d10b180f92f3.pcap
529ea4bd-d99f-4244-9a6c-5bd69388fc0f,a520ae75-123e-4b48-ad7b-949d7afb7d22,human,1787066101.6523564,1787066124.7211607,C:\Users\har20\OneDrive\Desktop\project 1\code\quic-pqtls-bot-detection\capture\pcap_store\529ea4bd-d99f-4244-9a6c-5bd69388fc0f.pcap
c5d514a4-0522-462d-9079-c2cc9b8e23af,9747d895-9844-45e0-94d3-247742f92cb8,human,1787066125.7215097,1787066143.2536948,C:\Users\har20\OneDrive\Desktop\project 1\code\quic-pqtls-bot-detection\capture\pcap_store\c5d514a4-0522-462d-9079-c2cc9b8e23af.pcap
4b57be87-54ac-4b17-9708-e404013c5b20,9747d895-9844-45e0-94d3-247742f92cb8,human,1787066144.2911992,1787066160.7892046,C:\Users\har20\OneDrive\Desktop\project 1\code\quic-pqtls-bot-detection\capture\pcap_store\4b57be87-54ac-4b17-9708-e404013c5b20.pcap
a6cca658-a9c2-4214-9416-b084e346c2ac,9747d895-9844-45e0-94d3-247742f92cb8,human,1787066161.9093947,1787066178.6840198,C:\Users\har20\OneDrive\Desktop\project 1\code\quic-pqtls-bot-detection\capture\pcap_store\a6cca658-a9c2-4214-9416-b084e346c2ac.pcap
ab431595-f634-4100-b72f-a01728eb5fde,0bc53395-9127-49b6-b091-b61c8b0f80ce,human,1787066179.684862,1787066204.942617,C:\Users\har20\OneDrive\Desktop\project 1\code\quic-pqtls-bot-detection\capture\pcap_store\ab431595-f634-4100-b72f-a01728eb5fde.pcap
efbb835d-231a-4791-bc9c-fad84be1df19,0bc53395-9127-49b6-b091-b61c8b0f80ce,human,1787066206.0713124,1787066218.1632168,C:\Users\har20\OneDrive\Desktop\project 1\code\quic-pqtls-bot-detection\capture\pcap_store\efbb835d-231a-4791-bc9c-fad84be1df19.pcap
5b82bed3-d347-407f-9325-d66f0b0884b5,0bc53395-9127-49b6-b091-b61c8b0f80ce,human,1787066219.267582,1787066256.948231,C:\Users\har20\OneDrive\Desktop\project 1\code\quic-pqtls-bot-detection\capture\pcap_store\5b82bed3-d347-407f-9325-d66f0b0884b5.pcap
77a37b4b-8029-4946-aa73-45e901ee1f94,6e88c892-e6af-4562-ad14-a205426fba0b,human,1787066258.1273623,1787066278.4438825,C:\Users\har20\OneDrive\Desktop\project 1\code\quic-pqtls-bot-detection\capture\pcap_store\77a37b4b-8029-4946-aa73-45e901ee1f94.pcap
dbf89664-ba3a-4f55-b0e5-ecebd7bce075,6e88c892-e6af-4562-ad14-a205426fba0b,human,1787066279.471515,1787066326.613725,C:\Users\har20\OneDrive\Desktop\project 1\code\quic-pqtls-bot-detection\capture\pcap_store\dbf89664-ba3a-4f55-b0e5-ecebd7bce075.pcap
698a7476-b91f-45f6-b55f-85922103d2cb,6e88c892-e6af-4562-ad14-a205426fba0b,human,1787066327.818047,1787066342.7592168,C:\Users\har20\OneDrive\Desktop\project 1\code\quic-pqtls-bot-detection\capture\pcap_store\698a7476-b91f-45f6-b55f-85922103d2cb.pcap
8e065f93-2322-43cf-83a5-a8bcf0e97e4e,6e88c892-e6af-4562-ad14-a205426fba0b,human,1787066344.182064,1787066380.056431,C:\Users\har20\OneDrive\Desktop\project 1\code\quic-pqtls-bot-detection\capture\pcap_store\8e065f93-2322-43cf-83a5-a8bcf0e97e4e.pcap
4666937a-41ab-423d-bb22-1880fb0dd38a,700d814e-cefc-4c63-9309-90b0d3d3ceb1,human,1787066381.4786386,1787066411.3044124,C:\Users\har20\OneDrive\Desktop\project 1\code\quic-pqtls-bot-detection\capture\pcap_store\4666937a-41ab-423d-bb22-1880fb0dd38a.pcap
a4dc173e-f826-4e27-9482-eeef003a80af,700d814e-cefc-4c63-9309-90b0d3d3ceb1,human,1787066412.5756676,1787066450.8360488,C:\Users\har20\OneDrive\Desktop\project 1\code\quic-pqtls-bot-detection\capture\pcap_store\a4dc173e-f826-4e27-9482-eeef003a80af.pcap
e6942366-f937-48bd-94a2-5a113c5c59ef,700d814e-cefc-4c63-9309-90b0d3d3ceb1,human,1787066451.9339771,1787066469.7936268,C:\Users\har20\OneDrive\Desktop\project 1\code\quic-pqtls-bot-detection\capture\pcap_store\e6942366-f937-48bd-94a2-5a113c5c59ef.pcap
e061ec4e-d9e5-4a24-b791-9c6c2f5db805,700d814e-cefc-4c63-9309-90b0d3d3ceb1,human,1787066470.8963172,1787066488.2948103,C:\Users\har20\OneDrive\Desktop\project 1\code\quic-pqtls-bot-detection\capture\pcap_store\e061ec4e-d9e5-4a24-b791-9c6c2f5db805.pcap
926caef8-7024-45f0-a667-8d234d9711f6,700d814e-cefc-4c63-9309-90b0d3d3ceb1,human,1787066489.4034264,1787066510.6823275,C:\Users\har20\OneDrive\Desktop\project 1\code\quic-pqtls-bot-detection\capture\pcap_store\926caef8-7024-45f0-a667-8d234d9711f6.pcap
360afd34-b9fa-42b4-80d8-8708375f6eb9,7f6e890c-d0a3-47dc-8755-f511bce63767,human,1787066511.799784,1787066542.1690426,C:\Users\har20\OneDrive\Desktop\project 1\code\quic-pqtls-bot-detection\capture\pcap_store\360afd34-b9fa-42b4-80d8-8708375f6eb9.pcap
efd80f10-c8c3-4bd3-9085-03b4d9c983ee,7f6e890c-d0a3-47dc-8755-f511bce63767,human,1787066543.2718344,1787066563.209461,C:\Users\har20\OneDrive\Desktop\project 1\code\quic-pqtls-bot-detection\capture\pcap_store\efd80f10-c8c3-4bd3-9085-03b4d9c983ee.pcap
faaf5656-6d64-4ecd-b103-2379154e4118,7f6e890c-d0a3-47dc-8755-f511bce63767,human,1787066564.296204,1787066604.0121782,C:\Users\har20\OneDrive\Desktop\project 1\code\quic-pqtls-bot-detection\capture\pcap_store\faaf5656-6d64-4ecd-b103-2379154e4118.pcap
00d83163-0da6-44b1-b4d5-bf825e2ac382,7f6e890c-d0a3-47dc-8755-f511bce63767,human,1787066605.1268194,1787066628.4951596,C:\Users\har20\OneDrive\Desktop\project 1\code\quic-pqtls-bot-detection\capture\pcap_store\00d83163-0da6-44b1-b4d5-bf825e2ac382.pcap
4fb5b711-1e5b-488a-8697-40608ff96887,7f6e890c-d0a3-47dc-8755-f511bce63767,human,1787066629.6041481,1787066662.873223,C:\Users\har20\OneDrive\Desktop\project 1\code\quic-pqtls-bot-detection\capture\pcap_store\4fb5b711-1e5b-488a-8697-40608ff96887.pcap
4b294fca-4f68-435b-acf2-2a0d0d0710e3,0b7188c0-024a-4e3f-9e4c-1a62f279f427,human,1787066663.8699338,1787066708.6061492,C:\Users\har20\OneDrive\Desktop\project 1\code\quic-pqtls-bot-detection\capture\pcap_store\4b294fca-4f68-435b-acf2-2a0d0d0710e3.pcap
b31fb6c4-6ab1-43cf-99d5-4b4d88dbd88b,0b7188c0-024a-4e3f-9e4c-1a62f279f427,human,1787066709.7068474,1787066730.7782383,C:\Users\har20\OneDrive\Desktop\project 1\code\quic-pqtls-bot-detection\capture\pcap_store\b31fb6c4-6ab1-43cf-99d5-4b4d88dbd88b.pcap
5cae7dd7-b8e1-4647-9ac1-ed1a4c9fbcd2,0b7188c0-024a-4e3f-9e4c-1a62f279f427,human,1787066731.891812,1787066746.6480231,C:\Users\har20\OneDrive\Desktop\project 1\code\quic-pqtls-bot-detection\capture\pcap_store\5cae7dd7-b8e1-4647-9ac1-ed1a4c9fbcd2.pcap
6253d423-9b05-4be0-a8d3-8b061da010f1,0b7188c0-024a-4e3f-9e4c-1a62f279f427,human,1787066747.7599683,1787066774.7149394,C:\Users\har20\OneDrive\Desktop\project 1\code\quic-pqtls-bot-detection\capture\pcap_store\6253d423-9b05-4be0-a8d3-8b061da010f1.pcap
96952799-d3b2-4c28-8455-cad8baf6d466,0b7188c0-024a-4e3f-9e4c-1a62f279f427,human,1787066775.8157423,1787066814.9240224,C:\Users\har20\OneDrive\Desktop\project 1\code\quic-pqtls-bot-detection\capture\pcap_store\96952799-d3b2-4c28-8455-cad8baf6d466.pcap
c528aa49-c3e4-40e0-adca-1ee6b8175b94,8860a483-0a9b-467a-9dd3-8159701c6c22,human,1787066816.0205364,1787066848.0934367,C:\Users\har20\OneDrive\Desktop\project 1\code\quic-pqtls-bot-detection\capture\pcap_store\c528aa49-c3e4-40e0-adca-1ee6b8175b94.pcap
93c949b8-4a51-4dc0-806b-8c0a9c1ca068,8860a483-0a9b-467a-9dd3-8159701c6c22,human,1787066849.1935663,1787066877.3723083,C:\Users\har20\OneDrive\Desktop\project 1\code\quic-pqtls-bot-detection\capture\pcap_store\93c949b8-4a51-4dc0-806b-8c0a9c1ca068.pcap
67cb722b-09c8-466d-b5b2-abce5f62453a,8860a483-0a9b-467a-9dd3-8159701c6c22,human,1787066878.476743,1787066896.0007021,C:\Users\har20\OneDrive\Desktop\project 1\code\quic-pqtls-bot-detection\capture\pcap_store\67cb722b-09c8-466d-b5b2-abce5f62453a.pcap
d2014642-fa89-4adf-8bc5-bccb35874467,8860a483-0a9b-467a-9dd3-8159701c6c22,human,1787066897.1219144,1787066914.482509,C:\Users\har20\OneDrive\Desktop\project 1\code\quic-pqtls-bot-detection\capture\pcap_store\d2014642-fa89-4adf-8bc5-bccb35874467.pcap
dba3ead1-bba9-481c-9591-781e2f9f54b8,8860a483-0a9b-467a-9dd3-8159701c6c22,human,1787066915.5914025,1787066931.1215143,C:\Users\har20\OneDrive\Desktop\project 1\code\quic-pqtls-bot-detection\capture\pcap_store\dba3ead1-bba9-481c-9591-781e2f9f54b8.pcap
96024c02-d1fd-45b0-8c49-a1a316798b17,20254173-d756-4064-8122-7defc93b2b67,human,1787066932.226861,1787066962.8842447,C:\Users\har20\OneDrive\Desktop\project 1\code\quic-pqtls-bot-detection\capture\pcap_store\96024c02-d1fd-45b0-8c49-a1a316798b17.pcap
0b101d89-58d3-4bed-854e-2bd10a960689,20254173-d756-4064-8122-7defc93b2b67,human,1787066963.9948063,1787066999.8998082,C:\Users\har20\OneDrive\Desktop\project 1\code\quic-pqtls-bot-detection\capture\pcap_store\0b101d89-58d3-4bed-854e-2bd10a960689.pcap
956dff0d-ebe7-4259-9216-fd4ba25840e2,20254173-d756-4064-8122-7defc93b2b67,human,1787067001.020817,1787067027.3570254,C:\Users\har20\OneDrive\Desktop\project 1\code\quic-pqtls-bot-detection\capture\pcap_store\956dff0d-ebe7-4259-9216-fd4ba25840e2.pcap
bfa81d61-c679-49e6-9573-1926337e3618,20254173-d756-4064-8122-7defc93b2b67,human,1787067028.4551938,1787067043.6263144,C:\Users\har20\OneDrive\Desktop\project 1\code\quic-pqtls-bot-detection\capture\pcap_store\bfa81d61-c679-49e6-9573-1926337e3618.pcap
2fcb60ba-af71-4ea0-a556-f191fdf1b313,20254173-d756-4064-8122-7defc93b2b67,human,1787067044.782587,1787067071.6949253,C:\Users\har20\OneDrive\Desktop\project 1\code\quic-pqtls-bot-detection\capture\pcap_store\2fcb60ba-af71-4ea0-a556-f191fdf1b313.pcap
282e2777-2807-424e-a68f-fda02b2d5bf6,e1cd4e3b-b545-4f72-8245-bf1b86f5f0ea,human,1787067072.8179233,1787067093.3910306,C:\Users\har20\OneDrive\Desktop\project 1\code\quic-pqtls-bot-detection\capture\pcap_store\282e2777-2807-424e-a68f-fda02b2d5bf6.pcap
6b9f7929-ae38-4799-9ea2-0fde76d97f87,e1cd4e3b-b545-4f72-8245-bf1b86f5f0ea,human,1787067094.500096,1787067112.3183162,C:\Users\har20\OneDrive\Desktop\project 1\code\quic-pqtls-bot-detection\capture\pcap_store\6b9f7929-ae38-4799-9ea2-0fde76d97f87.pcap
b6849fab-a57f-47c2-8c36-99ebcc560e4e,e1cd4e3b-b545-4f72-8245-bf1b86f5f0ea,human,1787067113.4080098,1787067142.4122257,C:\Users\har20\OneDrive\Desktop\project 1\code\quic-pqtls-bot-detection\capture\pcap_store\b6849fab-a57f-47c2-8c36-99ebcc560e4e.pcap
7e7a6e02-6ea6-4291-bbfd-c1ba2713c8a4,8f4810cf-00f3-4be4-bc8d-6f58209367d8,human,1787067143.5333831,1787067175.633321,C:\Users\har20\OneDrive\Desktop\project 1\code\quic-pqtls-bot-detection\capture\pcap_store\7e7a6e02-6ea6-4291-bbfd-c1ba2713c8a4.pcap
11be1c07-286d-4ae9-ad75-1ca2ba66ea50,8f4810cf-00f3-4be4-bc8d-6f58209367d8,human,1787067176.7629364,1787067194.0384603,C:\Users\har20\OneDrive\Desktop\project 1\code\quic-pqtls-bot-detection\capture\pcap_store\11be1c07-286d-4ae9-ad75-1ca2ba66ea50.pcap
8f0e39b8-84cb-4bf9-bc32-1b0eeb0dcf4a,8f4810cf-00f3-4be4-bc8d-6f58209367d8,human,1787067195.166271,1787067223.021572,C:\Users\har20\OneDrive\Desktop\project 1\code\quic-pqtls-bot-detection\capture\pcap_store\8f0e39b8-84cb-4bf9-bc32-1b0eeb0dcf4a.pcap
28bcf685-4500-400e-bc37-e0bd67294e16,8f4810cf-00f3-4be4-bc8d-6f58209367d8,human,1787067224.4791365,1787067246.4108207,C:\Users\har20\OneDrive\Desktop\project 1\code\quic-pqtls-bot-detection\capture\pcap_store\28bcf685-4500-400e-bc37-e0bd67294e16.pcap
ce6a5ebc-b79d-4243-a228-36d6ae3ab95d,cdb402f7-98f4-410f-9946-bfa2b11f4b98,human,1787067247.506888,1787067261.909213,C:\Users\har20\OneDrive\Desktop\project 1\code\quic-pqtls-bot-detection\capture\pcap_store\ce6a5ebc-b79d-4243-a228-36d6ae3ab95d.pcap
b5dbfb7a-28a1-4344-812c-47705a0a87ee,cdb402f7-98f4-410f-9946-bfa2b11f4b98,human,1787067263.0771964,1787067272.456546,C:\Users\har20\OneDrive\Desktop\project 1\code\quic-pqtls-bot-detection\capture\pcap_store\b5dbfb7a-28a1-4344-812c-47705a0a87ee.pcap
adcd7c0b-05ec-4ac5-9ca9-f61fb5036f74,cdb402f7-98f4-410f-9946-bfa2b11f4b98,human,1787067273.5645308,1787067313.9457712,C:\Users\har20\OneDrive\Desktop\project 1\code\quic-pqtls-bot-detection\capture\pcap_store\adcd7c0b-05ec-4ac5-9ca9-f61fb5036f74.pcap
61f753ae-29df-4cf5-8caf-3b84d67568f7,cdb402f7-98f4-410f-9946-bfa2b11f4b98,human,1787067315.053326,1787067348.1590645,C:\Users\har20\OneDrive\Desktop\project 1\code\quic-pqtls-bot-detection\capture\pcap_store\61f753ae-29df-4cf5-8caf-3b84d67568f7.pcap
0d7dfed6-2960-4cb6-8e85-f99dc0586175,f382a181-96f4-44dc-b03d-969b4beaeb70,human,1787067349.2696512,1787067366.5204237,C:\Users\har20\OneDrive\Desktop\project 1\code\quic-pqtls-bot-detection\capture\pcap_store\0d7dfed6-2960-4cb6-8e85-f99dc0586175.pcap
e4465d90-68e7-4759-87aa-ce102adeaca8,f382a181-96f4-44dc-b03d-969b4beaeb70,human,1787067367.6924527,1787067380.5053751,C:\Users\har20\OneDrive\Desktop\project 1\code\quic-pqtls-bot-detection\capture\pcap_store\e4465d90-68e7-4759-87aa-ce102adeaca8.pcap
8faa3693-7ede-4ebb-8174-1fa556e4f5c0,f382a181-96f4-44dc-b03d-969b4beaeb70,human,1787067381.6019099,1787067391.0411847,C:\Users\har20\OneDrive\Desktop\project 1\code\quic-pqtls-bot-detection\capture\pcap_store\8faa3693-7ede-4ebb-8174-1fa556e4f5c0.pcap
caaa10e0-b802-43d4-bbdd-b20ef0788cec,e5703d16-9662-4fae-814e-db2cb939d58c,human,1787067392.1411667,1787067431.4108522,C:\Users\har20\OneDrive\Desktop\project 1\code\quic-pqtls-bot-detection\capture\pcap_store\caaa10e0-b802-43d4-bbdd-b20ef0788cec.pcap
7d127509-c9e3-4f8c-824a-c1c529be54f2,e5703d16-9662-4fae-814e-db2cb939d58c,human,1787067432.5049694,1787067448.16749,C:\Users\har20\OneDrive\Desktop\project 1\code\quic-pqtls-bot-detection\capture\pcap_store\7d127509-c9e3-4f8c-824a-c1c529be54f2.pcap
aebd66e7-bb08-4287-a645-39056dfa8341,e5703d16-9662-4fae-814e-db2cb939d58c,human,1787067449.3297753,1787067467.2231572,C:\Users\har20\OneDrive\Desktop\project 1\code\quic-pqtls-bot-detection\capture\pcap_store\aebd66e7-bb08-4287-a645-39056dfa8341.pcap
a240e359-700c-47e7-b4ab-0aa842b05249,e8eb8428-47a1-411c-9565-fc6bbf44ef51,human,1787067468.3530684,1787067484.4015007,C:\Users\har20\OneDrive\Desktop\project 1\code\quic-pqtls-bot-detection\capture\pcap_store\a240e359-700c-47e7-b4ab-0aa842b05249.pcap
8a215fe1-96c0-47b6-96ce-33322ff08951,e8eb8428-47a1-411c-9565-fc6bbf44ef51,human,1787067485.5608704,1787067508.1340413,C:\Users\har20\OneDrive\Desktop\project 1\code\quic-pqtls-bot-detection\capture\pcap_store\8a215fe1-96c0-47b6-96ce-33322ff08951.pcap
f9f323da-8540-43b7-9e1c-eacfed80f385,e8eb8428-47a1-411c-9565-fc6bbf44ef51,human,1787067509.189397,1787067538.107647,C:\Users\har20\OneDrive\Desktop\project 1\code\quic-pqtls-bot-detection\capture\pcap_store\f9f323da-8540-43b7-9e1c-eacfed80f385.pcap
1736aa01-b384-429e-945a-eecf02aa2ea0,e8eb8428-47a1-411c-9565-fc6bbf44ef51,human,1787067539.2786078,1787067556.0690806,C:\Users\har20\OneDrive\Desktop\project 1\code\quic-pqtls-bot-detection\capture\pcap_store\1736aa01-b384-429e-945a-eecf02aa2ea0.pcap
1957db50-ebae-442c-9b4b-c0f9bb949d2d,04bb5810-0726-447b-acf5-d2b1ccc7238f,human,1787067557.0630915,1787067587.3616772,C:\Users\har20\OneDrive\Desktop\project 1\code\quic-pqtls-bot-detection\capture\pcap_store\1957db50-ebae-442c-9b4b-c0f9bb949d2d.pcap
e885ebbb-951b-4fe2-811d-77ff39ad93a1,04bb5810-0726-447b-acf5-d2b1ccc7238f,human,1787067588.4634593,1787067622.2617133,C:\Users\har20\OneDrive\Desktop\project 1\code\quic-pqtls-bot-detection\capture\pcap_store\e885ebbb-951b-4fe2-811d-77ff39ad93a1.pcap
2259c7a3-2a49-4506-99ab-5079ac7eaec5,04bb5810-0726-447b-acf5-d2b1ccc7238f,human,1787067623.359288,1787067651.112413,C:\Users\har20\OneDrive\Desktop\project 1\code\quic-pqtls-bot-detection\capture\pcap_store\2259c7a3-2a49-4506-99ab-5079ac7eaec5.pcap
5425fa0c-23fb-487c-83e9-ad761f4650d6,04bb5810-0726-447b-acf5-d2b1ccc7238f,human,1787067652.222166,1787067675.639393,C:\Users\har20\OneDrive\Desktop\project 1\code\quic-pqtls-bot-detection\capture\pcap_store\5425fa0c-23fb-487c-83e9-ad761f4650d6.pcap
c4ab2150-a227-43a5-8341-42c4855c34f6,04bb5810-0726-447b-acf5-d2b1ccc7238f,human,1787067676.7506936,1787067703.2612572,C:\Users\har20\OneDrive\Desktop\project 1\code\quic-pqtls-bot-detection\capture\pcap_store\c4ab2150-a227-43a5-8341-42c4855c34f6.pcap
1712f081-6c11-45f2-bbb1-9465e5175f85,e9606267-f970-42cc-a0b4-8b55b33fe5ab,human,1787067704.3748024,1787067744.212057,C:\Users\har20\OneDrive\Desktop\project 1\code\quic-pqtls-bot-detection\capture\pcap_store\1712f081-6c11-45f2-bbb1-9465e5175f85.pcap
183539e8-25cb-40f0-93ad-c59082d216f3,e9606267-f970-42cc-a0b4-8b55b33fe5ab,human,1787067745.3180144,1787067766.1304533,C:\Users\har20\OneDrive\Desktop\project 1\code\quic-pqtls-bot-detection\capture\pcap_store\183539e8-25cb-40f0-93ad-c59082d216f3.pcap
6fb8538d-8e64-4de4-acdf-8e7bdc46b422,e9606267-f970-42cc-a0b4-8b55b33fe5ab,human,1787067767.2373884,1787067783.9955785,C:\Users\har20\OneDrive\Desktop\project 1\code\quic-pqtls-bot-detection\capture\pcap_store\6fb8538d-8e64-4de4-acdf-8e7bdc46b422.pcap
d8a87800-3fa0-436e-b925-7229fa1aaf99,e9606267-f970-42cc-a0b4-8b55b33fe5ab,human,1787067785.1047246,1787067826.2953937,C:\Users\har20\OneDrive\Desktop\project 1\code\quic-pqtls-bot-detection\capture\pcap_store\d8a87800-3fa0-436e-b925-7229fa1aaf99.pcap
68cb4400-b66f-4584-97eb-0e01427de2f4,e9606267-f970-42cc-a0b4-8b55b33fe5ab,human,1787067827.3976648,1787067871.5505822,C:\Users\har20\OneDrive\Desktop\project 1\code\quic-pqtls-bot-detection\capture\pcap_store\68cb4400-b66f-4584-97eb-0e01427de2f4.pcap
2fadc6a3-a533-4cea-8e2e-f407536189a2,0693480b-af89-4c0e-9669-7a82c2da6b67,human,1787067872.661668,1787067883.3352594,C:\Users\har20\OneDrive\Desktop\project 1\code\quic-pqtls-bot-detection\capture\pcap_store\2fadc6a3-a533-4cea-8e2e-f407536189a2.pcap
514ffe1d-b09b-41fe-9578-57a08a15404c,0693480b-af89-4c0e-9669-7a82c2da6b67,human,1787067884.4489324,1787067923.4105186,C:\Users\har20\OneDrive\Desktop\project 1\code\quic-pqtls-bot-detection\capture\pcap_store\514ffe1d-b09b-41fe-9578-57a08a15404c.pcap
b64e4404-8635-430d-8f52-7d7bc07156d3,0693480b-af89-4c0e-9669-7a82c2da6b67,human,1787067924.5042202,1787067958.7163262,C:\Users\har20\OneDrive\Desktop\project 1\code\quic-pqtls-bot-detection\capture\pcap_store\b64e4404-8635-430d-8f52-7d7bc07156d3.pcap
ca76b7eb-7a7a-43b1-887b-eb1543f59247,444119a5-e566-4b1b-810a-f2e739a8ac52,human,1787067959.827531,1787067981.9236338,C:\Users\har20\OneDrive\Desktop\project 1\code\quic-pqtls-bot-detection\capture\pcap_store\ca76b7eb-7a7a-43b1-887b-eb1543f59247.pcap
3901b644-880f-4c2f-aa92-5e268096c6ef,444119a5-e566-4b1b-810a-f2e739a8ac52,human,1787067983.0958743,1787068014.4850206,C:\Users\har20\OneDrive\Desktop\project 1\code\quic-pqtls-bot-detection\capture\pcap_store\3901b644-880f-4c2f-aa92-5e268096c6ef.pcap
25e9dec1-f876-46f7-8705-d20ae6dc7bd9,444119a5-e566-4b1b-810a-f2e739a8ac52,human,1787068015.580061,1787068040.399956,C:\Users\har20\OneDrive\Desktop\project 1\code\quic-pqtls-bot-detection\capture\pcap_store\25e9dec1-f876-46f7-8705-d20ae6dc7bd9.pcap
a19d22fd-bf6c-4293-b9a0-7c6474afd9ae,444119a5-e566-4b1b-810a-f2e739a8ac52,human,1787068041.524374,1787068067.061611,C:\Users\har20\OneDrive\Desktop\project 1\code\quic-pqtls-bot-detection\capture\pcap_store\a19d22fd-bf6c-4293-b9a0-7c6474afd9ae.pcap
8f9ca956-4848-4d4b-bb66-2f53c3a4b309,444119a5-e566-4b1b-810a-f2e739a8ac52,human,1787068068.227329,1787068095.9930856,C:\Users\har20\OneDrive\Desktop\project 1\code\quic-pqtls-bot-detection\capture\pcap_store\8f9ca956-4848-4d4b-bb66-2f53c3a4b309.pcap
d5fd77b7-a209-47af-9a14-edc8811ec18c,09195a13-6ff1-44b2-ace5-3e368c1e120f,human,1787068097.1875257,1787068110.2330194,C:\Users\har20\OneDrive\Desktop\project 1\code\quic-pqtls-bot-detection\capture\pcap_store\d5fd77b7-a209-47af-9a14-edc8811ec18c.pcap
52a485cc-cce5-4c65-ba62-0ffccd597df0,09195a13-6ff1-44b2-ace5-3e368c1e120f,human,1787068111.3474336,1787068152.4506626,C:\Users\har20\OneDrive\Desktop\project 1\code\quic-pqtls-bot-detection\capture\pcap_store\52a485cc-cce5-4c65-ba62-0ffccd597df0.pcap
0d571d58-b332-445e-b212-234a0c79d27b,09195a13-6ff1-44b2-ace5-3e368c1e120f,human,1787068153.4432688,1787068184.302435,C:\Users\har20\OneDrive\Desktop\project 1\code\quic-pqtls-bot-detection\capture\pcap_store\0d571d58-b332-445e-b212-234a0c79d27b.pcap
f4c50d3a-900f-45ad-a68d-e5da8a0a5cfd,09195a13-6ff1-44b2-ace5-3e368c1e120f,human,1787068185.4032302,1787068204.5411978,C:\Users\har20\OneDrive\Desktop\project 1\code\quic-pqtls-bot-detection\capture\pcap_store\f4c50d3a-900f-45ad-a68d-e5da8a0a5cfd.pcap
30d1494a-8338-4ad1-970f-9be6a27e8684,09195a13-6ff1-44b2-ace5-3e368c1e120f,human,1787068205.708644,1787068233.736839,C:\Users\har20\OneDrive\Desktop\project 1\code\quic-pqtls-bot-detection\capture\pcap_store\30d1494a-8338-4ad1-970f-9be6a27e8684.pcap
78c2bfe6-a5a0-45f4-9870-4f69d5bcb344,85307f72-9a75-4400-ad5f-2e4af97e899f,human,1787068234.85189,1787068272.2863781,C:\Users\har20\OneDrive\Desktop\project 1\code\quic-pqtls-bot-detection\capture\pcap_store\78c2bfe6-a5a0-45f4-9870-4f69d5bcb344.pcap
d5bac8f8-5e89-4e88-b471-a078450edbf9,85307f72-9a75-4400-ad5f-2e4af97e899f,human,1787068273.381563,1787068305.9589548,C:\Users\har20\OneDrive\Desktop\project 1\code\quic-pqtls-bot-detection\capture\pcap_store\d5bac8f8-5e89-4e88-b471-a078450edbf9.pcap
692f0691-ba64-4822-8d57-d6d08ae039da,85307f72-9a75-4400-ad5f-2e4af97e899f,human,1787068307.1417944,1787068316.6116846,C:\Users\har20\OneDrive\Desktop\project 1\code\quic-pqtls-bot-detection\capture\pcap_store\692f0691-ba64-4822-8d57-d6d08ae039da.pcap
1759e9bb-b693-4d7f-a909-27fa5a45cd89,85307f72-9a75-4400-ad5f-2e4af97e899f,human,1787068317.718882,1787068338.52722,C:\Users\har20\OneDrive\Desktop\project 1\code\quic-pqtls-bot-detection\capture\pcap_store\1759e9bb-b693-4d7f-a909-27fa5a45cd89.pcap
2d0a477e-44c9-4f31-b9d4-20b37df3d4e0,85307f72-9a75-4400-ad5f-2e4af97e899f,human,1787068339.6918952,1787068371.6438866,C:\Users\har20\OneDrive\Desktop\project 1\code\quic-pqtls-bot-detection\capture\pcap_store\2d0a477e-44c9-4f31-b9d4-20b37df3d4e0.pcap
250c9b38-7947-4110-9880-262cbdf70f44,b0f87e6a-7ea3-4945-87eb-5a8b70fbfdd1,human,1787068372.7694583,1787068403.7410421,C:\Users\har20\OneDrive\Desktop\project 1\code\quic-pqtls-bot-detection\capture\pcap_store\250c9b38-7947-4110-9880-262cbdf70f44.pcap
90181ea7-991e-4c46-9125-d4f60a6dc9ad,b0f87e6a-7ea3-4945-87eb-5a8b70fbfdd1,human,1787068404.8414164,1787068427.0111217,C:\Users\har20\OneDrive\Desktop\project 1\code\quic-pqtls-bot-detection\capture\pcap_store\90181ea7-991e-4c46-9125-d4f60a6dc9ad.pcap
9a79850c-15a5-429e-99a4-08fe61745aa0,b0f87e6a-7ea3-4945-87eb-5a8b70fbfdd1,human,1787068428.1152794,1787068461.4554381,C:\Users\har20\OneDrive\Desktop\project 1\code\quic-pqtls-bot-detection\capture\pcap_store\9a79850c-15a5-429e-99a4-08fe61745aa0.pcap
f4fcb580-d2f7-4017-8608-9668d18624e6,36bb462b-82d9-4ded-9ca1-965ce9905b4e,human,1787068462.5586069,1787068475.7254608,C:\Users\har20\OneDrive\Desktop\project 1\code\quic-pqtls-bot-detection\capture\pcap_store\f4fcb580-d2f7-4017-8608-9668d18624e6.pcap
844131d7-4977-41d6-935b-9f7d5f4776d6,36bb462b-82d9-4ded-9ca1-965ce9905b4e,human,1787068476.836761,1787068512.5970933,C:\Users\har20\OneDrive\Desktop\project 1\code\quic-pqtls-bot-detection\capture\pcap_store\844131d7-4977-41d6-935b-9f7d5f4776d6.pcap
eba82db4-e3e4-4da7-9808-7ed99d28a977,36bb462b-82d9-4ded-9ca1-965ce9905b4e,human,1787068513.6729198,1787068546.8954852,C:\Users\har20\OneDrive\Desktop\project 1\code\quic-pqtls-bot-detection\capture\pcap_store\eba82db4-e3e4-4da7-9808-7ed99d28a977.pcap
2e2da192-93e4-43f6-bc8a-c50cc9f313f0,36bb462b-82d9-4ded-9ca1-965ce9905b4e,human,1787068547.9950843,1787068564.118892,C:\Users\har20\OneDrive\Desktop\project 1\code\quic-pqtls-bot-detection\capture\pcap_store\2e2da192-93e4-43f6-bc8a-c50cc9f313f0.pcap
a5b9a50c-d72e-4628-8b08-c70a347c70ff,36bb462b-82d9-4ded-9ca1-965ce9905b4e,human,1787068565.2310526,1787068594.6096416,C:\Users\har20\OneDrive\Desktop\project 1\code\quic-pqtls-bot-detection\capture\pcap_store\a5b9a50c-d72e-4628-8b08-c70a347c70ff.pcap
2ff10982-1351-43b0-b239-728e9827fce9,3ab17ae3-2e19-4eab-b16b-a3d69b34cd62,human,1787068595.8837585,1787068614.9051554,C:\Users\har20\OneDrive\Desktop\project 1\code\quic-pqtls-bot-detection\capture\pcap_store\2ff10982-1351-43b0-b239-728e9827fce9.pcap
f5755c6e-6bac-4bea-b578-1dc127ea3c60,3ab17ae3-2e19-4eab-b16b-a3d69b34cd62,human,1787068616.0227602,1787068636.2220793,C:\Users\har20\OneDrive\Desktop\project 1\code\quic-pqtls-bot-detection\capture\pcap_store\f5755c6e-6bac-4bea-b578-1dc127ea3c60.pcap
37d08f67-cf3d-45c6-ab7d-759341a9be68,3ab17ae3-2e19-4eab-b16b-a3d69b34cd62,human,1787068637.3257525,1787068676.6107502,C:\Users\har20\OneDrive\Desktop\project 1\code\quic-pqtls-bot-detection\capture\pcap_store\37d08f67-cf3d-45c6-ab7d-759341a9be68.pcap
e08a22b8-dae5-4188-9403-6f7edb1d2da3,3ab17ae3-2e19-4eab-b16b-a3d69b34cd62,human,1787068677.6801722,1787068697.0657191,C:\Users\har20\OneDrive\Desktop\project 1\code\quic-pqtls-bot-detection\capture\pcap_store\e08a22b8-dae5-4188-9403-6f7edb1d2da3.pcap
9f785fd6-ba5e-48ec-bd65-ead04cbe0d71,66faeae9-682a-403a-b0b5-d36df4a9ed56,human,1787068698.167726,1787068713.3475773,C:\Users\har20\OneDrive\Desktop\project 1\code\quic-pqtls-bot-detection\capture\pcap_store\9f785fd6-ba5e-48ec-bd65-ead04cbe0d71.pcap
dc75b317-b346-4c0f-b089-6618800eaa9a,66faeae9-682a-403a-b0b5-d36df4a9ed56,human,1787068714.474125,1787068726.1175125,C:\Users\har20\OneDrive\Desktop\project 1\code\quic-pqtls-bot-detection\capture\pcap_store\dc75b317-b346-4c0f-b089-6618800eaa9a.pcap
0ecaabc0-d128-4f9e-ac5e-96d27ecd4c63,66faeae9-682a-403a-b0b5-d36df4a9ed56,human,1787068727.2112448,1787068757.878929,C:\Users\har20\OneDrive\Desktop\project 1\code\quic-pqtls-bot-detection\capture\pcap_store\0ecaabc0-d128-4f9e-ac5e-96d27ecd4c63.pcap
e0e97125-946d-4c30-b4de-1858b8807696,61b867e6-f8ce-409b-8aac-1d0ec548f911,human,1787068758.984649,1787068785.4606686,C:\Users\har20\OneDrive\Desktop\project 1\code\quic-pqtls-bot-detection\capture\pcap_store\e0e97125-946d-4c30-b4de-1858b8807696.pcap
c22b692f-f146-47e3-94af-3135aff05e0c,61b867e6-f8ce-409b-8aac-1d0ec548f911,human,1787068786.6290445,1787068825.8722644,C:\Users\har20\OneDrive\Desktop\project 1\code\quic-pqtls-bot-detection\capture\pcap_store\c22b692f-f146-47e3-94af-3135aff05e0c.pcap
284c6fd8-8e70-4b83-807e-51641a9dcc99,61b867e6-f8ce-409b-8aac-1d0ec548f911,human,1787068826.9915025,1787068846.333581,C:\Users\har20\OneDrive\Desktop\project 1\code\quic-pqtls-bot-detection\capture\pcap_store\284c6fd8-8e70-4b83-807e-51641a9dcc99.pcap
502cdd51-9b52-478f-80bb-e144a7171fe8,c4943fd5-fd62-45d9-99e2-af68483bff45,human,1787068847.4966357,1787068858.3993433,C:\Users\har20\OneDrive\Desktop\project 1\code\quic-pqtls-bot-detection\capture\pcap_store\502cdd51-9b52-478f-80bb-e144a7171fe8.pcap
6d9e3e43-4c81-4ddd-a1f9-82781aca198e,c4943fd5-fd62-45d9-99e2-af68483bff45,human,1787068859.5180326,1787068899.9940283,C:\Users\har20\OneDrive\Desktop\project 1\code\quic-pqtls-bot-detection\capture\pcap_store\6d9e3e43-4c81-4ddd-a1f9-82781aca198e.pcap
ab1970b9-666e-4e5a-8b66-b5b3d8193342,c4943fd5-fd62-45d9-99e2-af68483bff45,human,1787068901.150839,1787068926.010446,C:\Users\har20\OneDrive\Desktop\project 1\code\quic-pqtls-bot-detection\capture\pcap_store\ab1970b9-666e-4e5a-8b66-b5b3d8193342.pcap
2a5c3547-3f07-4d8f-89bc-6852a0c55ccb,c4943fd5-fd62-45d9-99e2-af68483bff45,human,1787068927.1316068,1787068957.845156,C:\Users\har20\OneDrive\Desktop\project 1\code\quic-pqtls-bot-detection\capture\pcap_store\2a5c3547-3f07-4d8f-89bc-6852a0c55ccb.pcap
f60cc3fc-23cb-4fd9-8c56-0f7e8d5b465d,c2e04986-0d8a-412f-974d-cc5f8718b108,human,1787068958.955927,1787068972.8006113,C:\Users\har20\OneDrive\Desktop\project 1\code\quic-pqtls-bot-detection\capture\pcap_store\f60cc3fc-23cb-4fd9-8c56-0f7e8d5b465d.pcap
117bb939-45a1-4e51-92d9-585f69fe9e90,c2e04986-0d8a-412f-974d-cc5f8718b108,human,1787068973.9046664,1787068990.0722528,C:\Users\har20\OneDrive\Desktop\project 1\code\quic-pqtls-bot-detection\capture\pcap_store\117bb939-45a1-4e51-92d9-585f69fe9e90.pcap
a7076837-b462-40e9-afea-6cc16178e59c,c2e04986-0d8a-412f-974d-cc5f8718b108,human,1787068991.1760283,1787069006.242996,C:\Users\har20\OneDrive\Desktop\project 1\code\quic-pqtls-bot-detection\capture\pcap_store\a7076837-b462-40e9-afea-6cc16178e59c.pcap
6cdb7cbe-379f-4f71-9c5e-14f48278deca,c2e04986-0d8a-412f-974d-cc5f8718b108,human,1787069007.3732152,1787069023.167963,C:\Users\har20\OneDrive\Desktop\project 1\code\quic-pqtls-bot-detection\capture\pcap_store\6cdb7cbe-379f-4f71-9c5e-14f48278deca.pcap
3aaf7a85-4949-4394-a324-61cc0c01002c,9645513f-d9a1-4da9-bd6f-0f325b48ea3c,human,1787069024.2949982,1787069050.0907617,C:\Users\har20\OneDrive\Desktop\project 1\code\quic-pqtls-bot-detection\capture\pcap_store\3aaf7a85-4949-4394-a324-61cc0c01002c.pcap
83ab2238-e9fb-4795-ba61-43d1dbd836eb,9645513f-d9a1-4da9-bd6f-0f325b48ea3c,human,1787069051.1937232,1787069088.720489,C:\Users\har20\OneDrive\Desktop\project 1\code\quic-pqtls-bot-detection\capture\pcap_store\83ab2238-e9fb-4795-ba61-43d1dbd836eb.pcap
19471aae-9766-47a4-93d5-453214b65101,9645513f-d9a1-4da9-bd6f-0f325b48ea3c,human,1787069089.8394005,1787069121.6020653,C:\Users\har20\OneDrive\Desktop\project 1\code\quic-pqtls-bot-detection\capture\pcap_store\19471aae-9766-47a4-93d5-453214b65101.pcap
dba90ace-8c42-4e76-a9f6-3107c05f372c,9645513f-d9a1-4da9-bd6f-0f325b48ea3c,human,1787069122.708632,1787069137.799825,C:\Users\har20\OneDrive\Desktop\project 1\code\quic-pqtls-bot-detection\capture\pcap_store\dba90ace-8c42-4e76-a9f6-3107c05f372c.pcap
c08b996b-23b7-44e0-8436-c84c7df49480,9645513f-d9a1-4da9-bd6f-0f325b48ea3c,human,1787069138.9071932,1787069173.2620704,C:\Users\har20\OneDrive\Desktop\project 1\code\quic-pqtls-bot-detection\capture\pcap_store\c08b996b-23b7-44e0-8436-c84c7df49480.pcap
0de64a51-9293-4783-8dc3-c06fd2ce9955,19ffcb26-3c17-42fa-8f3d-a22e5b4dbef0,human,1787069174.4253347,1787069194.5242486,C:\Users\har20\OneDrive\Desktop\project 1\code\quic-pqtls-bot-detection\capture\pcap_store\0de64a51-9293-4783-8dc3-c06fd2ce9955.pcap
a9617c27-0149-4af8-aeab-0b3e3ae84c44,19ffcb26-3c17-42fa-8f3d-a22e5b4dbef0,human,1787069195.621314,1787069210.4804502,C:\Users\har20\OneDrive\Desktop\project 1\code\quic-pqtls-bot-detection\capture\pcap_store\a9617c27-0149-4af8-aeab-0b3e3ae84c44.pcap
91c3c552-0612-496f-b7d0-97d2ed7b6f75,19ffcb26-3c17-42fa-8f3d-a22e5b4dbef0,human,1787069211.5917783,1787069231.8484578,C:\Users\har20\OneDrive\Desktop\project 1\code\quic-pqtls-bot-detection\capture\pcap_store\91c3c552-0612-496f-b7d0-97d2ed7b6f75.pcap
943ef6c2-8bd8-4dd2-9153-b78efda93e95,19ffcb26-3c17-42fa-8f3d-a22e5b4dbef0,human,1787069232.9557974,1787069257.5510383,C:\Users\har20\OneDrive\Desktop\project 1\code\quic-pqtls-bot-detection\capture\pcap_store\943ef6c2-8bd8-4dd2-9153-b78efda93e95.pcap
01fb8a81-6289-492a-a446-604b8a314045,b259e299-fbb2-4cfb-a92f-bdb7f91315f1,human,1787069258.7134967,1787069294.4217148,C:\Users\har20\OneDrive\Desktop\project 1\code\quic-pqtls-bot-detection\capture\pcap_store\01fb8a81-6289-492a-a446-604b8a314045.pcap
62cb7268-cdc1-47df-8388-61497cfa233f,b259e299-fbb2-4cfb-a92f-bdb7f91315f1,human,1787069295.5906696,1787069324.0707748,C:\Users\har20\OneDrive\Desktop\project 1\code\quic-pqtls-bot-detection\capture\pcap_store\62cb7268-cdc1-47df-8388-61497cfa233f.pcap
e59a78d6-637a-42d4-9eff-1521cc850e1e,b259e299-fbb2-4cfb-a92f-bdb7f91315f1,human,1787069325.1730607,1787069345.9741013,C:\Users\har20\OneDrive\Desktop\project 1\code\quic-pqtls-bot-detection\capture\pcap_store\e59a78d6-637a-42d4-9eff-1521cc850e1e.pcap
ffbea874-2cb5-40ae-b15d-8609229ef253,b259e299-fbb2-4cfb-a92f-bdb7f91315f1,human,1787069347.077878,1787069371.2210095,C:\Users\har20\OneDrive\Desktop\project 1\code\quic-pqtls-bot-detection\capture\pcap_store\ffbea874-2cb5-40ae-b15d-8609229ef253.pcap
c163610c-fefb-48a9-9b7f-8db36a142f60,f9be6a90-e5ab-4ae4-ba96-ca8523f083be,human,1787069372.2778552,1787069388.5546317,C:\Users\har20\OneDrive\Desktop\project 1\code\quic-pqtls-bot-detection\capture\pcap_store\c163610c-fefb-48a9-9b7f-8db36a142f60.pcap
18ab1555-07a4-4b9d-9894-1481ee68bd74,f9be6a90-e5ab-4ae4-ba96-ca8523f083be,human,1787069389.5998154,1787069408.3768852,C:\Users\har20\OneDrive\Desktop\project 1\code\quic-pqtls-bot-detection\capture\pcap_store\18ab1555-07a4-4b9d-9894-1481ee68bd74.pcap
de738e73-3599-4aaa-be58-0fffa93ec356,f9be6a90-e5ab-4ae4-ba96-ca8523f083be,human,1787069409.5429163,1787069431.9639535,C:\Users\har20\OneDrive\Desktop\project 1\code\quic-pqtls-bot-detection\capture\pcap_store\de738e73-3599-4aaa-be58-0fffa93ec356.pcap
cbb1757c-5d09-41a9-bd1f-a67e13ac1d85,f9be6a90-e5ab-4ae4-ba96-ca8523f083be,human,1787069432.9987829,1787069451.7581382,C:\Users\har20\OneDrive\Desktop\project 1\code\quic-pqtls-bot-detection\capture\pcap_store\cbb1757c-5d09-41a9-bd1f-a67e13ac1d85.pcap
b568f452-7b65-45a2-b326-2a973531149c,1d7d333b-a467-4420-90aa-23436036f26e,human,1787069452.7644207,1787069483.364263,C:\Users\har20\OneDrive\Desktop\project 1\code\quic-pqtls-bot-detection\capture\pcap_store\b568f452-7b65-45a2-b326-2a973531149c.pcap
a0c1441b-187b-425b-a955-77dae23d895f,1d7d333b-a467-4420-90aa-23436036f26e,human,1787069484.3562734,1787069524.361543,C:\Users\har20\OneDrive\Desktop\project 1\code\quic-pqtls-bot-detection\capture\pcap_store\a0c1441b-187b-425b-a955-77dae23d895f.pcap
7110cc57-80f0-4fdc-95c8-7379dcffb98d,1d7d333b-a467-4420-90aa-23436036f26e,human,1787069525.4594784,1787069542.8227406,C:\Users\har20\OneDrive\Desktop\project 1\code\quic-pqtls-bot-detection\capture\pcap_store\7110cc57-80f0-4fdc-95c8-7379dcffb98d.pcap
08276e10-ed06-4a26-aa40-082db8fda8b9,1d7d333b-a467-4420-90aa-23436036f26e,human,1787069543.8337944,1787069561.0419238,C:\Users\har20\OneDrive\Desktop\project 1\code\quic-pqtls-bot-detection\capture\pcap_store\08276e10-ed06-4a26-aa40-082db8fda8b9.pcap
67cb4b53-f88f-4cca-afc2-1e9858d89aa4,51907ed5-874b-4a6b-834b-babf03346c81,human,1787069562.0547652,1787069579.2517745,C:\Users\har20\OneDrive\Desktop\project 1\code\quic-pqtls-bot-detection\capture\pcap_store\67cb4b53-f88f-4cca-afc2-1e9858d89aa4.pcap
2c31ae6b-e52a-4fcf-831f-d80d45453942,51907ed5-874b-4a6b-834b-babf03346c81,human,1787069580.2556782,1787069593.2547164,C:\Users\har20\OneDrive\Desktop\project 1\code\quic-pqtls-bot-detection\capture\pcap_store\2c31ae6b-e52a-4fcf-831f-d80d45453942.pcap
038036e0-a21c-421c-95a6-290a71710671,51907ed5-874b-4a6b-834b-babf03346c81,human,1787069594.4545841,1787069614.8064475,C:\Users\har20\OneDrive\Desktop\project 1\code\quic-pqtls-bot-detection\capture\pcap_store\038036e0-a21c-421c-95a6-290a71710671.pcap
40e89fb2-82a7-4aeb-b32a-fe14693fc09c,93aa50de-d6ef-43de-88f8-ff2df544c8b9,human,1787069615.862674,1787069634.8920233,C:\Users\har20\OneDrive\Desktop\project 1\code\quic-pqtls-bot-detection\capture\pcap_store\40e89fb2-82a7-4aeb-b32a-fe14693fc09c.pcap
45c26071-c5e0-415c-9c28-382ea4c83de4,93aa50de-d6ef-43de-88f8-ff2df544c8b9,human,1787069635.8874037,1787069657.9815254,C:\Users\har20\OneDrive\Desktop\project 1\code\quic-pqtls-bot-detection\capture\pcap_store\45c26071-c5e0-415c-9c28-382ea4c83de4.pcap
87f4a194-e0e8-41f6-98d3-3074c02953ec,93aa50de-d6ef-43de-88f8-ff2df544c8b9,human,1787069658.9847343,1787069674.1443946,C:\Users\har20\OneDrive\Desktop\project 1\code\quic-pqtls-bot-detection\capture\pcap_store\87f4a194-e0e8-41f6-98d3-3074c02953ec.pcap
f7174fea-c125-4196-9377-7eac622e3b7e,31c66b12-4f0b-49f9-889e-e0abf53ce006,human,1787069675.1402478,1787069688.3869894,C:\Users\har20\OneDrive\Desktop\project 1\code\quic-pqtls-bot-detection\capture\pcap_store\f7174fea-c125-4196-9377-7eac622e3b7e.pcap
7beb5855-f088-4526-9f7d-4bd37e90a1a3,31c66b12-4f0b-49f9-889e-e0abf53ce006,human,1787069689.4499152,1787069703.5239816,C:\Users\har20\OneDrive\Desktop\project 1\code\quic-pqtls-bot-detection\capture\pcap_store\7beb5855-f088-4526-9f7d-4bd37e90a1a3.pcap
65089b00-3b7b-4900-b09c-2ce7a69615ea,31c66b12-4f0b-49f9-889e-e0abf53ce006,human,1787069704.5770245,1787069723.2527723,C:\Users\har20\OneDrive\Desktop\project 1\code\quic-pqtls-bot-detection\capture\pcap_store\65089b00-3b7b-4900-b09c-2ce7a69615ea.pcap
f7f3f4bf-ae7c-4e87-ac79-4623e9bf7f59,31c66b12-4f0b-49f9-889e-e0abf53ce006,human,1787069724.2606475,1787069761.3988187,C:\Users\har20\OneDrive\Desktop\project 1\code\quic-pqtls-bot-detection\capture\pcap_store\f7f3f4bf-ae7c-4e87-ac79-4623e9bf7f59.pcap
927b67ae-bf17-4332-a122-0f9d0dcb1aba,bd121887-0427-4e01-ac3e-4c3fda90a519,human,1787069762.4088137,1787069778.052015,C:\Users\har20\OneDrive\Desktop\project 1\code\quic-pqtls-bot-detection\capture\pcap_store\927b67ae-bf17-4332-a122-0f9d0dcb1aba.pcap
afe76737-d07e-4b2d-ac11-6383afc54df8,bd121887-0427-4e01-ac3e-4c3fda90a519,human,1787069779.0577788,1787069807.1284032,C:\Users\har20\OneDrive\Desktop\project 1\code\quic-pqtls-bot-detection\capture\pcap_store\afe76737-d07e-4b2d-ac11-6383afc54df8.pcap
d08cecd8-b03c-4658-b369-72884b6660d8,bd121887-0427-4e01-ac3e-4c3fda90a519,human,1787069808.2008977,1787069829.2592952,C:\Users\har20\OneDrive\Desktop\project 1\code\quic-pqtls-bot-detection\capture\pcap_store\d08cecd8-b03c-4658-b369-72884b6660d8.pcap
07f777e5-fc3d-41a9-a22e-32647fb50b98,bd121887-0427-4e01-ac3e-4c3fda90a519,human,1787069830.3392794,1787069866.319875,C:\Users\har20\OneDrive\Desktop\project 1\code\quic-pqtls-bot-detection\capture\pcap_store\07f777e5-fc3d-41a9-a22e-32647fb50b98.pcap
c653350c-c3b5-4c60-bc05-1be3b8a89713,0950533f-cbe4-4cb9-a0ee-69ef5306e175,human,1787069867.3744254,1787069909.8287508,C:\Users\har20\OneDrive\Desktop\project 1\code\quic-pqtls-bot-detection\capture\pcap_store\c653350c-c3b5-4c60-bc05-1be3b8a89713.pcap
153991bc-d1ac-4e59-836d-17cce6a57316,0950533f-cbe4-4cb9-a0ee-69ef5306e175,human,1787069910.832539,1787069934.943792,C:\Users\har20\OneDrive\Desktop\project 1\code\quic-pqtls-bot-detection\capture\pcap_store\153991bc-d1ac-4e59-836d-17cce6a57316.pcap
5529c29b-cce5-43f5-a280-57ae8e5e53ea,0950533f-cbe4-4cb9-a0ee-69ef5306e175,human,1787069936.102404,1787069977.9164462,C:\Users\har20\OneDrive\Desktop\project 1\code\quic-pqtls-bot-detection\capture\pcap_store\5529c29b-cce5-43f5-a280-57ae8e5e53ea.pcap
4bc19ea5-9cfa-4e29-8ecf-88b446b87e94,9c7e52c6-48ab-45c0-a01d-b9f70c7282d4,human,1787069978.9431424,1787070010.8273757,C:\Users\har20\OneDrive\Desktop\project 1\code\quic-pqtls-bot-detection\capture\pcap_store\4bc19ea5-9cfa-4e29-8ecf-88b446b87e94.pcap
a2ad0d7e-b7d6-4b85-9ea8-e6b74d39bde0,9c7e52c6-48ab-45c0-a01d-b9f70c7282d4,human,1787070011.8425696,1787070046.844381,C:\Users\har20\OneDrive\Desktop\project 1\code\quic-pqtls-bot-detection\capture\pcap_store\a2ad0d7e-b7d6-4b85-9ea8-e6b74d39bde0.pcap
7ee2f60c-37bc-42e3-981e-ed85baf25934,9c7e52c6-48ab-45c0-a01d-b9f70c7282d4,human,1787070047.9052248,1787070072.100093,C:\Users\har20\OneDrive\Desktop\project 1\code\quic-pqtls-bot-detection\capture\pcap_store\7ee2f60c-37bc-42e3-981e-ed85baf25934.pcap
23395b82-919e-47a2-90ba-55522369a953,32158f7a-0c5d-4aae-8a02-ad8524ebb300,human,1787070073.085622,1787070083.562342,C:\Users\har20\OneDrive\Desktop\project 1\code\quic-pqtls-bot-detection\capture\pcap_store\23395b82-919e-47a2-90ba-55522369a953.pcap
be6fae7d-8e84-4479-8135-3620059e276b,32158f7a-0c5d-4aae-8a02-ad8524ebb300,human,1787070084.5367706,1787070109.0095925,C:\Users\har20\OneDrive\Desktop\project 1\code\quic-pqtls-bot-detection\capture\pcap_store\be6fae7d-8e84-4479-8135-3620059e276b.pcap
78277c7a-396e-4b7d-8e8f-356486bad202,32158f7a-0c5d-4aae-8a02-ad8524ebb300,human,1787070110.0038264,1787070134.4497867,C:\Users\har20\OneDrive\Desktop\project 1\code\quic-pqtls-bot-detection\capture\pcap_store\78277c7a-396e-4b7d-8e8f-356486bad202.pcap
969cc49e-e559-43ad-9ba7-3a9af391bdab,32158f7a-0c5d-4aae-8a02-ad8524ebb300,human,1787070135.4557343,1787070159.6537719,C:\Users\har20\OneDrive\Desktop\project 1\code\quic-pqtls-bot-detection\capture\pcap_store\969cc49e-e559-43ad-9ba7-3a9af391bdab.pcap
7a7f2c8a-d3f4-433f-8d64-ccbd48eb77e1,7083fda1-1899-442a-97a0-e871353dfd57,human,1787070160.6562545,1787070191.6878638,C:\Users\har20\OneDrive\Desktop\project 1\code\quic-pqtls-bot-detection\capture\pcap_store\7a7f2c8a-d3f4-433f-8d64-ccbd48eb77e1.pcap
14238415-5e55-42aa-9631-893e87228ab0,7083fda1-1899-442a-97a0-e871353dfd57,human,1787070192.871099,1787070225.6206684,C:\Users\har20\OneDrive\Desktop\project 1\code\quic-pqtls-bot-detection\capture\pcap_store\14238415-5e55-42aa-9631-893e87228ab0.pcap
207ecbbf-bd09-41d3-8800-8c062f460c4b,7083fda1-1899-442a-97a0-e871353dfd57,human,1787070226.755509,1787070274.466379,C:\Users\har20\OneDrive\Desktop\project 1\code\quic-pqtls-bot-detection\capture\pcap_store\207ecbbf-bd09-41d3-8800-8c062f460c4b.pcap
68fce6cd-829a-437e-8647-4fa7d50328ea,7083fda1-1899-442a-97a0-e871353dfd57,human,1787070275.6251848,1787070305.6630528,C:\Users\har20\OneDrive\Desktop\project 1\code\quic-pqtls-bot-detection\capture\pcap_store\68fce6cd-829a-437e-8647-4fa7d50328ea.pcap
f1e7b756-6c6d-44c0-bcf4-9d3bb2f570b0,1a9641cd-206e-40f4-a298-a6fd8f1f8b64,human,1787070306.731168,1787070321.378106,C:\Users\har20\OneDrive\Desktop\project 1\code\quic-pqtls-bot-detection\capture\pcap_store\f1e7b756-6c6d-44c0-bcf4-9d3bb2f570b0.pcap
4d123438-a091-43cc-85fa-c229c1b6d87e,1a9641cd-206e-40f4-a298-a6fd8f1f8b64,human,1787070322.4182718,1787070356.635951,C:\Users\har20\OneDrive\Desktop\project 1\code\quic-pqtls-bot-detection\capture\pcap_store\4d123438-a091-43cc-85fa-c229c1b6d87e.pcap
4d3d44fc-8a06-43e4-a864-a3c28056b216,1a9641cd-206e-40f4-a298-a6fd8f1f8b64,human,1787070357.6849236,1787070390.4269292,C:\Users\har20\OneDrive\Desktop\project 1\code\quic-pqtls-bot-detection\capture\pcap_store\4d3d44fc-8a06-43e4-a864-a3c28056b216.pcap
562e7ee4-6abe-4de2-9f00-853b0e3366df,1a9641cd-206e-40f4-a298-a6fd8f1f8b64,human,1787070391.4773803,1787070428.5371106,C:\Users\har20\OneDrive\Desktop\project 1\code\quic-pqtls-bot-detection\capture\pcap_store\562e7ee4-6abe-4de2-9f00-853b0e3366df.pcap
5b4bfce2-02e0-4526-9a57-d357788c5bb2,1a9641cd-206e-40f4-a298-a6fd8f1f8b64,human,1787070429.558195,1787070457.7826872,C:\Users\har20\OneDrive\Desktop\project 1\code\quic-pqtls-bot-detection\capture\pcap_store\5b4bfce2-02e0-4526-9a57-d357788c5bb2.pcap
c99422d4-e04a-47c2-bc46-01cdcd36e641,83b50828-850a-4cf5-83bc-d1ea25628d8a,human,1787070458.8034751,1787070468.871627,C:\Users\har20\OneDrive\Desktop\project 1\code\quic-pqtls-bot-detection\capture\pcap_store\c99422d4-e04a-47c2-bc46-01cdcd36e641.pcap
ac9cf507-672f-47a1-afc4-51bf03697d86,83b50828-850a-4cf5-83bc-d1ea25628d8a,human,1787070469.9196055,1787070488.1734488,C:\Users\har20\OneDrive\Desktop\project 1\code\quic-pqtls-bot-detection\capture\pcap_store\ac9cf507-672f-47a1-afc4-51bf03697d86.pcap
510fa303-80af-459a-83d5-625853677333,83b50828-850a-4cf5-83bc-d1ea25628d8a,human,1787070489.2159102,1787070522.5688663,C:\Users\har20\OneDrive\Desktop\project 1\code\quic-pqtls-bot-detection\capture\pcap_store\510fa303-80af-459a-83d5-625853677333.pcap
9efa2c81-c82c-4c13-bfe9-662c1e7b1964,3a568b08-8d32-40d9-b271-215ab0136e8a,human,1787070523.6050293,1787070536.7891006,C:\Users\har20\OneDrive\Desktop\project 1\code\quic-pqtls-bot-detection\capture\pcap_store\9efa2c81-c82c-4c13-bfe9-662c1e7b1964.pcap
0890a88b-0c94-43f0-85fa-218ad325f3de,3a568b08-8d32-40d9-b271-215ab0136e8a,human,1787070537.8322732,1787070550.4208522,C:\Users\har20\OneDrive\Desktop\project 1\code\quic-pqtls-bot-detection\capture\pcap_store\0890a88b-0c94-43f0-85fa-218ad325f3de.pcap
12af17fa-53b6-4cb4-934d-065bcad45126,3a568b08-8d32-40d9-b271-215ab0136e8a,human,1787070551.463212,1787070590.569294,C:\Users\har20\OneDrive\Desktop\project 1\code\quic-pqtls-bot-detection\capture\pcap_store\12af17fa-53b6-4cb4-934d-065bcad45126.pcap
5abf57e4-e564-4e0a-9d2c-1ea295a4b58a,3a568b08-8d32-40d9-b271-215ab0136e8a,human,1787070591.6106818,1787070601.6844177,C:\Users\har20\OneDrive\Desktop\project 1\code\quic-pqtls-bot-detection\capture\pcap_store\5abf57e4-e564-4e0a-9d2c-1ea295a4b58a.pcap
9ba9a10f-3677-45f6-824a-fd4b5f492ba6,3a568b08-8d32-40d9-b271-215ab0136e8a,human,1787070602.7046163,1787070621.059834,C:\Users\har20\OneDrive\Desktop\project 1\code\quic-pqtls-bot-detection\capture\pcap_store\9ba9a10f-3677-45f6-824a-fd4b5f492ba6.pcap
78aced19-e55a-4a4e-bb59-594964e7d5b1,56853e71-df44-4944-b094-9e0ee0efbc59,human,1787070622.238746,1787070644.9217148,C:\Users\har20\OneDrive\Desktop\project 1\code\quic-pqtls-bot-detection\capture\pcap_store\78aced19-e55a-4a4e-bb59-594964e7d5b1.pcap
da846ddb-a3a1-4240-bdd2-574e9ed6e95c,56853e71-df44-4944-b094-9e0ee0efbc59,human,1787070646.106103,1787070684.894822,C:\Users\har20\OneDrive\Desktop\project 1\code\quic-pqtls-bot-detection\capture\pcap_store\da846ddb-a3a1-4240-bdd2-574e9ed6e95c.pcap
e65e46bf-a9f1-433e-9881-289ad8ed09ee,56853e71-df44-4944-b094-9e0ee0efbc59,human,1787070686.1056585,1787070714.4515862,C:\Users\har20\OneDrive\Desktop\project 1\code\quic-pqtls-bot-detection\capture\pcap_store\e65e46bf-a9f1-433e-9881-289ad8ed09ee.pcap
bd15ccc6-b278-436f-95e4-abce2018c164,599ddbf0-774d-4c77-9cf9-2c549fcd2823,human,1787070715.5936482,1787070745.7120485,C:\Users\har20\OneDrive\Desktop\project 1\code\quic-pqtls-bot-detection\capture\pcap_store\bd15ccc6-b278-436f-95e4-abce2018c164.pcap
368f7676-a22c-4a8e-a138-5a4a9ff7ab89,599ddbf0-774d-4c77-9cf9-2c549fcd2823,human,1787070746.8863697,1787070789.0462034,C:\Users\har20\OneDrive\Desktop\project 1\code\quic-pqtls-bot-detection\capture\pcap_store\368f7676-a22c-4a8e-a138-5a4a9ff7ab89.pcap
d62fd2ab-386d-4f3f-a435-8eab00c7d95f,599ddbf0-774d-4c77-9cf9-2c549fcd2823,human,1787070790.2071037,1787070806.6426985,C:\Users\har20\OneDrive\Desktop\project 1\code\quic-pqtls-bot-detection\capture\pcap_store\d62fd2ab-386d-4f3f-a435-8eab00c7d95f.pcap
d0c3c98c-79fb-4140-8f3f-5cdd81414e2a,599ddbf0-774d-4c77-9cf9-2c549fcd2823,human,1787070807.8985677,1787070830.00851,C:\Users\har20\OneDrive\Desktop\project 1\code\quic-pqtls-bot-detection\capture\pcap_store\d0c3c98c-79fb-4140-8f3f-5cdd81414e2a.pcap
6c3e4292-a2f7-4841-8090-a2ee560d9d76,1f4551bd-d5ca-422d-8a43-5697a3e8a35e,human,1787070831.1762536,1787070874.9604242,C:\Users\har20\OneDrive\Desktop\project 1\code\quic-pqtls-bot-detection\capture\pcap_store\6c3e4292-a2f7-4841-8090-a2ee560d9d76.pcap
1a9f6bc2-92cc-4d51-bd72-e1e47e846384,1f4551bd-d5ca-422d-8a43-5697a3e8a35e,human,1787070876.1258337,1787070893.6857042,C:\Users\har20\OneDrive\Desktop\project 1\code\quic-pqtls-bot-detection\capture\pcap_store\1a9f6bc2-92cc-4d51-bd72-e1e47e846384.pcap
c28b21bd-abdb-4b10-b518-8918600fec3c,1f4551bd-d5ca-422d-8a43-5697a3e8a35e,human,1787070894.8197947,1787070931.0086591,C:\Users\har20\OneDrive\Desktop\project 1\code\quic-pqtls-bot-detection\capture\pcap_store\c28b21bd-abdb-4b10-b518-8918600fec3c.pcap
b10ca337-e48e-4532-8e3e-d33db2fcafbb,1f4551bd-d5ca-422d-8a43-5697a3e8a35e,human,1787070932.165196,1787070956.469376,C:\Users\har20\OneDrive\Desktop\project 1\code\quic-pqtls-bot-detection\capture\pcap_store\b10ca337-e48e-4532-8e3e-d33db2fcafbb.pcap
08b52c8f-479c-404b-bfa7-b252d34afc18,410b7fce-109c-47ee-a3d1-c4a3d8d16402,human,1787070957.625084,1787070979.7944374,C:\Users\har20\OneDrive\Desktop\project 1\code\quic-pqtls-bot-detection\capture\pcap_store\08b52c8f-479c-404b-bfa7-b252d34afc18.pcap
256b95e2-f7cc-40bb-8b97-9e96413430b4,410b7fce-109c-47ee-a3d1-c4a3d8d16402,human,1787070980.8837478,1787071018.8393545,C:\Users\har20\OneDrive\Desktop\project 1\code\quic-pqtls-bot-detection\capture\pcap_store\256b95e2-f7cc-40bb-8b97-9e96413430b4.pcap
b300d8cc-946d-49c0-bce6-8b6d820135f2,410b7fce-109c-47ee-a3d1-c4a3d8d16402,human,1787071019.9891207,1787071046.6528249,C:\Users\har20\OneDrive\Desktop\project 1\code\quic-pqtls-bot-detection\capture\pcap_store\b300d8cc-946d-49c0-bce6-8b6d820135f2.pcap
2a6f7dc0-d1a8-4614-be1a-7e463f91f427,410b7fce-109c-47ee-a3d1-c4a3d8d16402,human,1787071047.7967052,1787071087.985746,C:\Users\har20\OneDrive\Desktop\project 1\code\quic-pqtls-bot-detection\capture\pcap_store\2a6f7dc0-d1a8-4614-be1a-7e463f91f427.pcap
4626e8f2-e840-41b0-b010-862b2c6519c9,410b7fce-109c-47ee-a3d1-c4a3d8d16402,human,1787071089.1300383,1787071114.5981312,C:\Users\har20\OneDrive\Desktop\project 1\code\quic-pqtls-bot-detection\capture\pcap_store\4626e8f2-e840-41b0-b010-862b2c6519c9.pcap
20e6ce9b-2839-4fbe-bf3a-60ef6c1d39cb,1ecba092-7ca2-436d-ad8d-27691956e429,human,1787071115.755454,1787071129.3095536,C:\Users\har20\OneDrive\Desktop\project 1\code\quic-pqtls-bot-detection\capture\pcap_store\20e6ce9b-2839-4fbe-bf3a-60ef6c1d39cb.pcap
f6be020d-30ea-44a3-8f10-fddf8dd606a9,1ecba092-7ca2-436d-ad8d-27691956e429,human,1787071130.4722068,1787071171.4981525,C:\Users\har20\OneDrive\Desktop\project 1\code\quic-pqtls-bot-detection\capture\pcap_store\f6be020d-30ea-44a3-8f10-fddf8dd606a9.pcap
f5255a80-0e51-4ad5-b36a-e95bfac474ac,1ecba092-7ca2-436d-ad8d-27691956e429,human,1787071172.6579945,1787071193.5989568,C:\Users\har20\OneDrive\Desktop\project 1\code\quic-pqtls-bot-detection\capture\pcap_store\f5255a80-0e51-4ad5-b36a-e95bfac474ac.pcap
f7a828bf-a447-4e70-a52b-fc092e27a2ae,1ecba092-7ca2-436d-ad8d-27691956e429,human,1787071194.7527838,1787071229.3185997,C:\Users\har20\OneDrive\Desktop\project 1\code\quic-pqtls-bot-detection\capture\pcap_store\f7a828bf-a447-4e70-a52b-fc092e27a2ae.pcap
a99bf05c-7788-4d5d-be10-1ef897f19e3f,9a5f3b83-7732-49c1-84b7-1842f8fdc424,human,1787071230.471512,1787071243.7423966,C:\Users\har20\OneDrive\Desktop\project 1\code\quic-pqtls-bot-detection\capture\pcap_store\a99bf05c-7788-4d5d-be10-1ef897f19e3f.pcap
00180f12-a401-432f-b3a0-e91695f8b537,9a5f3b83-7732-49c1-84b7-1842f8fdc424,human,1787071245.1798925,1787071274.5024538,C:\Users\har20\OneDrive\Desktop\project 1\code\quic-pqtls-bot-detection\capture\pcap_store\00180f12-a401-432f-b3a0-e91695f8b537.pcap
1b671334-231c-416f-9c79-08edc3d107de,9a5f3b83-7732-49c1-84b7-1842f8fdc424,human,1787071275.657739,1787071288.4283571,C:\Users\har20\OneDrive\Desktop\project 1\code\quic-pqtls-bot-detection\capture\pcap_store\1b671334-231c-416f-9c79-08edc3d107de.pcap
faeddbe8-a084-42e2-9c26-66cf52dcd3f0,9a5f3b83-7732-49c1-84b7-1842f8fdc424,human,1787071289.59065,1787071305.805863,C:\Users\har20\OneDrive\Desktop\project 1\code\quic-pqtls-bot-detection\capture\pcap_store\faeddbe8-a084-42e2-9c26-66cf52dcd3f0.pcap
85fecc03-8b5e-44a5-a557-45fce5009c30,ae026b03-0026-485f-ac02-dddee791cd47,human,1787071306.965516,1787071340.4732287,C:\Users\har20\OneDrive\Desktop\project 1\code\quic-pqtls-bot-detection\capture\pcap_store\85fecc03-8b5e-44a5-a557-45fce5009c30.pcap
aa44f61e-e36e-47b5-86f2-18b264e41889,ae026b03-0026-485f-ac02-dddee791cd47,human,1787071341.6238751,1787071359.2718527,C:\Users\har20\OneDrive\Desktop\project 1\code\quic-pqtls-bot-detection\capture\pcap_store\aa44f61e-e36e-47b5-86f2-18b264e41889.pcap
3e52f2c9-1696-4cbe-b578-69c8a5b36d4f,ae026b03-0026-485f-ac02-dddee791cd47,human,1787071360.486813,1787071386.3159556,C:\Users\har20\OneDrive\Desktop\project 1\code\quic-pqtls-bot-detection\capture\pcap_store\3e52f2c9-1696-4cbe-b578-69c8a5b36d4f.pcap
94eb09e9-6903-46ac-a18a-e46e370425d1,ae026b03-0026-485f-ac02-dddee791cd47,human,1787071387.5144973,1787071402.555406,C:\Users\har20\OneDrive\Desktop\project 1\code\quic-pqtls-bot-detection\capture\pcap_store\94eb09e9-6903-46ac-a18a-e46e370425d1.pcap
e3178a37-a35a-4509-aec2-d5b37f3373af,ae026b03-0026-485f-ac02-dddee791cd47,human,1787071403.599185,1787071437.2523303,C:\Users\har20\OneDrive\Desktop\project 1\code\quic-pqtls-bot-detection\capture\pcap_store\e3178a37-a35a-4509-aec2-d5b37f3373af.pcap
60e4a97c-66ab-429c-a125-a207f9250576,a2a34157-6edb-4d58-a158-016f233d5963,human,1787071438.4058208,1787071453.830301,C:\Users\har20\OneDrive\Desktop\project 1\code\quic-pqtls-bot-detection\capture\pcap_store\60e4a97c-66ab-429c-a125-a207f9250576.pcap
401edc03-3673-4027-8442-2fae4ba7a2d5,a2a34157-6edb-4d58-a158-016f233d5963,human,1787071454.991057,1787071468.406657,C:\Users\har20\OneDrive\Desktop\project 1\code\quic-pqtls-bot-detection\capture\pcap_store\401edc03-3673-4027-8442-2fae4ba7a2d5.pcap
e32db658-5489-47f3-ac72-a2243cbaec73,a2a34157-6edb-4d58-a158-016f233d5963,human,1787071469.5375948,1787071505.2106586,C:\Users\har20\OneDrive\Desktop\project 1\code\quic-pqtls-bot-detection\capture\pcap_store\e32db658-5489-47f3-ac72-a2243cbaec73.pcap
9e91b546-27a4-4639-97d5-11128ae0a85e,4adf1a40-4b6f-4d5b-a213-0d4287f89ff8,human,1787071506.3712537,1787071527.4588974,C:\Users\har20\OneDrive\Desktop\project 1\code\quic-pqtls-bot-detection\capture\pcap_store\9e91b546-27a4-4639-97d5-11128ae0a85e.pcap
48c5bd14-5c97-48bb-a59c-36840609d3fe,4adf1a40-4b6f-4d5b-a213-0d4287f89ff8,human,1787071528.6687253,1787071559.9836178,C:\Users\har20\OneDrive\Desktop\project 1\code\quic-pqtls-bot-detection\capture\pcap_store\48c5bd14-5c97-48bb-a59c-36840609d3fe.pcap
6ecd2725-8429-449d-8e1d-7a13d4ca578d,4adf1a40-4b6f-4d5b-a213-0d4287f89ff8,human,1787071561.1400094,1787071591.39283,C:\Users\har20\OneDrive\Desktop\project 1\code\quic-pqtls-bot-detection\capture\pcap_store\6ecd2725-8429-449d-8e1d-7a13d4ca578d.pcap
3a6889ee-1bad-466b-a90d-2d0fa040ae09,4adf1a40-4b6f-4d5b-a213-0d4287f89ff8,human,1787071592.5962453,1787071625.4449654,C:\Users\har20\OneDrive\Desktop\project 1\code\quic-pqtls-bot-detection\capture\pcap_store\3a6889ee-1bad-466b-a90d-2d0fa040ae09.pcap
7f2b9874-f4fd-47bf-96e0-8b622d53b3b8,4adf1a40-4b6f-4d5b-a213-0d4287f89ff8,human,1787071626.6398726,1787071655.0634189,C:\Users\har20\OneDrive\Desktop\project 1\code\quic-pqtls-bot-detection\capture\pcap_store\7f2b9874-f4fd-47bf-96e0-8b622d53b3b8.pcap
57ec008d-ecf2-4063-ab06-398c27a9c311,a750656d-d977-4fe2-9fd6-bca5fcb87ff4,human,1787071656.2200797,1787071696.2953534,C:\Users\har20\OneDrive\Desktop\project 1\code\quic-pqtls-bot-detection\capture\pcap_store\57ec008d-ecf2-4063-ab06-398c27a9c311.pcap
011ef106-3707-4a60-8462-ebdd97c65406,a750656d-d977-4fe2-9fd6-bca5fcb87ff4,human,1787071697.491291,1787071733.6382453,C:\Users\har20\OneDrive\Desktop\project 1\code\quic-pqtls-bot-detection\capture\pcap_store\011ef106-3707-4a60-8462-ebdd97c65406.pcap
a6a98c1e-3f6f-4d8f-9979-2759a6608e19,a750656d-d977-4fe2-9fd6-bca5fcb87ff4,human,1787071734.793845,1787071768.1273208,C:\Users\har20\OneDrive\Desktop\project 1\code\quic-pqtls-bot-detection\capture\pcap_store\a6a98c1e-3f6f-4d8f-9979-2759a6608e19.pcap
fe363bbd-cdc9-4323-8f19-d83c437adce9,a750656d-d977-4fe2-9fd6-bca5fcb87ff4,human,1787071769.3443308,1787071789.9430454,C:\Users\har20\OneDrive\Desktop\project 1\code\quic-pqtls-bot-detection\capture\pcap_store\fe363bbd-cdc9-4323-8f19-d83c437adce9.pcap
43ba0ced-7548-452e-9aca-dfd17f201943,a750656d-d977-4fe2-9fd6-bca5fcb87ff4,human,1787071791.095106,1787071814.3834357,C:\Users\har20\OneDrive\Desktop\project 1\code\quic-pqtls-bot-detection\capture\pcap_store\43ba0ced-7548-452e-9aca-dfd17f201943.pcap
1dee1fcd-5bf1-4fad-a7d9-360930f73703,08a69af8-85d0-4911-9686-c5be5f09d8d7,human,1787071815.5867348,1787071838.625466,C:\Users\har20\OneDrive\Desktop\project 1\code\quic-pqtls-bot-detection\capture\pcap_store\1dee1fcd-5bf1-4fad-a7d9-360930f73703.pcap
1f420930-98a3-47e0-90ba-459ad5efab03,08a69af8-85d0-4911-9686-c5be5f09d8d7,human,1787071839.7948828,1787071871.9647694,C:\Users\har20\OneDrive\Desktop\project 1\code\quic-pqtls-bot-detection\capture\pcap_store\1f420930-98a3-47e0-90ba-459ad5efab03.pcap
0182c970-607e-40f0-9334-fa890b983b95,08a69af8-85d0-4911-9686-c5be5f09d8d7,human,1787071873.1100676,1787071890.6656215,C:\Users\har20\OneDrive\Desktop\project 1\code\quic-pqtls-bot-detection\capture\pcap_store\0182c970-607e-40f0-9334-fa890b983b95.pcap
8affaa67-c75f-434b-93f6-f4d687cb030f,08a69af8-85d0-4911-9686-c5be5f09d8d7,human,1787071892.1276252,1787071924.5326743,C:\Users\har20\OneDrive\Desktop\project 1\code\quic-pqtls-bot-detection\capture\pcap_store\8affaa67-c75f-434b-93f6-f4d687cb030f.pcap
deba2b05-6023-47c5-a9e0-a79ca9b0b3b6,08a69af8-85d0-4911-9686-c5be5f09d8d7,human,1787071926.0139637,1787071945.1447144,C:\Users\har20\OneDrive\Desktop\project 1\code\quic-pqtls-bot-detection\capture\pcap_store\deba2b05-6023-47c5-a9e0-a79ca9b0b3b6.pcap
64e7cb3c-9d73-4eef-8a2e-c971cc0571ba,d8bb22a0-86f4-4926-900a-2c0b091cf6a4,human,1787071946.3051863,1787071966.7382321,C:\Users\har20\OneDrive\Desktop\project 1\code\quic-pqtls-bot-detection\capture\pcap_store\64e7cb3c-9d73-4eef-8a2e-c971cc0571ba.pcap
7ff209f4-17b0-4945-abc0-b1f23eab5f41,d8bb22a0-86f4-4926-900a-2c0b091cf6a4,human,1787071967.9728537,1787071996.6062973,C:\Users\har20\OneDrive\Desktop\project 1\code\quic-pqtls-bot-detection\capture\pcap_store\7ff209f4-17b0-4945-abc0-b1f23eab5f41.pcap
d25f56d1-6f54-457c-896a-91267855c8fe,d8bb22a0-86f4-4926-900a-2c0b091cf6a4,human,1787071997.800395,1787072025.8542318,C:\Users\har20\OneDrive\Desktop\project 1\code\quic-pqtls-bot-detection\capture\pcap_store\d25f56d1-6f54-457c-896a-91267855c8fe.pcap
2b508660-71fd-4a7c-bec9-292c16daafb0,d8bb22a0-86f4-4926-900a-2c0b091cf6a4,human,1787072027.0101638,1787072051.4175837,C:\Users\har20\OneDrive\Desktop\project 1\code\quic-pqtls-bot-detection\capture\pcap_store\2b508660-71fd-4a7c-bec9-292c16daafb0.pcap
1ccde273-ed20-4242-bd9e-f6fa606b8a1c,d8bb22a0-86f4-4926-900a-2c0b091cf6a4,human,1787072052.602374,1787072089.9406395,C:\Users\har20\OneDrive\Desktop\project 1\code\quic-pqtls-bot-detection\capture\pcap_store\1ccde273-ed20-4242-bd9e-f6fa606b8a1c.pcap
63d75cf2-87c5-4beb-8760-2d8cd4aa4696,60372de2-fbe0-4d04-aa25-39c0862e3cfa,human,1787072091.0980258,1787072117.8302572,C:\Users\har20\OneDrive\Desktop\project 1\code\quic-pqtls-bot-detection\capture\pcap_store\63d75cf2-87c5-4beb-8760-2d8cd4aa4696.pcap
44239b81-4fe2-4cfc-8987-e5b9ec9e3679,60372de2-fbe0-4d04-aa25-39c0862e3cfa,human,1787072118.9856637,1787072133.5132315,C:\Users\har20\OneDrive\Desktop\project 1\code\quic-pqtls-bot-detection\capture\pcap_store\44239b81-4fe2-4cfc-8987-e5b9ec9e3679.pcap
04cfa537-f5d2-407b-9fd4-6622e82bceb2,60372de2-fbe0-4d04-aa25-39c0862e3cfa,human,1787072134.6687922,1787072166.5679433,C:\Users\har20\OneDrive\Desktop\project 1\code\quic-pqtls-bot-detection\capture\pcap_store\04cfa537-f5d2-407b-9fd4-6622e82bceb2.pcap
b5e808d2-5705-4fb8-9de5-0bbf9bdab6c5,60372de2-fbe0-4d04-aa25-39c0862e3cfa,human,1787072167.7237692,1787072201.0909069,C:\Users\har20\OneDrive\Desktop\project 1\code\quic-pqtls-bot-detection\capture\pcap_store\b5e808d2-5705-4fb8-9de5-0bbf9bdab6c5.pcap
1f0a61e0-6fc9-4f18-a7f4-c9143491eca6,f42ec500-5272-46f7-852c-8b9017fe4915,human,1787072202.2484515,1787072226.719975,C:\Users\har20\OneDrive\Desktop\project 1\code\quic-pqtls-bot-detection\capture\pcap_store\1f0a61e0-6fc9-4f18-a7f4-c9143491eca6.pcap
6cecf262-4000-4510-9bd5-210bf541feb0,f42ec500-5272-46f7-852c-8b9017fe4915,human,1787072227.9782703,1787072251.300065,C:\Users\har20\OneDrive\Desktop\project 1\code\quic-pqtls-bot-detection\capture\pcap_store\6cecf262-4000-4510-9bd5-210bf541feb0.pcap
f92d90bb-f897-49a1-a4ba-139c8203e343,f42ec500-5272-46f7-852c-8b9017fe4915,human,1787072252.449971,1787072268.9489708,C:\Users\har20\OneDrive\Desktop\project 1\code\quic-pqtls-bot-detection\capture\pcap_store\f92d90bb-f897-49a1-a4ba-139c8203e343.pcap
4653dd84-acab-4f32-bf4e-38dbbc6675b8,f42ec500-5272-46f7-852c-8b9017fe4915,human,1787072270.1066616,1787072307.1958635,C:\Users\har20\OneDrive\Desktop\project 1\code\quic-pqtls-bot-detection\capture\pcap_store\4653dd84-acab-4f32-bf4e-38dbbc6675b8.pcap
efc07744-436b-4fc2-832b-7d72935cdd28,f42ec500-5272-46f7-852c-8b9017fe4915,human,1787072308.3540885,1787072338.8405545,C:\Users\har20\OneDrive\Desktop\project 1\code\quic-pqtls-bot-detection\capture\pcap_store\efc07744-436b-4fc2-832b-7d72935cdd28.pcap
9a05c45f-5140-4526-9ba9-6d00a72915f6,289211d5-cea5-413d-bbdd-bc5eda1a5e42,human,1787072339.9886425,1787072354.806187,C:\Users\har20\OneDrive\Desktop\project 1\code\quic-pqtls-bot-detection\capture\pcap_store\9a05c45f-5140-4526-9ba9-6d00a72915f6.pcap
545f04c0-1523-4711-a1be-60824a161a03,289211d5-cea5-413d-bbdd-bc5eda1a5e42,human,1787072355.9603608,1787072380.4295182,C:\Users\har20\OneDrive\Desktop\project 1\code\quic-pqtls-bot-detection\capture\pcap_store\545f04c0-1523-4711-a1be-60824a161a03.pcap
f44f05e9-129d-4d9b-bb4a-7b4de30941ca,289211d5-cea5-413d-bbdd-bc5eda1a5e42,human,1787072381.5777586,1787072419.270682,C:\Users\har20\OneDrive\Desktop\project 1\code\quic-pqtls-bot-detection\capture\pcap_store\f44f05e9-129d-4d9b-bb4a-7b4de30941ca.pcap
63696a99-b776-4c36-a436-2d9801da5a01,289211d5-cea5-413d-bbdd-bc5eda1a5e42,human,1787072420.4295173,1787072451.416031,C:\Users\har20\OneDrive\Desktop\project 1\code\quic-pqtls-bot-detection\capture\pcap_store\63696a99-b776-4c36-a436-2d9801da5a01.pcap
9b053c3a-dd6b-49cd-a040-e5b146fbcbff,b6beaec3-16ca-40a3-be4d-01d68e292ac1,human,1787072452.6760306,1787072479.5195494,C:\Users\har20\OneDrive\Desktop\project 1\code\quic-pqtls-bot-detection\capture\pcap_store\9b053c3a-dd6b-49cd-a040-e5b146fbcbff.pcap
a68a3680-ddd3-4ded-91f5-3373455beb73,b6beaec3-16ca-40a3-be4d-01d68e292ac1,human,1787072480.672543,1787072514.136364,C:\Users\har20\OneDrive\Desktop\project 1\code\quic-pqtls-bot-detection\capture\pcap_store\a68a3680-ddd3-4ded-91f5-3373455beb73.pcap
eb478d4f-d5b8-403b-ba9b-d909bafd5402,b6beaec3-16ca-40a3-be4d-01d68e292ac1,human,1787072515.2881305,1787072551.0853622,C:\Users\har20\OneDrive\Desktop\project 1\code\quic-pqtls-bot-detection\capture\pcap_store\eb478d4f-d5b8-403b-ba9b-d909bafd5402.pcap
ccc07fb8-c57f-4b18-9ca8-9e7f529f1b29,b6beaec3-16ca-40a3-be4d-01d68e292ac1,human,1787072552.274211,1787072581.5477433,C:\Users\har20\OneDrive\Desktop\project 1\code\quic-pqtls-bot-detection\capture\pcap_store\ccc07fb8-c57f-4b18-9ca8-9e7f529f1b29.pcap
d460c95b-1371-47cc-971b-951912b7526d,b6beaec3-16ca-40a3-be4d-01d68e292ac1,human,1787072582.7106326,1787072598.6541739,C:\Users\har20\OneDrive\Desktop\project 1\code\quic-pqtls-bot-detection\capture\pcap_store\d460c95b-1371-47cc-971b-951912b7526d.pcap
29be65d8-260c-413e-8c3d-aa3600b56c29,912255ed-85d4-4dc9-b3ad-297dd1c3ccf8,human,1787072599.8127623,1787072629.7835724,C:\Users\har20\OneDrive\Desktop\project 1\code\quic-pqtls-bot-detection\capture\pcap_store\29be65d8-260c-413e-8c3d-aa3600b56c29.pcap
bd5d61d3-50ae-4648-acda-7b90abb0a207,912255ed-85d4-4dc9-b3ad-297dd1c3ccf8,human,1787072630.9335182,1787072648.752018,C:\Users\har20\OneDrive\Desktop\project 1\code\quic-pqtls-bot-detection\capture\pcap_store\bd5d61d3-50ae-4648-acda-7b90abb0a207.pcap
08d7dba3-7227-45fb-a9db-d79f407de5f8,912255ed-85d4-4dc9-b3ad-297dd1c3ccf8,human,1787072649.8944879,1787072692.6546261,C:\Users\har20\OneDrive\Desktop\project 1\code\quic-pqtls-bot-detection\capture\pcap_store\08d7dba3-7227-45fb-a9db-d79f407de5f8.pcap
c5b86676-9162-4d5f-8143-aed8908d5ea1,5000b7dd-e88d-4672-a2e1-f91f396d16fe,human,1787072693.8153114,1787072728.364727,C:\Users\har20\OneDrive\Desktop\project 1\code\quic-pqtls-bot-detection\capture\pcap_store\c5b86676-9162-4d5f-8143-aed8908d5ea1.pcap
1ebb96be-d2f7-471c-8cdf-167c1758dad0,5000b7dd-e88d-4672-a2e1-f91f396d16fe,human,1787072729.553382,1787072750.112471,C:\Users\har20\OneDrive\Desktop\project 1\code\quic-pqtls-bot-detection\capture\pcap_store\1ebb96be-d2f7-471c-8cdf-167c1758dad0.pcap
8d7f339e-7d39-4b76-8525-afac889e9438,5000b7dd-e88d-4672-a2e1-f91f396d16fe,human,1787072751.2748554,1787072772.7326796,C:\Users\har20\OneDrive\Desktop\project 1\code\quic-pqtls-bot-detection\capture\pcap_store\8d7f339e-7d39-4b76-8525-afac889e9438.pcap
c023b895-530b-4f9a-b171-822eae3032c6,5000b7dd-e88d-4672-a2e1-f91f396d16fe,human,1787072774.2419088,1787072791.3043277,C:\Users\har20\OneDrive\Desktop\project 1\code\quic-pqtls-bot-detection\capture\pcap_store\c023b895-530b-4f9a-b171-822eae3032c6.pcap
dc56a332-fee6-4dce-ab7a-bd02537e171e,1ce44c62-44f4-4f6d-aa0f-2c437e0e07c0,human,1787072792.4649892,1787072823.2879634,C:\Users\har20\OneDrive\Desktop\project 1\code\quic-pqtls-bot-detection\capture\pcap_store\dc56a332-fee6-4dce-ab7a-bd02537e171e.pcap
541c9e4c-2396-4ed5-a6c9-8cdce5346f6c,1ce44c62-44f4-4f6d-aa0f-2c437e0e07c0,human,1787072824.4442942,1787072846.4534242,C:\Users\har20\OneDrive\Desktop\project 1\code\quic-pqtls-bot-detection\capture\pcap_store\541c9e4c-2396-4ed5-a6c9-8cdce5346f6c.pcap
84fe9a2f-74fd-4ce8-afd9-92dce7c809b6,1ce44c62-44f4-4f6d-aa0f-2c437e0e07c0,human,1787072847.6082356,1787072873.5045156,C:\Users\har20\OneDrive\Desktop\project 1\code\quic-pqtls-bot-detection\capture\pcap_store\84fe9a2f-74fd-4ce8-afd9-92dce7c809b6.pcap
f08ec459-da57-4bf5-ace8-c4367263d8c2,1ce44c62-44f4-4f6d-aa0f-2c437e0e07c0,human,1787072874.6515672,1787072896.1212583,C:\Users\har20\OneDrive\Desktop\project 1\code\quic-pqtls-bot-detection\capture\pcap_store\f08ec459-da57-4bf5-ace8-c4367263d8c2.pcap
a2084a08-ee47-407e-92a9-248cf993cd89,afed98dd-919f-4a90-b30d-8db631845375,human,1787072897.258928,1787072915.1218066,C:\Users\har20\OneDrive\Desktop\project 1\code\quic-pqtls-bot-detection\capture\pcap_store\a2084a08-ee47-407e-92a9-248cf993cd89.pcap
bc5c9edb-e1c2-48d8-91b4-bdcb9b67f317,afed98dd-919f-4a90-b30d-8db631845375,human,1787072916.2770739,1787072950.801094,C:\Users\har20\OneDrive\Desktop\project 1\code\quic-pqtls-bot-detection\capture\pcap_store\bc5c9edb-e1c2-48d8-91b4-bdcb9b67f317.pcap
0ded4aea-3539-4588-bc05-320c1212db2a,afed98dd-919f-4a90-b30d-8db631845375,human,1787072951.9624445,1787072988.1543136,C:\Users\har20\OneDrive\Desktop\project 1\code\quic-pqtls-bot-detection\capture\pcap_store\0ded4aea-3539-4588-bc05-320c1212db2a.pcap
055141d4-ff45-483a-99c1-9401066439bd,afed98dd-919f-4a90-b30d-8db631845375,human,1787072989.2964425,1787073014.328884,C:\Users\har20\OneDrive\Desktop\project 1\code\quic-pqtls-bot-detection\capture\pcap_store\055141d4-ff45-483a-99c1-9401066439bd.pcap
c1030c66-5fe0-48fc-bcbe-4651a629f061,ad6a60c1-a515-4368-a077-faddb039721a,human,1787073015.4577966,1787073043.4603791,C:\Users\har20\OneDrive\Desktop\project 1\code\quic-pqtls-bot-detection\capture\pcap_store\c1030c66-5fe0-48fc-bcbe-4651a629f061.pcap
43f450cd-6d33-499c-869c-cdf354000a0e,ad6a60c1-a515-4368-a077-faddb039721a,human,1787073044.5980396,1787073065.031795,C:\Users\har20\OneDrive\Desktop\project 1\code\quic-pqtls-bot-detection\capture\pcap_store\43f450cd-6d33-499c-869c-cdf354000a0e.pcap
971ce1b1-7117-4ded-8abe-44d9dcfdab0e,ad6a60c1-a515-4368-a077-faddb039721a,human,1787073066.190534,1787073098.203051,C:\Users\har20\OneDrive\Desktop\project 1\code\quic-pqtls-bot-detection\capture\pcap_store\971ce1b1-7117-4ded-8abe-44d9dcfdab0e.pcap
b38691ea-12ba-449e-9e41-a3495fe99aa8,ad6a60c1-a515-4368-a077-faddb039721a,human,1787073099.361435,1787073132.1068015,C:\Users\har20\OneDrive\Desktop\project 1\code\quic-pqtls-bot-detection\capture\pcap_store\b38691ea-12ba-449e-9e41-a3495fe99aa8.pcap
750318b7-31c9-4fda-8696-a25674f3223c,d0528949-36e1-46d6-b4e5-9425f48a54a3,human,1787073133.5932837,1787073173.3358805,C:\Users\har20\OneDrive\Desktop\project 1\code\quic-pqtls-bot-detection\capture\pcap_store\750318b7-31c9-4fda-8696-a25674f3223c.pcap
c6973dc9-bae6-43bc-8411-dc602a55ea38,d0528949-36e1-46d6-b4e5-9425f48a54a3,human,1787073174.4909458,1787073193.9143474,C:\Users\har20\OneDrive\Desktop\project 1\code\quic-pqtls-bot-detection\capture\pcap_store\c6973dc9-bae6-43bc-8411-dc602a55ea38.pcap
a2bb948b-c4e1-40e2-bf2e-6ff8e2952091,d0528949-36e1-46d6-b4e5-9425f48a54a3,human,1787073195.0567336,1787073213.680985,C:\Users\har20\OneDrive\Desktop\project 1\code\quic-pqtls-bot-detection\capture\pcap_store\a2bb948b-c4e1-40e2-bf2e-6ff8e2952091.pcap
0c947950-7bc1-4c41-a907-57d63ead3980,d0528949-36e1-46d6-b4e5-9425f48a54a3,human,1787073214.8340392,1787073245.1722047,C:\Users\har20\OneDrive\Desktop\project 1\code\quic-pqtls-bot-detection\capture\pcap_store\0c947950-7bc1-4c41-a907-57d63ead3980.pcap
6ca3d512-f3c2-4d26-8eb0-f1467b0ffcf4,d0528949-36e1-46d6-b4e5-9425f48a54a3,human,1787073246.3232665,1787073286.2559803,C:\Users\har20\OneDrive\Desktop\project 1\code\quic-pqtls-bot-detection\capture\pcap_store\6ca3d512-f3c2-4d26-8eb0-f1467b0ffcf4.pcap
2afefad4-c757-4212-afa7-eec81342ffde,3b1dddec-12d5-4669-90b5-e2d62e8955ba,human,1787073287.4127629,1787073319.2474873,C:\Users\har20\OneDrive\Desktop\project 1\code\quic-pqtls-bot-detection\capture\pcap_store\2afefad4-c757-4212-afa7-eec81342ffde.pcap
2f7ce152-020b-4e25-9603-a716d4814e71,3b1dddec-12d5-4669-90b5-e2d62e8955ba,human,1787073320.4028034,1787073356.6918895,C:\Users\har20\OneDrive\Desktop\project 1\code\quic-pqtls-bot-detection\capture\pcap_store\2f7ce152-020b-4e25-9603-a716d4814e71.pcap
ba9f7def-8526-4f78-922b-b031964be3f6,3b1dddec-12d5-4669-90b5-e2d62e8955ba,human,1787073357.9527826,1787073393.8928392,C:\Users\har20\OneDrive\Desktop\project 1\code\quic-pqtls-bot-detection\capture\pcap_store\ba9f7def-8526-4f78-922b-b031964be3f6.pcap
cf56c85e-3511-4dcf-bc62-b4d68652a8af,68cb56f1-c602-47b9-8f2e-d9e24a2d7f50,human,1787073395.029299,1787073414.8009994,C:\Users\har20\OneDrive\Desktop\project 1\code\quic-pqtls-bot-detection\capture\pcap_store\cf56c85e-3511-4dcf-bc62-b4d68652a8af.pcap
30050eca-6938-4c69-bd67-5484e5436148,68cb56f1-c602-47b9-8f2e-d9e24a2d7f50,human,1787073415.9500933,1787073441.105348,C:\Users\har20\OneDrive\Desktop\project 1\code\quic-pqtls-bot-detection\capture\pcap_store\30050eca-6938-4c69-bd67-5484e5436148.pcap
a4483f47-de0f-49c1-80b0-850d914c956e,68cb56f1-c602-47b9-8f2e-d9e24a2d7f50,human,1787073442.247388,1787073481.2526047,C:\Users\har20\OneDrive\Desktop\project 1\code\quic-pqtls-bot-detection\capture\pcap_store\a4483f47-de0f-49c1-80b0-850d914c956e.pcap
9f225154-2ea4-419d-85ba-61071cc43ec8,68cb56f1-c602-47b9-8f2e-d9e24a2d7f50,human,1787073482.4026213,1787073503.7865934,C:\Users\har20\OneDrive\Desktop\project 1\code\quic-pqtls-bot-detection\capture\pcap_store\9f225154-2ea4-419d-85ba-61071cc43ec8.pcap
7083159d-be58-416c-9f91-9dd01c966b20,eb39c565-bde7-4877-8667-7c0a0e92241b,human,1787073504.9229133,1787073537.3890882,C:\Users\har20\OneDrive\Desktop\project 1\code\quic-pqtls-bot-detection\capture\pcap_store\7083159d-be58-416c-9f91-9dd01c966b20.pcap
7b736ffb-70e2-47ed-8fc6-dd9894ec6d5d,eb39c565-bde7-4877-8667-7c0a0e92241b,human,1787073538.5384495,1787073559.6063204,C:\Users\har20\OneDrive\Desktop\project 1\code\quic-pqtls-bot-detection\capture\pcap_store\7b736ffb-70e2-47ed-8fc6-dd9894ec6d5d.pcap
54b44714-d45f-43d6-9668-8bfa177febf4,eb39c565-bde7-4877-8667-7c0a0e92241b,human,1787073560.7580817,1787073582.2961771,C:\Users\har20\OneDrive\Desktop\project 1\code\quic-pqtls-bot-detection\capture\pcap_store\54b44714-d45f-43d6-9668-8bfa177febf4.pcap
3b01c52a-1045-44e2-88ea-61bd1ebfe478,eb39c565-bde7-4877-8667-7c0a0e92241b,human,1787073583.45575,1787073630.0648024,C:\Users\har20\OneDrive\Desktop\project 1\code\quic-pqtls-bot-detection\capture\pcap_store\3b01c52a-1045-44e2-88ea-61bd1ebfe478.pcap
14d3f15b-1340-4096-894f-246cd61c1344,eb39c565-bde7-4877-8667-7c0a0e92241b,human,1787073631.2133796,1787073671.3482792,C:\Users\har20\OneDrive\Desktop\project 1\code\quic-pqtls-bot-detection\capture\pcap_store\14d3f15b-1340-4096-894f-246cd61c1344.pcap
e9bf3500-b8bb-499f-87a0-c86c5b06bfdb,e83ac3e6-b899-4fbb-bc1b-8b4143362408,human,1787073672.5083528,1787073714.4722912,C:\Users\har20\OneDrive\Desktop\project 1\code\quic-pqtls-bot-detection\capture\pcap_store\e9bf3500-b8bb-499f-87a0-c86c5b06bfdb.pcap
b98e89e6-e4bf-4acc-8006-31c1b6a07f55,e83ac3e6-b899-4fbb-bc1b-8b4143362408,human,1787073715.6220798,1787073751.0276399,C:\Users\har20\OneDrive\Desktop\project 1\code\quic-pqtls-bot-detection\capture\pcap_store\b98e89e6-e4bf-4acc-8006-31c1b6a07f55.pcap
3a028f55-4b67-44cf-818b-da4c28c85fe5,e83ac3e6-b899-4fbb-bc1b-8b4143362408,human,1787073752.2197964,1787073778.3073084,C:\Users\har20\OneDrive\Desktop\project 1\code\quic-pqtls-bot-detection\capture\pcap_store\3a028f55-4b67-44cf-818b-da4c28c85fe5.pcap
a6b701b3-fedf-4dbd-8e60-5b4cde9e99f2,d403815d-5646-4184-ae2b-e0ac4021fdda,human,1787073779.4585676,1787073793.2852647,C:\Users\har20\OneDrive\Desktop\project 1\code\quic-pqtls-bot-detection\capture\pcap_store\a6b701b3-fedf-4dbd-8e60-5b4cde9e99f2.pcap
88959e20-fc06-47ef-9312-bc9b738539e1,d403815d-5646-4184-ae2b-e0ac4021fdda,human,1787073794.388347,1787073817.3368165,C:\Users\har20\OneDrive\Desktop\project 1\code\quic-pqtls-bot-detection\capture\pcap_store\88959e20-fc06-47ef-9312-bc9b738539e1.pcap
694c3b7a-00c9-4ce0-96e5-b4dee87f878e,d403815d-5646-4184-ae2b-e0ac4021fdda,human,1787073818.432301,1787073851.7388725,C:\Users\har20\OneDrive\Desktop\project 1\code\quic-pqtls-bot-detection\capture\pcap_store\694c3b7a-00c9-4ce0-96e5-b4dee87f878e.pcap
b4462c2b-bdd1-43d0-9827-2f8f6a491371,d403815d-5646-4184-ae2b-e0ac4021fdda,human,1787073852.9339242,1787073871.799211,C:\Users\har20\OneDrive\Desktop\project 1\code\quic-pqtls-bot-detection\capture\pcap_store\b4462c2b-bdd1-43d0-9827-2f8f6a491371.pcap
9da8f0aa-a77c-400a-854e-3708e987f7d2,d403815d-5646-4184-ae2b-e0ac4021fdda,human,1787073872.9025228,1787073892.6218967,C:\Users\har20\OneDrive\Desktop\project 1\code\quic-pqtls-bot-detection\capture\pcap_store\9da8f0aa-a77c-400a-854e-3708e987f7d2.pcap
55c0e5e4-c45d-424a-8ac6-85fcdcdb0748,5db02c09-6efc-41e9-b73d-f4737e156d44,human,1787073893.7216027,1787073911.4319005,C:\Users\har20\OneDrive\Desktop\project 1\code\quic-pqtls-bot-detection\capture\pcap_store\55c0e5e4-c45d-424a-8ac6-85fcdcdb0748.pcap
1ed7b2cd-7da9-49c9-83b1-30444b782116,5db02c09-6efc-41e9-b73d-f4737e156d44,human,1787073912.56879,1787073942.4550626,C:\Users\har20\OneDrive\Desktop\project 1\code\quic-pqtls-bot-detection\capture\pcap_store\1ed7b2cd-7da9-49c9-83b1-30444b782116.pcap
54eac48d-e1eb-4769-9ecc-e253fdf7b1dc,5db02c09-6efc-41e9-b73d-f4737e156d44,human,1787073943.516585,1787073965.4942324,C:\Users\har20\OneDrive\Desktop\project 1\code\quic-pqtls-bot-detection\capture\pcap_store\54eac48d-e1eb-4769-9ecc-e253fdf7b1dc.pcap
9389a57e-c79a-4585-8f16-f0f4cad7fcad,fe889953-f537-4934-995c-db68dafe25e2,human,1787073966.5968845,1787073994.3683243,C:\Users\har20\OneDrive\Desktop\project 1\code\quic-pqtls-bot-detection\capture\pcap_store\9389a57e-c79a-4585-8f16-f0f4cad7fcad.pcap
33721314-8bab-4c7f-a46b-e44c58e42cc1,fe889953-f537-4934-995c-db68dafe25e2,human,1787073995.4761481,1787074024.7635965,C:\Users\har20\OneDrive\Desktop\project 1\code\quic-pqtls-bot-detection\capture\pcap_store\33721314-8bab-4c7f-a46b-e44c58e42cc1.pcap
dfb18f99-dc4d-4316-83ad-c09566e4a41e,fe889953-f537-4934-995c-db68dafe25e2,human,1787074025.8865862,1787074038.6050067,C:\Users\har20\OneDrive\Desktop\project 1\code\quic-pqtls-bot-detection\capture\pcap_store\dfb18f99-dc4d-4316-83ad-c09566e4a41e.pcap
a6a6e7d5-c1f3-452d-9ccc-f50b59ad746d,b11d4b8d-fd4c-453f-a2f1-a8a9942ec287,human,1787074039.7116938,1787074066.2355077,C:\Users\har20\OneDrive\Desktop\project 1\code\quic-pqtls-bot-detection\capture\pcap_store\a6a6e7d5-c1f3-452d-9ccc-f50b59ad746d.pcap
3e73fb02-f998-4103-825e-543f4d30b925,b11d4b8d-fd4c-453f-a2f1-a8a9942ec287,human,1787074067.3609877,1787074097.2620347,C:\Users\har20\OneDrive\Desktop\project 1\code\quic-pqtls-bot-detection\capture\pcap_store\3e73fb02-f998-4103-825e-543f4d30b925.pcap
f734b922-a19d-4076-8920-c435ad978478,b11d4b8d-fd4c-453f-a2f1-a8a9942ec287,human,1787074098.247882,1787074132.5598178,C:\Users\har20\OneDrive\Desktop\project 1\code\quic-pqtls-bot-detection\capture\pcap_store\f734b922-a19d-4076-8920-c435ad978478.pcap
29ac987b-8ff0-436c-8be8-0aa48970104a,b11d4b8d-fd4c-453f-a2f1-a8a9942ec287,human,1787074133.677246,1787074155.8760715,C:\Users\har20\OneDrive\Desktop\project 1\code\quic-pqtls-bot-detection\capture\pcap_store\29ac987b-8ff0-436c-8be8-0aa48970104a.pcap
365350ef-0b38-473d-97d4-3ea10e755532,4a08111c-3fe6-41b7-8cb0-92c57efbffe7,human,1787074157.077127,1787074171.2583668,C:\Users\har20\OneDrive\Desktop\project 1\code\quic-pqtls-bot-detection\capture\pcap_store\365350ef-0b38-473d-97d4-3ea10e755532.pcap
aefd40d2-c48c-4af8-b342-8be83f7670ee,4a08111c-3fe6-41b7-8cb0-92c57efbffe7,human,1787074172.3596904,1787074199.2398434,C:\Users\har20\OneDrive\Desktop\project 1\code\quic-pqtls-bot-detection\capture\pcap_store\aefd40d2-c48c-4af8-b342-8be83f7670ee.pcap
4eb7f631-3a13-4976-a371-95ba8ddc3410,4a08111c-3fe6-41b7-8cb0-92c57efbffe7,human,1787074200.3377774,1787074217.1126537,C:\Users\har20\OneDrive\Desktop\project 1\code\quic-pqtls-bot-detection\capture\pcap_store\4eb7f631-3a13-4976-a371-95ba8ddc3410.pcap
073ccb31-10ee-4fb7-9c81-bf676e9a2341,4a08111c-3fe6-41b7-8cb0-92c57efbffe7,human,1787074218.0871058,1787074245.3557286,C:\Users\har20\OneDrive\Desktop\project 1\code\quic-pqtls-bot-detection\capture\pcap_store\073ccb31-10ee-4fb7-9c81-bf676e9a2341.pcap
a1891934-9891-4cca-a408-a5ed079025eb,4a08111c-3fe6-41b7-8cb0-92c57efbffe7,human,1787074246.4015691,1787074258.3103535,C:\Users\har20\OneDrive\Desktop\project 1\code\quic-pqtls-bot-detection\capture\pcap_store\a1891934-9891-4cca-a408-a5ed079025eb.pcap
e137e2ca-82b6-4b4a-9160-cd7421b55906,2cf3acc0-afe4-4cc7-bcea-a55ee4dbfbe5,human,1787074259.3990655,1787074297.747442,C:\Users\har20\OneDrive\Desktop\project 1\code\quic-pqtls-bot-detection\capture\pcap_store\e137e2ca-82b6-4b4a-9160-cd7421b55906.pcap
c11287c6-c5a1-4299-9a71-dd5487e0c4b3,2cf3acc0-afe4-4cc7-bcea-a55ee4dbfbe5,human,1787074298.8402915,1787074313.9247224,C:\Users\har20\OneDrive\Desktop\project 1\code\quic-pqtls-bot-detection\capture\pcap_store\c11287c6-c5a1-4299-9a71-dd5487e0c4b3.pcap
8d74db0d-7277-4d6b-a130-2a2f1912647b,2cf3acc0-afe4-4cc7-bcea-a55ee4dbfbe5,human,1787074315.040198,1787074340.6012278,C:\Users\har20\OneDrive\Desktop\project 1\code\quic-pqtls-bot-detection\capture\pcap_store\8d74db0d-7277-4d6b-a130-2a2f1912647b.pcap
50a44a67-1fb4-498c-97b6-632232753e2c,2cf3acc0-afe4-4cc7-bcea-a55ee4dbfbe5,human,1787074342.0456004,1787074384.7628636,C:\Users\har20\OneDrive\Desktop\project 1\code\quic-pqtls-bot-detection\capture\pcap_store\50a44a67-1fb4-498c-97b6-632232753e2c.pcap
58a3bc68-8237-441f-9d94-5ef37fa5c2ef,73e639eb-edb8-4033-aea4-1e20b17dcc1b,human,1787074385.8694582,1787074428.1340694,C:\Users\har20\OneDrive\Desktop\project 1\code\quic-pqtls-bot-detection\capture\pcap_store\58a3bc68-8237-441f-9d94-5ef37fa5c2ef.pcap
33912ea7-be48-4fe4-a6cc-056c3650fd03,73e639eb-edb8-4033-aea4-1e20b17dcc1b,human,1787074429.2407303,1787074454.1241565,C:\Users\har20\OneDrive\Desktop\project 1\code\quic-pqtls-bot-detection\capture\pcap_store\33912ea7-be48-4fe4-a6cc-056c3650fd03.pcap
a6ce53e9-e933-4ab1-a29b-94c90ae73707,73e639eb-edb8-4033-aea4-1e20b17dcc1b,human,1787074455.2197142,1787074465.4199727,C:\Users\har20\OneDrive\Desktop\project 1\code\quic-pqtls-bot-detection\capture\pcap_store\a6ce53e9-e933-4ab1-a29b-94c90ae73707.pcap
49d4b2ad-989b-4e37-935a-e146d87bf70e,73e639eb-edb8-4033-aea4-1e20b17dcc1b,human,1787074466.5227306,1787074480.4792857,C:\Users\har20\OneDrive\Desktop\project 1\code\quic-pqtls-bot-detection\capture\pcap_store\49d4b2ad-989b-4e37-935a-e146d87bf70e.pcap
2445b4d1-c313-4e84-a079-71e6f8b686d3,e6d02351-66f9-444b-8c4e-bb1327af2b5e,human,1787074481.5876691,1787074503.2156587,C:\Users\har20\OneDrive\Desktop\project 1\code\quic-pqtls-bot-detection\capture\pcap_store\2445b4d1-c313-4e84-a079-71e6f8b686d3.pcap
0a2e3d66-dc7a-4296-a029-62dccb08eb75,e6d02351-66f9-444b-8c4e-bb1327af2b5e,human,1787074504.3240197,1787074521.132174,C:\Users\har20\OneDrive\Desktop\project 1\code\quic-pqtls-bot-detection\capture\pcap_store\0a2e3d66-dc7a-4296-a029-62dccb08eb75.pcap
a68ce6ec-1d9a-4215-884f-7f627cc390a8,e6d02351-66f9-444b-8c4e-bb1327af2b5e,human,1787074522.247001,1787074548.6367116,C:\Users\har20\OneDrive\Desktop\project 1\code\quic-pqtls-bot-detection\capture\pcap_store\a68ce6ec-1d9a-4215-884f-7f627cc390a8.pcap
3ed9fe72-6d25-4ab5-ae03-992f17c5bfae,e6d02351-66f9-444b-8c4e-bb1327af2b5e,human,1787074549.743024,1787074561.5161712,C:\Users\har20\OneDrive\Desktop\project 1\code\quic-pqtls-bot-detection\capture\pcap_store\3ed9fe72-6d25-4ab5-ae03-992f17c5bfae.pcap
db74661e-18bf-4bfd-afdc-cfdcdc83e0fd,e6d02351-66f9-444b-8c4e-bb1327af2b5e,human,1787074562.6178663,1787074594.5899212,C:\Users\har20\OneDrive\Desktop\project 1\code\quic-pqtls-bot-detection\capture\pcap_store\db74661e-18bf-4bfd-afdc-cfdcdc83e0fd.pcap
0d71ea7f-5569-4c99-a653-35bbf82466a1,9781ce44-51d3-42ab-8c38-94edd1e73e07,human,1787074595.693132,1787074613.5476987,C:\Users\har20\OneDrive\Desktop\project 1\code\quic-pqtls-bot-detection\capture\pcap_store\0d71ea7f-5569-4c99-a653-35bbf82466a1.pcap
80007bad-7635-40cf-8f67-0ed39d5b5925,9781ce44-51d3-42ab-8c38-94edd1e73e07,human,1787074614.635355,1787074645.777625,C:\Users\har20\OneDrive\Desktop\project 1\code\quic-pqtls-bot-detection\capture\pcap_store\80007bad-7635-40cf-8f67-0ed39d5b5925.pcap
6665b433-2267-4622-ab2f-0ca57bd08e8b,9781ce44-51d3-42ab-8c38-94edd1e73e07,human,1787074646.8696465,1787074668.5052388,C:\Users\har20\OneDrive\Desktop\project 1\code\quic-pqtls-bot-detection\capture\pcap_store\6665b433-2267-4622-ab2f-0ca57bd08e8b.pcap
03f24416-28bc-469d-a369-4247c166e1ae,9781ce44-51d3-42ab-8c38-94edd1e73e07,human,1787074669.6035976,1787074697.0849135,C:\Users\har20\OneDrive\Desktop\project 1\code\quic-pqtls-bot-detection\capture\pcap_store\03f24416-28bc-469d-a369-4247c166e1ae.pcap
5b661454-54b2-4b1d-a6e4-52510da09d0e,9781ce44-51d3-42ab-8c38-94edd1e73e07,human,1787074698.2590234,1787074736.7239733,C:\Users\har20\OneDrive\Desktop\project 1\code\quic-pqtls-bot-detection\capture\pcap_store\5b661454-54b2-4b1d-a6e4-52510da09d0e.pcap
b9146d57-fe9c-4ab3-a5a9-9bf70111b326,1d8c3a1c-cf6b-4d00-8e60-1472ba166a62,human,1787074737.8344028,1787074767.0068429,C:\Users\har20\OneDrive\Desktop\project 1\code\quic-pqtls-bot-detection\capture\pcap_store\b9146d57-fe9c-4ab3-a5a9-9bf70111b326.pcap
ed092d1f-7d44-4236-a0b5-8d42ee724db3,1d8c3a1c-cf6b-4d00-8e60-1472ba166a62,human,1787074768.111674,1787074785.891989,C:\Users\har20\OneDrive\Desktop\project 1\code\quic-pqtls-bot-detection\capture\pcap_store\ed092d1f-7d44-4236-a0b5-8d42ee724db3.pcap
73455c30-b8dd-497f-9e41-837976f1603d,1d8c3a1c-cf6b-4d00-8e60-1472ba166a62,human,1787074786.9965568,1787074822.4652064,C:\Users\har20\OneDrive\Desktop\project 1\code\quic-pqtls-bot-detection\capture\pcap_store\73455c30-b8dd-497f-9e41-837976f1603d.pcap
b1408ce9-41f4-443f-a1f6-bbae3f930acc,1d8c3a1c-cf6b-4d00-8e60-1472ba166a62,human,1787074823.5691211,1787074853.9817805,C:\Users\har20\OneDrive\Desktop\project 1\code\quic-pqtls-bot-detection\capture\pcap_store\b1408ce9-41f4-443f-a1f6-bbae3f930acc.pcap
526d6144-0d0e-43f4-9caf-5b962983be1d,e54e8174-1f08-41b9-99d9-5f6caee31dc6,bot_t1,1787074855.0764053,1787074856.710834,C:\Users\har20\OneDrive\Desktop\project 1\code\quic-pqtls-bot-detection\capture\pcap_store\526d6144-0d0e-43f4-9caf-5b962983be1d.pcap
e39f851e-823e-4514-8383-74848fa10b78,e54e8174-1f08-41b9-99d9-5f6caee31dc6,bot_t1,1787074857.8193502,1787074858.6643524,C:\Users\har20\OneDrive\Desktop\project 1\code\quic-pqtls-bot-detection\capture\pcap_store\e39f851e-823e-4514-8383-74848fa10b78.pcap
0823a9e5-5976-4ffa-a31e-f687fb626f0d,e54e8174-1f08-41b9-99d9-5f6caee31dc6,bot_t1,1787074859.768342,1787074860.6215272,C:\Users\har20\OneDrive\Desktop\project 1\code\quic-pqtls-bot-detection\capture\pcap_store\0823a9e5-5976-4ffa-a31e-f687fb626f0d.pcap
9079d5d8-1b27-4b44-9a49-b1a27ca14c4e,e54e8174-1f08-41b9-99d9-5f6caee31dc6,bot_t1,1787074861.636899,1787074862.4988286,C:\Users\har20\OneDrive\Desktop\project 1\code\quic-pqtls-bot-detection\capture\pcap_store\9079d5d8-1b27-4b44-9a49-b1a27ca14c4e.pcap
4992bda0-723d-4577-823e-553ce8acf039,9a88a694-f584-4f65-aa89-ca7f2c540466,bot_t1,1787074863.4805202,1787074864.358138,C:\Users\har20\OneDrive\Desktop\project 1\code\quic-pqtls-bot-detection\capture\pcap_store\4992bda0-723d-4577-823e-553ce8acf039.pcap
a91af080-ffb7-4f3c-8de1-de5dccc44d68,9a88a694-f584-4f65-aa89-ca7f2c540466,bot_t1,1787074865.4448054,1787074866.3401897,C:\Users\har20\OneDrive\Desktop\project 1\code\quic-pqtls-bot-detection\capture\pcap_store\a91af080-ffb7-4f3c-8de1-de5dccc44d68.pcap
1b15c466-e582-4dbc-8b02-b863f0846c43,9a88a694-f584-4f65-aa89-ca7f2c540466,bot_t1,1787074867.4372058,1787074868.3234057,C:\Users\har20\OneDrive\Desktop\project 1\code\quic-pqtls-bot-detection\capture\pcap_store\1b15c466-e582-4dbc-8b02-b863f0846c43.pcap
e27b7f70-e4b0-4cae-a8c9-f52833e6cc52,9a88a694-f584-4f65-aa89-ca7f2c540466,bot_t1,1787074869.4182453,1787074870.3047426,C:\Users\har20\OneDrive\Desktop\project 1\code\quic-pqtls-bot-detection\capture\pcap_store\e27b7f70-e4b0-4cae-a8c9-f52833e6cc52.pcap
f43b935b-68f5-4998-aef9-2366d91f8480,9a88a694-f584-4f65-aa89-ca7f2c540466,bot_t1,1787074871.3905816,1787074872.261135,C:\Users\har20\OneDrive\Desktop\project 1\code\quic-pqtls-bot-detection\capture\pcap_store\f43b935b-68f5-4998-aef9-2366d91f8480.pcap
3ce9aeca-f0df-4c98-80a5-d3f6e73ea9a1,521c7eae-654b-4e0b-83fd-5bfa8b143703,bot_t1,1787074873.3532336,1787074874.1915715,C:\Users\har20\OneDrive\Desktop\project 1\code\quic-pqtls-bot-detection\capture\pcap_store\3ce9aeca-f0df-4c98-80a5-d3f6e73ea9a1.pcap
e09beb9a-18e5-4939-92ad-f0c352bf8a1d,521c7eae-654b-4e0b-83fd-5bfa8b143703,bot_t1,1787074875.2807562,1787074876.1417935,C:\Users\har20\OneDrive\Desktop\project 1\code\quic-pqtls-bot-detection\capture\pcap_store\e09beb9a-18e5-4939-92ad-f0c352bf8a1d.pcap
c3e9dcc7-daa4-4beb-b705-ef040993aa8b,521c7eae-654b-4e0b-83fd-5bfa8b143703,bot_t1,1787074877.2380452,1787074878.0734448,C:\Users\har20\OneDrive\Desktop\project 1\code\quic-pqtls-bot-detection\capture\pcap_store\c3e9dcc7-daa4-4beb-b705-ef040993aa8b.pcap
4e071a73-defe-4a7c-a701-43c098e1da30,860699e7-0284-4afc-920c-2bc2b9b9af60,bot_t1,1787074879.1622372,1787074880.0347936,C:\Users\har20\OneDrive\Desktop\project 1\code\quic-pqtls-bot-detection\capture\pcap_store\4e071a73-defe-4a7c-a701-43c098e1da30.pcap
3d9ea368-aa19-40a8-bc7e-f037c0c8fa11,860699e7-0284-4afc-920c-2bc2b9b9af60,bot_t1,1787074881.130143,1787074882.0036545,C:\Users\har20\OneDrive\Desktop\project 1\code\quic-pqtls-bot-detection\capture\pcap_store\3d9ea368-aa19-40a8-bc7e-f037c0c8fa11.pcap
312588bd-a693-4eb8-acdc-86dc3f3c2234,860699e7-0284-4afc-920c-2bc2b9b9af60,bot_t1,1787074883.1009984,1787074883.93463,C:\Users\har20\OneDrive\Desktop\project 1\code\quic-pqtls-bot-detection\capture\pcap_store\312588bd-a693-4eb8-acdc-86dc3f3c2234.pcap
394ba450-874f-47c0-95d0-5281f01c0f2d,9814a512-512c-4505-9f87-503c8784f3cc,bot_t1,1787074885.0302482,1787074885.9314568,C:\Users\har20\OneDrive\Desktop\project 1\code\quic-pqtls-bot-detection\capture\pcap_store\394ba450-874f-47c0-95d0-5281f01c0f2d.pcap
53cf4635-379c-45d1-bf2e-54034edd20ec,9814a512-512c-4505-9f87-503c8784f3cc,bot_t1,1787074887.0253627,1787074887.88382,C:\Users\har20\OneDrive\Desktop\project 1\code\quic-pqtls-bot-detection\capture\pcap_store\53cf4635-379c-45d1-bf2e-54034edd20ec.pcap
caf80edf-d1e0-410e-87eb-a4ffab69c734,9814a512-512c-4505-9f87-503c8784f3cc,bot_t1,1787074888.9810896,1787074889.8676765,C:\Users\har20\OneDrive\Desktop\project 1\code\quic-pqtls-bot-detection\capture\pcap_store\caf80edf-d1e0-410e-87eb-a4ffab69c734.pcap
ca72974b-8bd5-45b4-92df-60dc87795a8a,278c82dd-9e10-40f5-ab48-5e938a8f3133,bot_t1,1787074890.9878175,1787074891.8528519,C:\Users\har20\OneDrive\Desktop\project 1\code\quic-pqtls-bot-detection\capture\pcap_store\ca72974b-8bd5-45b4-92df-60dc87795a8a.pcap
77277732-36f7-4e9e-a057-bf7615990d12,278c82dd-9e10-40f5-ab48-5e938a8f3133,bot_t1,1787074892.832459,1787074893.7060833,C:\Users\har20\OneDrive\Desktop\project 1\code\quic-pqtls-bot-detection\capture\pcap_store\77277732-36f7-4e9e-a057-bf7615990d12.pcap
3a152085-0932-48fa-adff-e8e9231038ed,278c82dd-9e10-40f5-ab48-5e938a8f3133,bot_t1,1787074894.7893586,1787074895.6514375,C:\Users\har20\OneDrive\Desktop\project 1\code\quic-pqtls-bot-detection\capture\pcap_store\3a152085-0932-48fa-adff-e8e9231038ed.pcap
1affb27f-b118-4741-87d6-fed5dbd7e8e0,278c82dd-9e10-40f5-ab48-5e938a8f3133,bot_t1,1787074896.7375872,1787074897.5924308,C:\Users\har20\OneDrive\Desktop\project 1\code\quic-pqtls-bot-detection\capture\pcap_store\1affb27f-b118-4741-87d6-fed5dbd7e8e0.pcap
0e8ad621-91b5-44cb-aa6d-0dc558ca2400,67df8fe9-da80-4758-b743-8d1cae89cb92,bot_t1,1787074898.6817565,1787074899.4575102,C:\Users\har20\OneDrive\Desktop\project 1\code\quic-pqtls-bot-detection\capture\pcap_store\0e8ad621-91b5-44cb-aa6d-0dc558ca2400.pcap
584e43e8-331a-4f28-a29e-7b19b4862de3,67df8fe9-da80-4758-b743-8d1cae89cb92,bot_t1,1787074900.5609736,1787074901.3471198,C:\Users\har20\OneDrive\Desktop\project 1\code\quic-pqtls-bot-detection\capture\pcap_store\584e43e8-331a-4f28-a29e-7b19b4862de3.pcap
edf97c3c-8b12-4a63-a4f2-ab42671d3ea9,67df8fe9-da80-4758-b743-8d1cae89cb92,bot_t1,1787074902.4350502,1787074903.2984326,C:\Users\har20\OneDrive\Desktop\project 1\code\quic-pqtls-bot-detection\capture\pcap_store\edf97c3c-8b12-4a63-a4f2-ab42671d3ea9.pcap
9038f4da-a212-4889-b930-bf895cc952f4,5a53dc6b-73a8-4b8d-906b-7678a8eaf961,bot_t1,1787074904.3925552,1787074905.2983127,C:\Users\har20\OneDrive\Desktop\project 1\code\quic-pqtls-bot-detection\capture\pcap_store\9038f4da-a212-4889-b930-bf895cc952f4.pcap
9c790b76-c5a5-4ecf-95b6-cfa8f4438b9a,5a53dc6b-73a8-4b8d-906b-7678a8eaf961,bot_t1,1787074906.493821,1787074907.3469307,C:\Users\har20\OneDrive\Desktop\project 1\code\quic-pqtls-bot-detection\capture\pcap_store\9c790b76-c5a5-4ecf-95b6-cfa8f4438b9a.pcap
fe8e4f2a-79ac-466e-bf7f-e1f5b527cadd,5a53dc6b-73a8-4b8d-906b-7678a8eaf961,bot_t1,1787074908.5008748,1787074909.3866541,C:\Users\har20\OneDrive\Desktop\project 1\code\quic-pqtls-bot-detection\capture\pcap_store\fe8e4f2a-79ac-466e-bf7f-e1f5b527cadd.pcap
e2d0651e-b105-423b-81db-fb863708edaa,5a53dc6b-73a8-4b8d-906b-7678a8eaf961,bot_t1,1787074910.4775643,1787074911.3688216,C:\Users\har20\OneDrive\Desktop\project 1\code\quic-pqtls-bot-detection\capture\pcap_store\e2d0651e-b105-423b-81db-fb863708edaa.pcap
f38eda34-62d4-4757-8e4b-5859fe7085c0,debde73b-984a-42ba-b0f2-e4249849f498,bot_t1,1787074912.4685595,1787074913.3707986,C:\Users\har20\OneDrive\Desktop\project 1\code\quic-pqtls-bot-detection\capture\pcap_store\f38eda34-62d4-4757-8e4b-5859fe7085c0.pcap
2041f49d-9208-4dd8-acdf-4e9fb12196dc,debde73b-984a-42ba-b0f2-e4249849f498,bot_t1,1787074914.4641254,1787074915.3065076,C:\Users\har20\OneDrive\Desktop\project 1\code\quic-pqtls-bot-detection\capture\pcap_store\2041f49d-9208-4dd8-acdf-4e9fb12196dc.pcap
fdf4b3b5-5359-4960-87ad-d4560accd546,debde73b-984a-42ba-b0f2-e4249849f498,bot_t1,1787074916.4023838,1787074917.2746885,C:\Users\har20\OneDrive\Desktop\project 1\code\quic-pqtls-bot-detection\capture\pcap_store\fdf4b3b5-5359-4960-87ad-d4560accd546.pcap
4570f998-4751-45da-92d0-c04649051b5e,debde73b-984a-42ba-b0f2-e4249849f498,bot_t1,1787074918.4793239,1787074919.3255982,C:\Users\har20\OneDrive\Desktop\project 1\code\quic-pqtls-bot-detection\capture\pcap_store\4570f998-4751-45da-92d0-c04649051b5e.pcap
29503617-3e1b-4941-97e8-57ea21b24b7f,7abdb291-063e-48af-871f-529a96573106,bot_t1,1787074920.4075162,1787074921.2741528,C:\Users\har20\OneDrive\Desktop\project 1\code\quic-pqtls-bot-detection\capture\pcap_store\29503617-3e1b-4941-97e8-57ea21b24b7f.pcap
c75229f2-0f3d-491a-883c-87992909d43e,7abdb291-063e-48af-871f-529a96573106,bot_t1,1787074922.3641334,1787074923.2060366,C:\Users\har20\OneDrive\Desktop\project 1\code\quic-pqtls-bot-detection\capture\pcap_store\c75229f2-0f3d-491a-883c-87992909d43e.pcap
1ad31543-f064-4695-85e8-8e8bfebfea49,7abdb291-063e-48af-871f-529a96573106,bot_t1,1787074924.3046381,1787074925.1844366,C:\Users\har20\OneDrive\Desktop\project 1\code\quic-pqtls-bot-detection\capture\pcap_store\1ad31543-f064-4695-85e8-8e8bfebfea49.pcap
c5d38755-635b-4dcd-ba10-3bcc9de2482a,9e6bb3af-9f10-4442-ac96-e774bb3fbecd,bot_t1,1787074926.2867448,1787074927.1539578,C:\Users\har20\OneDrive\Desktop\project 1\code\quic-pqtls-bot-detection\capture\pcap_store\c5d38755-635b-4dcd-ba10-3bcc9de2482a.pcap
a9b1326f-9915-4f6e-803e-20039d559d6c,9e6bb3af-9f10-4442-ac96-e774bb3fbecd,bot_t1,1787074928.2441542,1787074929.098332,C:\Users\har20\OneDrive\Desktop\project 1\code\quic-pqtls-bot-detection\capture\pcap_store\a9b1326f-9915-4f6e-803e-20039d559d6c.pcap
d40bb712-c789-4abd-997b-f95a23b295ae,9e6bb3af-9f10-4442-ac96-e774bb3fbecd,bot_t1,1787074930.1964653,1787074931.0511098,C:\Users\har20\OneDrive\Desktop\project 1\code\quic-pqtls-bot-detection\capture\pcap_store\d40bb712-c789-4abd-997b-f95a23b295ae.pcap
034c8099-d563-4bca-bc6a-dec42953beff,9e6bb3af-9f10-4442-ac96-e774bb3fbecd,bot_t1,1787074932.1705165,1787074933.0054734,C:\Users\har20\OneDrive\Desktop\project 1\code\quic-pqtls-bot-detection\capture\pcap_store\034c8099-d563-4bca-bc6a-dec42953beff.pcap
96e802d2-4ea5-4a1a-91c6-cb0a9f87d172,8e91410e-7713-40c3-ad40-c5a850e55edb,bot_t1,1787074934.0983531,1787074934.9633474,C:\Users\har20\OneDrive\Desktop\project 1\code\quic-pqtls-bot-detection\capture\pcap_store\96e802d2-4ea5-4a1a-91c6-cb0a9f87d172.pcap
b1de5a4f-e86b-4b61-b72a-b9b1fd5ea33c,8e91410e-7713-40c3-ad40-c5a850e55edb,bot_t1,1787074936.0634067,1787074936.9408576,C:\Users\har20\OneDrive\Desktop\project 1\code\quic-pqtls-bot-detection\capture\pcap_store\b1de5a4f-e86b-4b61-b72a-b9b1fd5ea33c.pcap
80ec6c9b-9b04-42cd-904b-a0aa0c1ac933,8e91410e-7713-40c3-ad40-c5a850e55edb,bot_t1,1787074938.0357535,1787074938.9187741,C:\Users\har20\OneDrive\Desktop\project 1\code\quic-pqtls-bot-detection\capture\pcap_store\80ec6c9b-9b04-42cd-904b-a0aa0c1ac933.pcap
6a136e66-bb57-4922-949b-1bc3b0c488c8,8e91410e-7713-40c3-ad40-c5a850e55edb,bot_t1,1787074940.0193467,1787074940.9240146,C:\Users\har20\OneDrive\Desktop\project 1\code\quic-pqtls-bot-detection\capture\pcap_store\6a136e66-bb57-4922-949b-1bc3b0c488c8.pcap
37a5ff6e-374c-459d-8747-a0ebe121acd2,8e91410e-7713-40c3-ad40-c5a850e55edb,bot_t1,1787074942.013898,1787074942.8568702,C:\Users\har20\OneDrive\Desktop\project 1\code\quic-pqtls-bot-detection\capture\pcap_store\37a5ff6e-374c-459d-8747-a0ebe121acd2.pcap
f2924658-7a30-4065-9364-42bdda5cec12,886dc934-2e7e-4c58-87ec-f62c34cf916e,bot_t1,1787074943.9567094,1787074944.8307958,C:\Users\har20\OneDrive\Desktop\project 1\code\quic-pqtls-bot-detection\capture\pcap_store\f2924658-7a30-4065-9364-42bdda5cec12.pcap
7b9d4114-ae35-4d6f-93dd-d48c7f438a7c,886dc934-2e7e-4c58-87ec-f62c34cf916e,bot_t1,1787074945.9214993,1787074946.7892733,C:\Users\har20\OneDrive\Desktop\project 1\code\quic-pqtls-bot-detection\capture\pcap_store\7b9d4114-ae35-4d6f-93dd-d48c7f438a7c.pcap
8b3956c4-73e3-40f9-8838-14a404c84f61,886dc934-2e7e-4c58-87ec-f62c34cf916e,bot_t1,1787074947.8819032,1787074948.7336,C:\Users\har20\OneDrive\Desktop\project 1\code\quic-pqtls-bot-detection\capture\pcap_store\8b3956c4-73e3-40f9-8838-14a404c84f61.pcap
e05660af-7a7f-4b86-ab15-79bc59971bdb,43644c9b-b787-472f-9cee-9e006432138f,bot_t1,1787074949.8342326,1787074950.6850922,C:\Users\har20\OneDrive\Desktop\project 1\code\quic-pqtls-bot-detection\capture\pcap_store\e05660af-7a7f-4b86-ab15-79bc59971bdb.pcap
4401d8ef-6784-4755-942a-9a91c92aa3e3,43644c9b-b787-472f-9cee-9e006432138f,bot_t1,1787074951.783485,1787074952.6533847,C:\Users\har20\OneDrive\Desktop\project 1\code\quic-pqtls-bot-detection\capture\pcap_store\4401d8ef-6784-4755-942a-9a91c92aa3e3.pcap
4ebfdae3-3fb3-4bab-8f63-21fbd24dccdf,43644c9b-b787-472f-9cee-9e006432138f,bot_t1,1787074953.747644,1787074954.6346042,C:\Users\har20\OneDrive\Desktop\project 1\code\quic-pqtls-bot-detection\capture\pcap_store\4ebfdae3-3fb3-4bab-8f63-21fbd24dccdf.pcap
17e16840-5761-47de-8311-d84d6220a375,43644c9b-b787-472f-9cee-9e006432138f,bot_t1,1787074955.7304537,1787074956.5792844,C:\Users\har20\OneDrive\Desktop\project 1\code\quic-pqtls-bot-detection\capture\pcap_store\17e16840-5761-47de-8311-d84d6220a375.pcap
723b7a08-002c-4da1-a70a-d80416b38c7c,5f32ca67-2758-4d61-91f7-205255b6d085,bot_t1,1787074957.742478,1787074958.6002488,C:\Users\har20\OneDrive\Desktop\project 1\code\quic-pqtls-bot-detection\capture\pcap_store\723b7a08-002c-4da1-a70a-d80416b38c7c.pcap
12178b32-19bc-4625-a2af-565d808132a4,5f32ca67-2758-4d61-91f7-205255b6d085,bot_t1,1787074959.6964495,1787074960.53511,C:\Users\har20\OneDrive\Desktop\project 1\code\quic-pqtls-bot-detection\capture\pcap_store\12178b32-19bc-4625-a2af-565d808132a4.pcap
6eda06d7-b13a-4255-8438-6110ebd9e3ab,5f32ca67-2758-4d61-91f7-205255b6d085,bot_t1,1787074961.623071,1787074962.4563031,C:\Users\har20\OneDrive\Desktop\project 1\code\quic-pqtls-bot-detection\capture\pcap_store\6eda06d7-b13a-4255-8438-6110ebd9e3ab.pcap
fcacf14e-a813-4baa-87cb-77dbaff30094,5f32ca67-2758-4d61-91f7-205255b6d085,bot_t1,1787074963.5386963,1787074964.4541988,C:\Users\har20\OneDrive\Desktop\project 1\code\quic-pqtls-bot-detection\capture\pcap_store\fcacf14e-a813-4baa-87cb-77dbaff30094.pcap
cfd2b9a7-00be-44a9-8c61-64a2badb81be,5f32ca67-2758-4d61-91f7-205255b6d085,bot_t1,1787074965.5488813,1787074966.4055448,C:\Users\har20\OneDrive\Desktop\project 1\code\quic-pqtls-bot-detection\capture\pcap_store\cfd2b9a7-00be-44a9-8c61-64a2badb81be.pcap
cea8ee13-06ba-404d-b90e-d0df03a4a647,d6d90ea5-6369-49a8-8eff-23ba3541e7c7,bot_t1,1787074967.5051925,1787074968.4198768,C:\Users\har20\OneDrive\Desktop\project 1\code\quic-pqtls-bot-detection\capture\pcap_store\cea8ee13-06ba-404d-b90e-d0df03a4a647.pcap
7de93f49-8a67-44a2-add8-dcabfe2d49d8,d6d90ea5-6369-49a8-8eff-23ba3541e7c7,bot_t1,1787074969.6304014,1787074970.5275266,C:\Users\har20\OneDrive\Desktop\project 1\code\quic-pqtls-bot-detection\capture\pcap_store\7de93f49-8a67-44a2-add8-dcabfe2d49d8.pcap
5638a330-31d4-4a07-8bd7-a85bd5f8c2fe,d6d90ea5-6369-49a8-8eff-23ba3541e7c7,bot_t1,1787074971.990735,1787074972.8859448,C:\Users\har20\OneDrive\Desktop\project 1\code\quic-pqtls-bot-detection\capture\pcap_store\5638a330-31d4-4a07-8bd7-a85bd5f8c2fe.pcap
f80d8d3b-9bcc-451b-a22c-8564077314a7,d6d90ea5-6369-49a8-8eff-23ba3541e7c7,bot_t1,1787074974.3159933,1787074975.2241821,C:\Users\har20\OneDrive\Desktop\project 1\code\quic-pqtls-bot-detection\capture\pcap_store\f80d8d3b-9bcc-451b-a22c-8564077314a7.pcap
5d6d3001-2896-454b-b85b-60065b8cd57d,cbdacb09-3d73-40b5-b139-1856e1de8872,bot_t1,1787074976.6771574,1787074977.493528,C:\Users\har20\OneDrive\Desktop\project 1\code\quic-pqtls-bot-detection\capture\pcap_store\5d6d3001-2896-454b-b85b-60065b8cd57d.pcap
c5ce10d0-974e-48ca-a47a-5b712f6806aa,cbdacb09-3d73-40b5-b139-1856e1de8872,bot_t1,1787074978.559476,1787074979.372312,C:\Users\har20\OneDrive\Desktop\project 1\code\quic-pqtls-bot-detection\capture\pcap_store\c5ce10d0-974e-48ca-a47a-5b712f6806aa.pcap
1ffcf90d-d9c6-4b9d-ba9c-41a6e4d82951,cbdacb09-3d73-40b5-b139-1856e1de8872,bot_t1,1787074980.8090522,1787074981.630738,C:\Users\har20\OneDrive\Desktop\project 1\code\quic-pqtls-bot-detection\capture\pcap_store\1ffcf90d-d9c6-4b9d-ba9c-41a6e4d82951.pcap
d4178e73-ad70-4640-b585-66d71924b033,a5963acc-1a9b-444e-88b9-dc69223d773e,bot_t1,1787074982.713353,1787074983.5314217,C:\Users\har20\OneDrive\Desktop\project 1\code\quic-pqtls-bot-detection\capture\pcap_store\d4178e73-ad70-4640-b585-66d71924b033.pcap
f11fe996-28f9-4a2f-8e2d-ab3386c91325,a5963acc-1a9b-444e-88b9-dc69223d773e,bot_t1,1787074984.9487686,1787074985.791039,C:\Users\har20\OneDrive\Desktop\project 1\code\quic-pqtls-bot-detection\capture\pcap_store\f11fe996-28f9-4a2f-8e2d-ab3386c91325.pcap
0b14285f-b217-4794-8145-ecfae49155c4,a5963acc-1a9b-444e-88b9-dc69223d773e,bot_t1,1787074986.871208,1787074987.7704973,C:\Users\har20\OneDrive\Desktop\project 1\code\quic-pqtls-bot-detection\capture\pcap_store\0b14285f-b217-4794-8145-ecfae49155c4.pcap
8a39fb6f-6d26-4664-94d3-176a255d8ac7,a5963acc-1a9b-444e-88b9-dc69223d773e,bot_t1,1787074988.751943,1787074989.587386,C:\Users\har20\OneDrive\Desktop\project 1\code\quic-pqtls-bot-detection\capture\pcap_store\8a39fb6f-6d26-4664-94d3-176a255d8ac7.pcap
3ca51172-8e62-48c4-9eb2-080bf4621851,a5963acc-1a9b-444e-88b9-dc69223d773e,bot_t1,1787074990.6765249,1787074991.551303,C:\Users\har20\OneDrive\Desktop\project 1\code\quic-pqtls-bot-detection\capture\pcap_store\3ca51172-8e62-48c4-9eb2-080bf4621851.pcap
b407e9da-2141-4ab1-b284-3fd8b3a56c41,6f471a02-11a0-46c7-928e-d759ac47d020,bot_t1,1787074992.7065659,1787074993.5889308,C:\Users\har20\OneDrive\Desktop\project 1\code\quic-pqtls-bot-detection\capture\pcap_store\b407e9da-2141-4ab1-b284-3fd8b3a56c41.pcap
06722abe-3e52-45bf-9be6-a7dcd20cd20b,6f471a02-11a0-46c7-928e-d759ac47d020,bot_t1,1787074994.690332,1787074995.5590506,C:\Users\har20\OneDrive\Desktop\project 1\code\quic-pqtls-bot-detection\capture\pcap_store\06722abe-3e52-45bf-9be6-a7dcd20cd20b.pcap
88e13b2b-cb37-45c0-8447-9806d5e6da17,6f471a02-11a0-46c7-928e-d759ac47d020,bot_t1,1787074996.7218065,1787074997.579695,C:\Users\har20\OneDrive\Desktop\project 1\code\quic-pqtls-bot-detection\capture\pcap_store\88e13b2b-cb37-45c0-8447-9806d5e6da17.pcap
07fdd628-b369-4870-9e34-aa393dc95dd6,6f471a02-11a0-46c7-928e-d759ac47d020,bot_t1,1787074998.6696017,1787074999.5348413,C:\Users\har20\OneDrive\Desktop\project 1\code\quic-pqtls-bot-detection\capture\pcap_store\07fdd628-b369-4870-9e34-aa393dc95dd6.pcap
41106d34-d2ca-482b-b90e-16e89f29dd73,7e07c050-8815-45d8-b1e4-c6ef9917326d,bot_t1,1787075000.6344206,1787075001.4633968,C:\Users\har20\OneDrive\Desktop\project 1\code\quic-pqtls-bot-detection\capture\pcap_store\41106d34-d2ca-482b-b90e-16e89f29dd73.pcap
33b8ba6c-da6f-4a92-8b06-fc2e71860498,7e07c050-8815-45d8-b1e4-c6ef9917326d,bot_t1,1787075002.5589824,1787075003.4146974,C:\Users\har20\OneDrive\Desktop\project 1\code\quic-pqtls-bot-detection\capture\pcap_store\33b8ba6c-da6f-4a92-8b06-fc2e71860498.pcap
b9afd3ca-aba7-4336-a65a-0a1ac4fbe314,7e07c050-8815-45d8-b1e4-c6ef9917326d,bot_t1,1787075004.5104878,1787075005.4015713,C:\Users\har20\OneDrive\Desktop\project 1\code\quic-pqtls-bot-detection\capture\pcap_store\b9afd3ca-aba7-4336-a65a-0a1ac4fbe314.pcap
58811cfd-6aa7-421f-b513-3fc33c95215c,7e07c050-8815-45d8-b1e4-c6ef9917326d,bot_t1,1787075006.5017703,1787075007.3447354,C:\Users\har20\OneDrive\Desktop\project 1\code\quic-pqtls-bot-detection\capture\pcap_store\58811cfd-6aa7-421f-b513-3fc33c95215c.pcap
e1556516-cb97-4aba-9268-8f4929584f0f,d93c2349-72ad-42d9-ad1d-8309f64404fc,bot_t1,1787075008.4326162,1787075009.2829032,C:\Users\har20\OneDrive\Desktop\project 1\code\quic-pqtls-bot-detection\capture\pcap_store\e1556516-cb97-4aba-9268-8f4929584f0f.pcap
23edb163-399b-4553-af25-ab8cb4a38f4a,d93c2349-72ad-42d9-ad1d-8309f64404fc,bot_t1,1787075010.382624,1787075011.263724,C:\Users\har20\OneDrive\Desktop\project 1\code\quic-pqtls-bot-detection\capture\pcap_store\23edb163-399b-4553-af25-ab8cb4a38f4a.pcap
f6bcd5e2-9126-44c4-bfdd-bebbb0b77537,d93c2349-72ad-42d9-ad1d-8309f64404fc,bot_t1,1787075012.3636887,1787075013.2102432,C:\Users\har20\OneDrive\Desktop\project 1\code\quic-pqtls-bot-detection\capture\pcap_store\f6bcd5e2-9126-44c4-bfdd-bebbb0b77537.pcap
8fbe1e56-3078-4fba-bb7b-e31cf66116d2,a6df8667-af6b-44d3-b865-5a5c986de966,bot_t1,1787075014.307799,1787075015.1276796,C:\Users\har20\OneDrive\Desktop\project 1\code\quic-pqtls-bot-detection\capture\pcap_store\8fbe1e56-3078-4fba-bb7b-e31cf66116d2.pcap
cf5c6166-1045-4273-ad43-1d03346960b0,a6df8667-af6b-44d3-b865-5a5c986de966,bot_t1,1787075016.2218125,1787075017.0761392,C:\Users\har20\OneDrive\Desktop\project 1\code\quic-pqtls-bot-detection\capture\pcap_store\cf5c6166-1045-4273-ad43-1d03346960b0.pcap
0d0a793e-4a01-4670-87a5-b0e4201993b9,a6df8667-af6b-44d3-b865-5a5c986de966,bot_t1,1787075018.1653275,1787075019.0400717,C:\Users\har20\OneDrive\Desktop\project 1\code\quic-pqtls-bot-detection\capture\pcap_store\0d0a793e-4a01-4670-87a5-b0e4201993b9.pcap
25cfe44f-96bf-467d-8b21-dd40979c25cd,93c595eb-f288-4cb8-a1f5-a0a2aafb0889,bot_t1,1787075020.130506,1787075020.968423,C:\Users\har20\OneDrive\Desktop\project 1\code\quic-pqtls-bot-detection\capture\pcap_store\25cfe44f-96bf-467d-8b21-dd40979c25cd.pcap
990fa7f1-4b7a-461e-9c54-b53d4898b2e2,93c595eb-f288-4cb8-a1f5-a0a2aafb0889,bot_t1,1787075022.0700436,1787075022.9151971,C:\Users\har20\OneDrive\Desktop\project 1\code\quic-pqtls-bot-detection\capture\pcap_store\990fa7f1-4b7a-461e-9c54-b53d4898b2e2.pcap
7d977df8-d1ca-48c0-85fa-8746c85f2923,93c595eb-f288-4cb8-a1f5-a0a2aafb0889,bot_t1,1787075024.0150838,1787075024.8961303,C:\Users\har20\OneDrive\Desktop\project 1\code\quic-pqtls-bot-detection\capture\pcap_store\7d977df8-d1ca-48c0-85fa-8746c85f2923.pcap
a50208fc-ec04-4637-bbd3-d10efed6168d,93c595eb-f288-4cb8-a1f5-a0a2aafb0889,bot_t1,1787075025.9950283,1787075026.7943575,C:\Users\har20\OneDrive\Desktop\project 1\code\quic-pqtls-bot-detection\capture\pcap_store\a50208fc-ec04-4637-bbd3-d10efed6168d.pcap
d50643a2-07fd-47e4-9519-612f03422afa,e14361ad-d3c2-48f6-8918-c197091fbd72,bot_t1,1787075027.8821049,1787075028.691628,C:\Users\har20\OneDrive\Desktop\project 1\code\quic-pqtls-bot-detection\capture\pcap_store\d50643a2-07fd-47e4-9519-612f03422afa.pcap
b59de56f-d2a0-487e-91e9-0c42f7950cb9,e14361ad-d3c2-48f6-8918-c197091fbd72,bot_t1,1787075029.8890555,1787075030.6972246,C:\Users\har20\OneDrive\Desktop\project 1\code\quic-pqtls-bot-detection\capture\pcap_store\b59de56f-d2a0-487e-91e9-0c42f7950cb9.pcap
b67f1096-1e1f-46e2-ae4e-6dabb0d4d811,e14361ad-d3c2-48f6-8918-c197091fbd72,bot_t1,1787075031.7902899,1787075032.6442468,C:\Users\har20\OneDrive\Desktop\project 1\code\quic-pqtls-bot-detection\capture\pcap_store\b67f1096-1e1f-46e2-ae4e-6dabb0d4d811.pcap
3c3078e3-b088-4261-9cb0-3d8f5d9e8335,e14361ad-d3c2-48f6-8918-c197091fbd72,bot_t1,1787075033.7407305,1787075034.6206372,C:\Users\har20\OneDrive\Desktop\project 1\code\quic-pqtls-bot-detection\capture\pcap_store\3c3078e3-b088-4261-9cb0-3d8f5d9e8335.pcap
a5117ec0-c09a-4c88-b149-acc79c33ee8d,ec177184-94bc-49c5-912f-59df5b8fd4e6,bot_t1,1787075035.7066753,1787075036.5243487,C:\Users\har20\OneDrive\Desktop\project 1\code\quic-pqtls-bot-detection\capture\pcap_store\a5117ec0-c09a-4c88-b149-acc79c33ee8d.pcap
b74daa1a-6e46-4b9c-b5b2-d270baab47ae,ec177184-94bc-49c5-912f-59df5b8fd4e6,bot_t1,1787075037.6019633,1787075038.4624002,C:\Users\har20\OneDrive\Desktop\project 1\code\quic-pqtls-bot-detection\capture\pcap_store\b74daa1a-6e46-4b9c-b5b2-d270baab47ae.pcap
39311dd3-bd19-4996-82a5-4e81792962bc,ec177184-94bc-49c5-912f-59df5b8fd4e6,bot_t1,1787075039.564427,1787075040.437327,C:\Users\har20\OneDrive\Desktop\project 1\code\quic-pqtls-bot-detection\capture\pcap_store\39311dd3-bd19-4996-82a5-4e81792962bc.pcap
16414cb8-588c-40b1-ba58-5fc8ba52af84,ec177184-94bc-49c5-912f-59df5b8fd4e6,bot_t1,1787075041.5306008,1787075042.3961453,C:\Users\har20\OneDrive\Desktop\project 1\code\quic-pqtls-bot-detection\capture\pcap_store\16414cb8-588c-40b1-ba58-5fc8ba52af84.pcap
a34446ee-5aaa-4daf-9af3-74a2d9ead1f3,ec177184-94bc-49c5-912f-59df5b8fd4e6,bot_t1,1787075043.4931664,1787075044.3649948,C:\Users\har20\OneDrive\Desktop\project 1\code\quic-pqtls-bot-detection\capture\pcap_store\a34446ee-5aaa-4daf-9af3-74a2d9ead1f3.pcap
44205a19-ea92-42ca-b172-d361ecca4a8b,8a28290e-d5b7-492c-9fcb-ee1ab52640d7,bot_t1,1787075045.5700877,1787075046.4283452,C:\Users\har20\OneDrive\Desktop\project 1\code\quic-pqtls-bot-detection\capture\pcap_store\44205a19-ea92-42ca-b172-d361ecca4a8b.pcap
0d84922a-01f9-44e7-90b3-06e019824db1,8a28290e-d5b7-492c-9fcb-ee1ab52640d7,bot_t1,1787075047.5162492,1787075048.4079397,C:\Users\har20\OneDrive\Desktop\project 1\code\quic-pqtls-bot-detection\capture\pcap_store\0d84922a-01f9-44e7-90b3-06e019824db1.pcap
6b47aa41-e1c1-4125-aba8-ee63895ca56a,8a28290e-d5b7-492c-9fcb-ee1ab52640d7,bot_t1,1787075049.4864635,1787075050.324814,C:\Users\har20\OneDrive\Desktop\project 1\code\quic-pqtls-bot-detection\capture\pcap_store\6b47aa41-e1c1-4125-aba8-ee63895ca56a.pcap
80bf166d-6a80-4adf-bb50-917d47730691,8a28290e-d5b7-492c-9fcb-ee1ab52640d7,bot_t1,1787075051.4241524,1787075052.24337,C:\Users\har20\OneDrive\Desktop\project 1\code\quic-pqtls-bot-detection\capture\pcap_store\80bf166d-6a80-4adf-bb50-917d47730691.pcap
a4c491d7-5526-4155-97ff-9a2efb59abf5,bf7262ff-620b-4883-ba75-e8ce76ac2622,bot_t1,1787075053.2466183,1787075054.1339834,C:\Users\har20\OneDrive\Desktop\project 1\code\quic-pqtls-bot-detection\capture\pcap_store\a4c491d7-5526-4155-97ff-9a2efb59abf5.pcap
0ad293f7-5a74-4eb9-95a9-32b3b333652e,bf7262ff-620b-4883-ba75-e8ce76ac2622,bot_t1,1787075055.5882564,1787075056.4689507,C:\Users\har20\OneDrive\Desktop\project 1\code\quic-pqtls-bot-detection\capture\pcap_store\0ad293f7-5a74-4eb9-95a9-32b3b333652e.pcap
e37911e7-2d76-4f9c-9f57-ff4bc8608652,bf7262ff-620b-4883-ba75-e8ce76ac2622,bot_t1,1787075057.941848,1787075058.7826524,C:\Users\har20\OneDrive\Desktop\project 1\code\quic-pqtls-bot-detection\capture\pcap_store\e37911e7-2d76-4f9c-9f57-ff4bc8608652.pcap
875ba6c8-52cc-4beb-88b3-0d3cd6c9fece,bf7262ff-620b-4883-ba75-e8ce76ac2622,bot_t1,1787075059.8610168,1787075060.737535,C:\Users\har20\OneDrive\Desktop\project 1\code\quic-pqtls-bot-detection\capture\pcap_store\875ba6c8-52cc-4beb-88b3-0d3cd6c9fece.pcap
d3816339-a54a-412e-bfa1-d38df7df4e9f,bf7262ff-620b-4883-ba75-e8ce76ac2622,bot_t1,1787075061.7147741,1787075062.581024,C:\Users\har20\OneDrive\Desktop\project 1\code\quic-pqtls-bot-detection\capture\pcap_store\d3816339-a54a-412e-bfa1-d38df7df4e9f.pcap
9036f75c-ad27-476f-bbda-ac5babc65216,0da4c5cb-a75e-40fc-832d-583f3d84c293,bot_t1,1787075063.6734285,1787075064.5482683,C:\Users\har20\OneDrive\Desktop\project 1\code\quic-pqtls-bot-detection\capture\pcap_store\9036f75c-ad27-476f-bbda-ac5babc65216.pcap
d38e4af5-0835-4ba0-8cf4-fcce39815032,0da4c5cb-a75e-40fc-832d-583f3d84c293,bot_t1,1787075065.6496828,1787075066.5410228,C:\Users\har20\OneDrive\Desktop\project 1\code\quic-pqtls-bot-detection\capture\pcap_store\d38e4af5-0835-4ba0-8cf4-fcce39815032.pcap
032a85df-cfcf-4b74-826f-d174431dc133,0da4c5cb-a75e-40fc-832d-583f3d84c293,bot_t1,1787075067.6337254,1787075068.457807,C:\Users\har20\OneDrive\Desktop\project 1\code\quic-pqtls-bot-detection\capture\pcap_store\032a85df-cfcf-4b74-826f-d174431dc133.pcap
a1a80e21-9cc8-4b88-b6d3-8756dbe1fe58,bde91bb3-567d-4e1f-8a03-59839bb14164,bot_t1,1787075069.557452,1787075070.4406083,C:\Users\har20\OneDrive\Desktop\project 1\code\quic-pqtls-bot-detection\capture\pcap_store\a1a80e21-9cc8-4b88-b6d3-8756dbe1fe58.pcap
465eaf01-7534-4e84-bac0-6cc407eb0e72,bde91bb3-567d-4e1f-8a03-59839bb14164,bot_t1,1787075071.5264792,1787075072.3725934,C:\Users\har20\OneDrive\Desktop\project 1\code\quic-pqtls-bot-detection\capture\pcap_store\465eaf01-7534-4e84-bac0-6cc407eb0e72.pcap
f0dfb4da-92f0-4c2f-8f72-035a3907b0d1,bde91bb3-567d-4e1f-8a03-59839bb14164,bot_t1,1787075073.4700403,1787075074.301122,C:\Users\har20\OneDrive\Desktop\project 1\code\quic-pqtls-bot-detection\capture\pcap_store\f0dfb4da-92f0-4c2f-8f72-035a3907b0d1.pcap
300a92cc-d94b-47f0-80cd-07f9a1e48aba,bde91bb3-567d-4e1f-8a03-59839bb14164,bot_t1,1787075075.4697695,1787075076.337827,C:\Users\har20\OneDrive\Desktop\project 1\code\quic-pqtls-bot-detection\capture\pcap_store\300a92cc-d94b-47f0-80cd-07f9a1e48aba.pcap
1d1e3bda-dd80-4ef6-adb1-c8a5b541b84d,bde91bb3-567d-4e1f-8a03-59839bb14164,bot_t1,1787075077.4771485,1787075078.2804148,C:\Users\har20\OneDrive\Desktop\project 1\code\quic-pqtls-bot-detection\capture\pcap_store\1d1e3bda-dd80-4ef6-adb1-c8a5b541b84d.pcap
beec0c08-986b-4320-95ef-48ae5d7497f1,ad236c2c-edd9-43e1-a637-ce00438e0cb4,bot_t1,1787075079.694429,1787075080.5738754,C:\Users\har20\OneDrive\Desktop\project 1\code\quic-pqtls-bot-detection\capture\pcap_store\beec0c08-986b-4320-95ef-48ae5d7497f1.pcap
5f7f8511-bab1-4519-bb16-0d4db8f7dece,ad236c2c-edd9-43e1-a637-ce00438e0cb4,bot_t1,1787075081.670162,1787075082.5604076,C:\Users\har20\OneDrive\Desktop\project 1\code\quic-pqtls-bot-detection\capture\pcap_store\5f7f8511-bab1-4519-bb16-0d4db8f7dece.pcap
5d5110c4-f3e8-471a-a18c-3955612096e1,ad236c2c-edd9-43e1-a637-ce00438e0cb4,bot_t1,1787075083.6563637,1787075084.5430853,C:\Users\har20\OneDrive\Desktop\project 1\code\quic-pqtls-bot-detection\capture\pcap_store\5d5110c4-f3e8-471a-a18c-3955612096e1.pcap
69539064-a321-41c8-9bca-be4053101828,ad236c2c-edd9-43e1-a637-ce00438e0cb4,bot_t1,1787075085.6380932,1787075086.4971397,C:\Users\har20\OneDrive\Desktop\project 1\code\quic-pqtls-bot-detection\capture\pcap_store\69539064-a321-41c8-9bca-be4053101828.pcap
a8f0e9f7-44ba-4a52-a1ab-633376e15fd9,ad236c2c-edd9-43e1-a637-ce00438e0cb4,bot_t1,1787075087.6442442,1787075088.477746,C:\Users\har20\OneDrive\Desktop\project 1\code\quic-pqtls-bot-detection\capture\pcap_store\a8f0e9f7-44ba-4a52-a1ab-633376e15fd9.pcap
97257d96-0cbb-4be1-8269-2bdb732b0e7f,f6b272c6-9345-42ed-9754-f3aa3c402283,bot_t1,1787075089.5898993,1787075090.4393148,C:\Users\har20\OneDrive\Desktop\project 1\code\quic-pqtls-bot-detection\capture\pcap_store\97257d96-0cbb-4be1-8269-2bdb732b0e7f.pcap
6e6a95d5-61fa-4782-9d1a-068bfeaf967d,f6b272c6-9345-42ed-9754-f3aa3c402283,bot_t1,1787075091.5418847,1787075092.391264,C:\Users\har20\OneDrive\Desktop\project 1\code\quic-pqtls-bot-detection\capture\pcap_store\6e6a95d5-61fa-4782-9d1a-068bfeaf967d.pcap
60348307-b344-43f2-919f-20462990e26e,f6b272c6-9345-42ed-9754-f3aa3c402283,bot_t1,1787075093.4887908,1787075094.3247054,C:\Users\har20\OneDrive\Desktop\project 1\code\quic-pqtls-bot-detection\capture\pcap_store\60348307-b344-43f2-919f-20462990e26e.pcap
cfdcd80c-5a62-41ed-a696-4d165db3b81f,f9cba6c2-a835-4726-a92d-783a0c13bfa8,bot_t1,1787075095.4153452,1787075096.282639,C:\Users\har20\OneDrive\Desktop\project 1\code\quic-pqtls-bot-detection\capture\pcap_store\cfdcd80c-5a62-41ed-a696-4d165db3b81f.pcap
5a5f0231-2ce9-4748-bbaa-18d5b07110b4,f9cba6c2-a835-4726-a92d-783a0c13bfa8,bot_t1,1787075097.3810291,1787075098.209995,C:\Users\har20\OneDrive\Desktop\project 1\code\quic-pqtls-bot-detection\capture\pcap_store\5a5f0231-2ce9-4748-bbaa-18d5b07110b4.pcap
783164a7-3ab4-451a-9951-ab8849156106,f9cba6c2-a835-4726-a92d-783a0c13bfa8,bot_t1,1787075099.312928,1787075100.1328273,C:\Users\har20\OneDrive\Desktop\project 1\code\quic-pqtls-bot-detection\capture\pcap_store\783164a7-3ab4-451a-9951-ab8849156106.pcap
01a4f6cc-5a69-458f-a2ec-29c43c1fc804,f9cba6c2-a835-4726-a92d-783a0c13bfa8,bot_t1,1787075101.23081,1787075102.0938096,C:\Users\har20\OneDrive\Desktop\project 1\code\quic-pqtls-bot-detection\capture\pcap_store\01a4f6cc-5a69-458f-a2ec-29c43c1fc804.pcap
36fa3b8b-7380-4d32-8828-840e53d0f7e7,4452c670-19fd-4f28-88d1-162f6faceb74,bot_t1,1787075103.2505739,1787075104.06624,C:\Users\har20\OneDrive\Desktop\project 1\code\quic-pqtls-bot-detection\capture\pcap_store\36fa3b8b-7380-4d32-8828-840e53d0f7e7.pcap
f0fa8136-2f7a-4d75-8f51-21a769f601cf,4452c670-19fd-4f28-88d1-162f6faceb74,bot_t1,1787075105.1579394,1787075106.0181487,C:\Users\har20\OneDrive\Desktop\project 1\code\quic-pqtls-bot-detection\capture\pcap_store\f0fa8136-2f7a-4d75-8f51-21a769f601cf.pcap
743428ed-39b0-4fc5-8fff-11f7feef2ca9,4452c670-19fd-4f28-88d1-162f6faceb74,bot_t1,1787075107.103616,1787075107.97639,C:\Users\har20\OneDrive\Desktop\project 1\code\quic-pqtls-bot-detection\capture\pcap_store\743428ed-39b0-4fc5-8fff-11f7feef2ca9.pcap
76edd824-a3f8-4c81-bc4b-5aa3b338ac5f,4452c670-19fd-4f28-88d1-162f6faceb74,bot_t1,1787075109.063731,1787075109.951984,C:\Users\har20\OneDrive\Desktop\project 1\code\quic-pqtls-bot-detection\capture\pcap_store\76edd824-a3f8-4c81-bc4b-5aa3b338ac5f.pcap
e5f83baa-90df-4137-8714-f135d4edf2a3,ac468aa6-f2f6-4b69-9e74-9d08626f22ae,bot_t1,1787075111.0344427,1787075111.9506445,C:\Users\har20\OneDrive\Desktop\project 1\code\quic-pqtls-bot-detection\capture\pcap_store\e5f83baa-90df-4137-8714-f135d4edf2a3.pcap
dd80f0fb-8235-48c0-adbf-1bedf5db1312,ac468aa6-f2f6-4b69-9e74-9d08626f22ae,bot_t1,1787075113.1074314,1787075113.968557,C:\Users\har20\OneDrive\Desktop\project 1\code\quic-pqtls-bot-detection\capture\pcap_store\dd80f0fb-8235-48c0-adbf-1bedf5db1312.pcap
c60dfd4a-5210-4905-80b7-db9f74bc99a7,ac468aa6-f2f6-4b69-9e74-9d08626f22ae,bot_t1,1787075115.0472448,1787075115.9010112,C:\Users\har20\OneDrive\Desktop\project 1\code\quic-pqtls-bot-detection\capture\pcap_store\c60dfd4a-5210-4905-80b7-db9f74bc99a7.pcap
30e82c45-06ff-41b5-8a60-df142f5026c8,ac468aa6-f2f6-4b69-9e74-9d08626f22ae,bot_t1,1787075116.9985416,1787075117.8834653,C:\Users\har20\OneDrive\Desktop\project 1\code\quic-pqtls-bot-detection\capture\pcap_store\30e82c45-06ff-41b5-8a60-df142f5026c8.pcap
f18e1e0f-fd3c-4c05-9465-69fff8d128bc,e4f47590-254e-40a9-b250-f3ee3181e82d,bot_t1,1787075118.9773154,1787075119.8242111,C:\Users\har20\OneDrive\Desktop\project 1\code\quic-pqtls-bot-detection\capture\pcap_store\f18e1e0f-fd3c-4c05-9465-69fff8d128bc.pcap
db846666-3e69-4eb4-8d8e-91b22cb68904,e4f47590-254e-40a9-b250-f3ee3181e82d,bot_t1,1787075120.9092562,1787075121.79388,C:\Users\har20\OneDrive\Desktop\project 1\code\quic-pqtls-bot-detection\capture\pcap_store\db846666-3e69-4eb4-8d8e-91b22cb68904.pcap
21e1cc97-0614-4956-949d-f10ba8121c18,e4f47590-254e-40a9-b250-f3ee3181e82d,bot_t1,1787075122.8866577,1787075123.7391798,C:\Users\har20\OneDrive\Desktop\project 1\code\quic-pqtls-bot-detection\capture\pcap_store\21e1cc97-0614-4956-949d-f10ba8121c18.pcap
2435e659-6ce9-4a0e-abe9-132383354bcf,33c5d0db-447b-416c-930e-79bef9986529,bot_t1,1787075124.821785,1787075125.655271,C:\Users\har20\OneDrive\Desktop\project 1\code\quic-pqtls-bot-detection\capture\pcap_store\2435e659-6ce9-4a0e-abe9-132383354bcf.pcap
9e56db16-cb7f-451f-b039-0e139266c713,33c5d0db-447b-416c-930e-79bef9986529,bot_t1,1787075126.8076818,1787075127.6758177,C:\Users\har20\OneDrive\Desktop\project 1\code\quic-pqtls-bot-detection\capture\pcap_store\9e56db16-cb7f-451f-b039-0e139266c713.pcap
3c72ee56-1aac-4943-92a1-3f80fdf7a58c,33c5d0db-447b-416c-930e-79bef9986529,bot_t1,1787075128.782565,1787075129.618356,C:\Users\har20\OneDrive\Desktop\project 1\code\quic-pqtls-bot-detection\capture\pcap_store\3c72ee56-1aac-4943-92a1-3f80fdf7a58c.pcap
6e00ec0e-dc05-4e9d-be08-f51fc2c62569,e2f287f7-0042-4567-a4bf-9199f63058f7,bot_t1,1787075130.718501,1787075131.5563648,C:\Users\har20\OneDrive\Desktop\project 1\code\quic-pqtls-bot-detection\capture\pcap_store\6e00ec0e-dc05-4e9d-be08-f51fc2c62569.pcap
f935b796-76b3-45bd-bb0a-4e3e2818691e,e2f287f7-0042-4567-a4bf-9199f63058f7,bot_t1,1787075132.6538234,1787075133.4949875,C:\Users\har20\OneDrive\Desktop\project 1\code\quic-pqtls-bot-detection\capture\pcap_store\f935b796-76b3-45bd-bb0a-4e3e2818691e.pcap
774b5412-86e2-4983-8d2c-d576cc62284f,e2f287f7-0042-4567-a4bf-9199f63058f7,bot_t1,1787075134.5888145,1787075135.4357238,C:\Users\har20\OneDrive\Desktop\project 1\code\quic-pqtls-bot-detection\capture\pcap_store\774b5412-86e2-4983-8d2c-d576cc62284f.pcap
56aa9861-b2bc-467d-8551-85fb067671fa,e2f287f7-0042-4567-a4bf-9199f63058f7,bot_t1,1787075136.514765,1787075137.361226,C:\Users\har20\OneDrive\Desktop\project 1\code\quic-pqtls-bot-detection\capture\pcap_store\56aa9861-b2bc-467d-8551-85fb067671fa.pcap
99d25db2-dc61-44ff-9629-45c715041899,e2f287f7-0042-4567-a4bf-9199f63058f7,bot_t1,1787075138.5775886,1787075139.4297988,C:\Users\har20\OneDrive\Desktop\project 1\code\quic-pqtls-bot-detection\capture\pcap_store\99d25db2-dc61-44ff-9629-45c715041899.pcap
18b92898-da11-4401-8c76-4656f6e82621,e7bdc65b-bb3d-437f-be21-94170fff3d03,bot_t1,1787075140.4132824,1787075141.3027167,C:\Users\har20\OneDrive\Desktop\project 1\code\quic-pqtls-bot-detection\capture\pcap_store\18b92898-da11-4401-8c76-4656f6e82621.pcap
623a8b58-6409-42a1-8658-5316f3bc0fae,e7bdc65b-bb3d-437f-be21-94170fff3d03,bot_t1,1787075142.399335,1787075143.2990267,C:\Users\har20\OneDrive\Desktop\project 1\code\quic-pqtls-bot-detection\capture\pcap_store\623a8b58-6409-42a1-8658-5316f3bc0fae.pcap
356eea00-9a1d-4940-9647-86887fa0edea,e7bdc65b-bb3d-437f-be21-94170fff3d03,bot_t1,1787075144.3966415,1787075145.269358,C:\Users\har20\OneDrive\Desktop\project 1\code\quic-pqtls-bot-detection\capture\pcap_store\356eea00-9a1d-4940-9647-86887fa0edea.pcap
a6bf139c-5765-417f-923d-5a504d15a049,e7bdc65b-bb3d-437f-be21-94170fff3d03,bot_t1,1787075146.4338794,1787075147.3182135,C:\Users\har20\OneDrive\Desktop\project 1\code\quic-pqtls-bot-detection\capture\pcap_store\a6bf139c-5765-417f-923d-5a504d15a049.pcap
3a838aa8-21ba-45a9-aa51-eb9f2b84e553,e7bdc65b-bb3d-437f-be21-94170fff3d03,bot_t1,1787075148.4050388,1787075149.2709727,C:\Users\har20\OneDrive\Desktop\project 1\code\quic-pqtls-bot-detection\capture\pcap_store\3a838aa8-21ba-45a9-aa51-eb9f2b84e553.pcap
64aa447e-6851-44a2-99a0-c778c0ca2043,41aacdba-5163-4cb4-8d96-6c009e20f1d6,bot_t1,1787075150.3615146,1787075151.236011,C:\Users\har20\OneDrive\Desktop\project 1\code\quic-pqtls-bot-detection\capture\pcap_store\64aa447e-6851-44a2-99a0-c778c0ca2043.pcap
d70a86e3-8db8-4a48-8a54-42a39545afd1,41aacdba-5163-4cb4-8d96-6c009e20f1d6,bot_t1,1787075152.3266995,1787075153.2179532,C:\Users\har20\OneDrive\Desktop\project 1\code\quic-pqtls-bot-detection\capture\pcap_store\d70a86e3-8db8-4a48-8a54-42a39545afd1.pcap
9479ebd3-038d-4404-8ecb-9f0809338e2f,41aacdba-5163-4cb4-8d96-6c009e20f1d6,bot_t1,1787075154.305562,1787075155.172659,C:\Users\har20\OneDrive\Desktop\project 1\code\quic-pqtls-bot-detection\capture\pcap_store\9479ebd3-038d-4404-8ecb-9f0809338e2f.pcap
9d49b4a9-7820-42d0-9ac7-c511ff82d6e4,41aacdba-5163-4cb4-8d96-6c009e20f1d6,bot_t1,1787075156.3652472,1787075157.205858,C:\Users\har20\OneDrive\Desktop\project 1\code\quic-pqtls-bot-detection\capture\pcap_store\9d49b4a9-7820-42d0-9ac7-c511ff82d6e4.pcap
18a1b9ad-496b-4e6f-863e-9121d3addd60,640ba247-2895-4c54-a3bc-aac2b6742e49,bot_t1,1787075158.27849,1787075159.1536615,C:\Users\har20\OneDrive\Desktop\project 1\code\quic-pqtls-bot-detection\capture\pcap_store\18a1b9ad-496b-4e6f-863e-9121d3addd60.pcap
0b96f229-c60a-48c0-a3da-cca6bad04380,640ba247-2895-4c54-a3bc-aac2b6742e49,bot_t1,1787075160.1344147,1787075161.0023506,C:\Users\har20\OneDrive\Desktop\project 1\code\quic-pqtls-bot-detection\capture\pcap_store\0b96f229-c60a-48c0-a3da-cca6bad04380.pcap
a53a998e-26d3-4cad-bab6-2235f42ebf95,640ba247-2895-4c54-a3bc-aac2b6742e49,bot_t1,1787075162.0988398,1787075162.9191642,C:\Users\har20\OneDrive\Desktop\project 1\code\quic-pqtls-bot-detection\capture\pcap_store\a53a998e-26d3-4cad-bab6-2235f42ebf95.pcap
b75f6666-1063-43a9-8ee2-265e91abb415,640ba247-2895-4c54-a3bc-aac2b6742e49,bot_t1,1787075164.0127861,1787075164.8619342,C:\Users\har20\OneDrive\Desktop\project 1\code\quic-pqtls-bot-detection\capture\pcap_store\b75f6666-1063-43a9-8ee2-265e91abb415.pcap
b9b09e48-40ec-48bc-ad84-526fde602753,640ba247-2895-4c54-a3bc-aac2b6742e49,bot_t1,1787075165.9443426,1787075166.7894835,C:\Users\har20\OneDrive\Desktop\project 1\code\quic-pqtls-bot-detection\capture\pcap_store\b9b09e48-40ec-48bc-ad84-526fde602753.pcap
0d1cc24d-e70f-4071-977f-e8c534bb2009,66d56f23-57d1-437d-ae6a-7984f5096328,bot_t1,1787075167.8866358,1787075168.7429688,C:\Users\har20\OneDrive\Desktop\project 1\code\quic-pqtls-bot-detection\capture\pcap_store\0d1cc24d-e70f-4071-977f-e8c534bb2009.pcap
0e265578-cc89-4831-ac01-74f458c53b42,66d56f23-57d1-437d-ae6a-7984f5096328,bot_t1,1787075169.8423579,1787075170.687733,C:\Users\har20\OneDrive\Desktop\project 1\code\quic-pqtls-bot-detection\capture\pcap_store\0e265578-cc89-4831-ac01-74f458c53b42.pcap
e7f083a6-9284-4327-b49c-c3837ce206d7,66d56f23-57d1-437d-ae6a-7984f5096328,bot_t1,1787075171.7843113,1787075172.6125276,C:\Users\har20\OneDrive\Desktop\project 1\code\quic-pqtls-bot-detection\capture\pcap_store\e7f083a6-9284-4327-b49c-c3837ce206d7.pcap
e2f5bb1e-2d76-40ae-bd01-f79a991649bb,265102a3-5e7f-4f65-96f1-c7c6686c5802,bot_t1,1787075173.8049824,1787075174.6483603,C:\Users\har20\OneDrive\Desktop\project 1\code\quic-pqtls-bot-detection\capture\pcap_store\e2f5bb1e-2d76-40ae-bd01-f79a991649bb.pcap
b33ef9a7-a1a6-4afc-84db-7e047e42b9f6,265102a3-5e7f-4f65-96f1-c7c6686c5802,bot_t1,1787075175.6356022,1787075176.5527477,C:\Users\har20\OneDrive\Desktop\project 1\code\quic-pqtls-bot-detection\capture\pcap_store\b33ef9a7-a1a6-4afc-84db-7e047e42b9f6.pcap
b7167f69-3423-47b2-9e4e-b8580cc89d0d,265102a3-5e7f-4f65-96f1-c7c6686c5802,bot_t1,1787075177.6536267,1787075178.5150428,C:\Users\har20\OneDrive\Desktop\project 1\code\quic-pqtls-bot-detection\capture\pcap_store\b7167f69-3423-47b2-9e4e-b8580cc89d0d.pcap
25a6d76b-6ef1-4830-8ce8-f462d197caed,265102a3-5e7f-4f65-96f1-c7c6686c5802,bot_t1,1787075179.607076,1787075180.4634674,C:\Users\har20\OneDrive\Desktop\project 1\code\quic-pqtls-bot-detection\capture\pcap_store\25a6d76b-6ef1-4830-8ce8-f462d197caed.pcap
a60b0ee8-c75b-4795-bd21-16abd2efdc24,265102a3-5e7f-4f65-96f1-c7c6686c5802,bot_t1,1787075181.5525742,1787075182.4289374,C:\Users\har20\OneDrive\Desktop\project 1\code\quic-pqtls-bot-detection\capture\pcap_store\a60b0ee8-c75b-4795-bd21-16abd2efdc24.pcap
7b1aec09-963c-4385-9087-25be27094f5b,3e08166e-645f-4f60-b890-94e30781c705,bot_t1,1787075183.52908,1787075184.3620667,C:\Users\har20\OneDrive\Desktop\project 1\code\quic-pqtls-bot-detection\capture\pcap_store\7b1aec09-963c-4385-9087-25be27094f5b.pcap
1106c241-dfe2-41b1-82ec-bb5ce504a4b4,3e08166e-645f-4f60-b890-94e30781c705,bot_t1,1787075185.4500518,1787075186.3309407,C:\Users\har20\OneDrive\Desktop\project 1\code\quic-pqtls-bot-detection\capture\pcap_store\1106c241-dfe2-41b1-82ec-bb5ce504a4b4.pcap
c534fc97-87c6-4292-8c05-058df57b6094,3e08166e-645f-4f60-b890-94e30781c705,bot_t1,1787075187.434557,1787075188.2405145,C:\Users\har20\OneDrive\Desktop\project 1\code\quic-pqtls-bot-detection\capture\pcap_store\c534fc97-87c6-4292-8c05-058df57b6094.pcap
b1c414b1-6783-460f-b19e-b7ac228b6710,3e08166e-645f-4f60-b890-94e30781c705,bot_t1,1787075189.3300402,1787075190.1844645,C:\Users\har20\OneDrive\Desktop\project 1\code\quic-pqtls-bot-detection\capture\pcap_store\b1c414b1-6783-460f-b19e-b7ac228b6710.pcap
cc64d629-8ef7-4cd0-9f15-588c4ee82c6c,3e08166e-645f-4f60-b890-94e30781c705,bot_t1,1787075191.2830517,1787075192.177071,C:\Users\har20\OneDrive\Desktop\project 1\code\quic-pqtls-bot-detection\capture\pcap_store\cc64d629-8ef7-4cd0-9f15-588c4ee82c6c.pcap
703c8b92-8f24-4fbb-84bf-9434eb741c83,0e31789b-f744-42c7-a796-73d9bb628227,bot_t1,1787075193.3379555,1787075194.214388,C:\Users\har20\OneDrive\Desktop\project 1\code\quic-pqtls-bot-detection\capture\pcap_store\703c8b92-8f24-4fbb-84bf-9434eb741c83.pcap
c6d1eb41-646d-4fb1-8401-418d0d3a5b2c,0e31789b-f744-42c7-a796-73d9bb628227,bot_t1,1787075195.312961,1787075196.177591,C:\Users\har20\OneDrive\Desktop\project 1\code\quic-pqtls-bot-detection\capture\pcap_store\c6d1eb41-646d-4fb1-8401-418d0d3a5b2c.pcap
e774ff54-5b2f-4e31-8507-508f6cff0e75,0e31789b-f744-42c7-a796-73d9bb628227,bot_t1,1787075197.2708082,1787075198.099087,C:\Users\har20\OneDrive\Desktop\project 1\code\quic-pqtls-bot-detection\capture\pcap_store\e774ff54-5b2f-4e31-8507-508f6cff0e75.pcap
76cee3f4-d569-4137-a653-8924335f84b7,dc42bb13-bfb7-4cf7-a1c3-e35a41bf33e8,bot_t1,1787075199.2054775,1787075200.0729373,C:\Users\har20\OneDrive\Desktop\project 1\code\quic-pqtls-bot-detection\capture\pcap_store\76cee3f4-d569-4137-a653-8924335f84b7.pcap
0779e2a8-9ad3-4639-bb3b-5076072fadfb,dc42bb13-bfb7-4cf7-a1c3-e35a41bf33e8,bot_t1,1787075201.1645908,1787075201.9992595,C:\Users\har20\OneDrive\Desktop\project 1\code\quic-pqtls-bot-detection\capture\pcap_store\0779e2a8-9ad3-4639-bb3b-5076072fadfb.pcap
61618793-62cc-4e49-a75f-cf6d21891acd,dc42bb13-bfb7-4cf7-a1c3-e35a41bf33e8,bot_t1,1787075203.0839863,1787075203.9981809,C:\Users\har20\OneDrive\Desktop\project 1\code\quic-pqtls-bot-detection\capture\pcap_store\61618793-62cc-4e49-a75f-cf6d21891acd.pcap
ad2551e8-c830-4899-9dc7-56fd9f4c23e6,dc42bb13-bfb7-4cf7-a1c3-e35a41bf33e8,bot_t1,1787075204.992817,1787075205.8717108,C:\Users\har20\OneDrive\Desktop\project 1\code\quic-pqtls-bot-detection\capture\pcap_store\ad2551e8-c830-4899-9dc7-56fd9f4c23e6.pcap
54e24cc2-578b-45f5-9e94-8fe264a47665,dc42bb13-bfb7-4cf7-a1c3-e35a41bf33e8,bot_t1,1787075206.9934914,1787075207.8599224,C:\Users\har20\OneDrive\Desktop\project 1\code\quic-pqtls-bot-detection\capture\pcap_store\54e24cc2-578b-45f5-9e94-8fe264a47665.pcap
72cbd8ae-c459-494a-8614-958b1da23639,e64406ff-2b75-488d-b5f2-db3313699223,bot_t1,1787075208.9576497,1787075209.8629906,C:\Users\har20\OneDrive\Desktop\project 1\code\quic-pqtls-bot-detection\capture\pcap_store\72cbd8ae-c459-494a-8614-958b1da23639.pcap
8c2fa30f-a32e-4be9-bcac-e5e12453a756,e64406ff-2b75-488d-b5f2-db3313699223,bot_t1,1787075210.9663177,1787075211.8191545,C:\Users\har20\OneDrive\Desktop\project 1\code\quic-pqtls-bot-detection\capture\pcap_store\8c2fa30f-a32e-4be9-bcac-e5e12453a756.pcap
9f824bca-1237-454e-975a-163a2d50d82d,e64406ff-2b75-488d-b5f2-db3313699223,bot_t1,1787075212.9077156,1787075213.7427642,C:\Users\har20\OneDrive\Desktop\project 1\code\quic-pqtls-bot-detection\capture\pcap_store\9f824bca-1237-454e-975a-163a2d50d82d.pcap
265c382c-7674-4361-9781-eaf09b9ef2d4,e64406ff-2b75-488d-b5f2-db3313699223,bot_t1,1787075214.8304892,1787075215.7382553,C:\Users\har20\OneDrive\Desktop\project 1\code\quic-pqtls-bot-detection\capture\pcap_store\265c382c-7674-4361-9781-eaf09b9ef2d4.pcap
f5b196bd-0821-45f5-ac0d-fa2a1eb0f7d4,e64406ff-2b75-488d-b5f2-db3313699223,bot_t1,1787075216.8309426,1787075217.676866,C:\Users\har20\OneDrive\Desktop\project 1\code\quic-pqtls-bot-detection\capture\pcap_store\f5b196bd-0821-45f5-ac0d-fa2a1eb0f7d4.pcap
a3f37511-633c-4717-ad5f-694123a4ac1e,03d35084-41d3-4500-84bc-766f93991c48,bot_t1,1787075218.7709615,1787075219.647023,C:\Users\har20\OneDrive\Desktop\project 1\code\quic-pqtls-bot-detection\capture\pcap_store\a3f37511-633c-4717-ad5f-694123a4ac1e.pcap
5c27c024-a933-4683-a66b-98a099d96fbd,03d35084-41d3-4500-84bc-766f93991c48,bot_t1,1787075220.7469225,1787075221.6269794,C:\Users\har20\OneDrive\Desktop\project 1\code\quic-pqtls-bot-detection\capture\pcap_store\5c27c024-a933-4683-a66b-98a099d96fbd.pcap
0e023138-adec-4905-a1d5-57960a8a245a,03d35084-41d3-4500-84bc-766f93991c48,bot_t1,1787075222.7343335,1787075223.6249704,C:\Users\har20\OneDrive\Desktop\project 1\code\quic-pqtls-bot-detection\capture\pcap_store\0e023138-adec-4905-a1d5-57960a8a245a.pcap
6b84c918-1b23-431c-979f-95e6913853d6,03d35084-41d3-4500-84bc-766f93991c48,bot_t1,1787075224.7274394,1787075225.6257536,C:\Users\har20\OneDrive\Desktop\project 1\code\quic-pqtls-bot-detection\capture\pcap_store\6b84c918-1b23-431c-979f-95e6913853d6.pcap
07fa73b9-63b6-4cfe-9310-bd65216bf553,03d35084-41d3-4500-84bc-766f93991c48,bot_t1,1787075226.7820747,1787075227.6277528,C:\Users\har20\OneDrive\Desktop\project 1\code\quic-pqtls-bot-detection\capture\pcap_store\07fa73b9-63b6-4cfe-9310-bd65216bf553.pcap
41464eb2-9cf7-4e88-b269-89c3ab275dec,2d8fa7e7-ab25-4a8f-969a-18cd1fc26fd8,bot_t1,1787075228.728809,1787075229.605247,C:\Users\har20\OneDrive\Desktop\project 1\code\quic-pqtls-bot-detection\capture\pcap_store\41464eb2-9cf7-4e88-b269-89c3ab275dec.pcap
e9b97a2d-d9d2-468b-b1a6-2469460e6e78,2d8fa7e7-ab25-4a8f-969a-18cd1fc26fd8,bot_t1,1787075230.6968603,1787075231.5704682,C:\Users\har20\OneDrive\Desktop\project 1\code\quic-pqtls-bot-detection\capture\pcap_store\e9b97a2d-d9d2-468b-b1a6-2469460e6e78.pcap
055c3896-23a1-4650-97a5-d1a910e0e0b3,2d8fa7e7-ab25-4a8f-969a-18cd1fc26fd8,bot_t1,1787075232.696641,1787075233.5825078,C:\Users\har20\OneDrive\Desktop\project 1\code\quic-pqtls-bot-detection\capture\pcap_store\055c3896-23a1-4650-97a5-d1a910e0e0b3.pcap
c8ceef22-c5d7-4572-bf3f-48fcd45fb253,2d8fa7e7-ab25-4a8f-969a-18cd1fc26fd8,bot_t1,1787075234.6886916,1787075235.5724235,C:\Users\har20\OneDrive\Desktop\project 1\code\quic-pqtls-bot-detection\capture\pcap_store\c8ceef22-c5d7-4572-bf3f-48fcd45fb253.pcap
996d50d6-a68a-4416-80f5-75caccc6067a,2d8fa7e7-ab25-4a8f-969a-18cd1fc26fd8,bot_t1,1787075236.703925,1787075237.5759885,C:\Users\har20\OneDrive\Desktop\project 1\code\quic-pqtls-bot-detection\capture\pcap_store\996d50d6-a68a-4416-80f5-75caccc6067a.pcap
4c7f747c-b4b6-4308-ad0a-47cbe6ac53b0,c7eff7b2-28dd-4488-9f5f-7ff970e5feff,bot_t1,1787075238.6720266,1787075239.5271208,C:\Users\har20\OneDrive\Desktop\project 1\code\quic-pqtls-bot-detection\capture\pcap_store\4c7f747c-b4b6-4308-ad0a-47cbe6ac53b0.pcap
0e244894-4ae1-4991-9c21-1cbe7a57312d,c7eff7b2-28dd-4488-9f5f-7ff970e5feff,bot_t1,1787075240.6246684,1787075241.4773612,C:\Users\har20\OneDrive\Desktop\project 1\code\quic-pqtls-bot-detection\capture\pcap_store\0e244894-4ae1-4991-9c21-1cbe7a57312d.pcap
c67ff2cc-779a-46a3-9096-f41ab38580b9,c7eff7b2-28dd-4488-9f5f-7ff970e5feff,bot_t1,1787075242.6886225,1787075243.5689678,C:\Users\har20\OneDrive\Desktop\project 1\code\quic-pqtls-bot-detection\capture\pcap_store\c67ff2cc-779a-46a3-9096-f41ab38580b9.pcap
651c297b-f81c-47cd-8743-510fcd0a2876,18a1b924-acb1-4081-8a3c-708456c77fdf,bot_t1,1787075245.032033,1787075245.9002736,C:\Users\har20\OneDrive\Desktop\project 1\code\quic-pqtls-bot-detection\capture\pcap_store\651c297b-f81c-47cd-8743-510fcd0a2876.pcap
d3be19be-d37b-4536-a8c3-dd558a80fe69,18a1b924-acb1-4081-8a3c-708456c77fdf,bot_t1,1787075246.989696,1787075247.8733418,C:\Users\har20\OneDrive\Desktop\project 1\code\quic-pqtls-bot-detection\capture\pcap_store\d3be19be-d37b-4536-a8c3-dd558a80fe69.pcap
c2b011aa-4f97-4361-8b04-e8679c7ee314,18a1b924-acb1-4081-8a3c-708456c77fdf,bot_t1,1787075248.857545,1787075249.7185218,C:\Users\har20\OneDrive\Desktop\project 1\code\quic-pqtls-bot-detection\capture\pcap_store\c2b011aa-4f97-4361-8b04-e8679c7ee314.pcap
82d7829c-4e60-406b-937f-fb23a2251bb4,18a1b924-acb1-4081-8a3c-708456c77fdf,bot_t1,1787075250.8253055,1787075251.6766026,C:\Users\har20\OneDrive\Desktop\project 1\code\quic-pqtls-bot-detection\capture\pcap_store\82d7829c-4e60-406b-937f-fb23a2251bb4.pcap
e6e845da-3e6d-4f4f-8bb3-2d8348e96de2,18a1b924-acb1-4081-8a3c-708456c77fdf,bot_t1,1787075252.7765286,1787075253.652055,C:\Users\har20\OneDrive\Desktop\project 1\code\quic-pqtls-bot-detection\capture\pcap_store\e6e845da-3e6d-4f4f-8bb3-2d8348e96de2.pcap
906d7655-84e5-4700-b480-d1af838d22b3,60cfb0b9-b0f7-4acd-83a4-7671641f535a,bot_t1,1787075254.7486095,1787075255.6565754,C:\Users\har20\OneDrive\Desktop\project 1\code\quic-pqtls-bot-detection\capture\pcap_store\906d7655-84e5-4700-b480-d1af838d22b3.pcap
fb6daee6-a758-4576-b7dc-2f849b8c9449,60cfb0b9-b0f7-4acd-83a4-7671641f535a,bot_t1,1787075256.759987,1787075257.6581059,C:\Users\har20\OneDrive\Desktop\project 1\code\quic-pqtls-bot-detection\capture\pcap_store\fb6daee6-a758-4576-b7dc-2f849b8c9449.pcap
8f602291-17ee-40c0-bdf7-a1bf40be5d57,60cfb0b9-b0f7-4acd-83a4-7671641f535a,bot_t1,1787075258.7590208,1787075259.6157494,C:\Users\har20\OneDrive\Desktop\project 1\code\quic-pqtls-bot-detection\capture\pcap_store\8f602291-17ee-40c0-bdf7-a1bf40be5d57.pcap
5680df1b-f1d6-4b0f-8543-3c77a3aab7f3,60cfb0b9-b0f7-4acd-83a4-7671641f535a,bot_t1,1787075260.7760694,1787075261.6348915,C:\Users\har20\OneDrive\Desktop\project 1\code\quic-pqtls-bot-detection\capture\pcap_store\5680df1b-f1d6-4b0f-8543-3c77a3aab7f3.pcap
d617cdbd-8cad-48e2-a7a8-c5afdfc7b606,60cfb0b9-b0f7-4acd-83a4-7671641f535a,bot_t1,1787075262.7239728,1787075263.579385,C:\Users\har20\OneDrive\Desktop\project 1\code\quic-pqtls-bot-detection\capture\pcap_store\d617cdbd-8cad-48e2-a7a8-c5afdfc7b606.pcap
615367c5-3160-48e7-b2c9-bd8fe5176568,f3f79838-5d1c-4cc0-b011-61c5be80d9fa,bot_t1,1787075264.6797044,1787075265.5681932,C:\Users\har20\OneDrive\Desktop\project 1\code\quic-pqtls-bot-detection\capture\pcap_store\615367c5-3160-48e7-b2c9-bd8fe5176568.pcap
ab4c2056-c398-49f3-8f06-2e6d54ed2ce3,f3f79838-5d1c-4cc0-b011-61c5be80d9fa,bot_t1,1787075266.6645894,1787075267.4820929,C:\Users\har20\OneDrive\Desktop\project 1\code\quic-pqtls-bot-detection\capture\pcap_store\ab4c2056-c398-49f3-8f06-2e6d54ed2ce3.pcap
6b39d54d-e526-4179-8a5a-4297ae0406e3,f3f79838-5d1c-4cc0-b011-61c5be80d9fa,bot_t1,1787075268.5732894,1787075269.405796,C:\Users\har20\OneDrive\Desktop\project 1\code\quic-pqtls-bot-detection\capture\pcap_store\6b39d54d-e526-4179-8a5a-4297ae0406e3.pcap
319b6f18-381a-4275-bb2f-8b4847eba7b9,f3f79838-5d1c-4cc0-b011-61c5be80d9fa,bot_t1,1787075270.5088224,1787075271.3356812,C:\Users\har20\OneDrive\Desktop\project 1\code\quic-pqtls-bot-detection\capture\pcap_store\319b6f18-381a-4275-bb2f-8b4847eba7b9.pcap
a4b375c7-0b3f-40dd-b1f7-6a6506ba3a06,f3f79838-5d1c-4cc0-b011-61c5be80d9fa,bot_t1,1787075272.424316,1787075273.292782,C:\Users\har20\OneDrive\Desktop\project 1\code\quic-pqtls-bot-detection\capture\pcap_store\a4b375c7-0b3f-40dd-b1f7-6a6506ba3a06.pcap
be639808-c3ae-4b1f-ba48-91b34ffd84d8,afaab9cf-cb8f-47f4-88fe-560b5f22d845,bot_t1,1787075274.3901772,1787075275.2513533,C:\Users\har20\OneDrive\Desktop\project 1\code\quic-pqtls-bot-detection\capture\pcap_store\be639808-c3ae-4b1f-ba48-91b34ffd84d8.pcap
b98c8a79-12ef-4c84-8e10-2f8c2c690a83,afaab9cf-cb8f-47f4-88fe-560b5f22d845,bot_t1,1787075276.343362,1787075277.2218797,C:\Users\har20\OneDrive\Desktop\project 1\code\quic-pqtls-bot-detection\capture\pcap_store\b98c8a79-12ef-4c84-8e10-2f8c2c690a83.pcap
acd89374-2980-449a-8048-700ab14b2ca2,afaab9cf-cb8f-47f4-88fe-560b5f22d845,bot_t1,1787075278.3201783,1787075279.1914468,C:\Users\har20\OneDrive\Desktop\project 1\code\quic-pqtls-bot-detection\capture\pcap_store\acd89374-2980-449a-8048-700ab14b2ca2.pcap
2f3328ec-a724-49b6-9d2a-43fcabaf25e1,b27eeb58-233a-44e4-8902-234b84c729f7,bot_t1,1787075280.2850845,1787075281.1560242,C:\Users\har20\OneDrive\Desktop\project 1\code\quic-pqtls-bot-detection\capture\pcap_store\2f3328ec-a724-49b6-9d2a-43fcabaf25e1.pcap
1699da26-63e7-49d3-bb28-fa2649410b4f,b27eeb58-233a-44e4-8902-234b84c729f7,bot_t1,1787075282.250381,1787075283.0885696,C:\Users\har20\OneDrive\Desktop\project 1\code\quic-pqtls-bot-detection\capture\pcap_store\1699da26-63e7-49d3-bb28-fa2649410b4f.pcap
8a2c7267-17cd-4b8a-91b1-1e89e1e89c17,b27eeb58-233a-44e4-8902-234b84c729f7,bot_t1,1787075284.1743464,1787075285.0226963,C:\Users\har20\OneDrive\Desktop\project 1\code\quic-pqtls-bot-detection\capture\pcap_store\8a2c7267-17cd-4b8a-91b1-1e89e1e89c17.pcap
0249c788-459b-4b3f-9741-c75529c72289,b27eeb58-233a-44e4-8902-234b84c729f7,bot_t1,1787075286.1211362,1787075286.9983733,C:\Users\har20\OneDrive\Desktop\project 1\code\quic-pqtls-bot-detection\capture\pcap_store\0249c788-459b-4b3f-9741-c75529c72289.pcap
a772a1eb-f07e-40ad-8817-c6451204c797,137eb3f2-07fe-4102-a210-d2bf96974714,bot_t1,1787075288.0977175,1787075288.9829454,C:\Users\har20\OneDrive\Desktop\project 1\code\quic-pqtls-bot-detection\capture\pcap_store\a772a1eb-f07e-40ad-8817-c6451204c797.pcap
ddc532d7-eebc-4daf-b0b2-ffc90a0b217c,137eb3f2-07fe-4102-a210-d2bf96974714,bot_t1,1787075290.0807943,1787075290.9053063,C:\Users\har20\OneDrive\Desktop\project 1\code\quic-pqtls-bot-detection\capture\pcap_store\ddc532d7-eebc-4daf-b0b2-ffc90a0b217c.pcap
e5117874-6832-4943-94c7-5116e549c5b1,137eb3f2-07fe-4102-a210-d2bf96974714,bot_t1,1787075292.1169164,1787075292.9408927,C:\Users\har20\OneDrive\Desktop\project 1\code\quic-pqtls-bot-detection\capture\pcap_store\e5117874-6832-4943-94c7-5116e549c5b1.pcap
136afab7-a1f8-48b2-a715-99af0b72aac1,137eb3f2-07fe-4102-a210-d2bf96974714,bot_t1,1787075294.041839,1787075294.9867544,C:\Users\har20\OneDrive\Desktop\project 1\code\quic-pqtls-bot-detection\capture\pcap_store\136afab7-a1f8-48b2-a715-99af0b72aac1.pcap
2e98740e-7e1a-4f85-88f6-5880dc8b547a,813d047e-389c-449d-99bc-7d587af0c721,bot_t1,1787075296.084349,1787075296.9716268,C:\Users\har20\OneDrive\Desktop\project 1\code\quic-pqtls-bot-detection\capture\pcap_store\2e98740e-7e1a-4f85-88f6-5880dc8b547a.pcap
860571b9-f7e2-4263-962c-ea1279a2b0fe,813d047e-389c-449d-99bc-7d587af0c721,bot_t1,1787075298.09632,1787075298.9247155,C:\Users\har20\OneDrive\Desktop\project 1\code\quic-pqtls-bot-detection\capture\pcap_store\860571b9-f7e2-4263-962c-ea1279a2b0fe.pcap
cc86d843-a72e-4b92-ac94-d8a84df41524,813d047e-389c-449d-99bc-7d587af0c721,bot_t1,1787075300.0264294,1787075300.9057376,C:\Users\har20\OneDrive\Desktop\project 1\code\quic-pqtls-bot-detection\capture\pcap_store\cc86d843-a72e-4b92-ac94-d8a84df41524.pcap
f0488412-e89b-411e-906f-c6cf781d95a9,29a1186f-5d2e-4be8-9d8f-a39b7731f460,bot_t1,1787075302.0040772,1787075302.8724074,C:\Users\har20\OneDrive\Desktop\project 1\code\quic-pqtls-bot-detection\capture\pcap_store\f0488412-e89b-411e-906f-c6cf781d95a9.pcap
ee2dca7a-c527-43c6-ad62-8e2f75484da4,29a1186f-5d2e-4be8-9d8f-a39b7731f460,bot_t1,1787075303.977537,1787075304.8253253,C:\Users\har20\OneDrive\Desktop\project 1\code\quic-pqtls-bot-detection\capture\pcap_store\ee2dca7a-c527-43c6-ad62-8e2f75484da4.pcap
bc18272a-3759-4bf2-a412-552ad8c80752,29a1186f-5d2e-4be8-9d8f-a39b7731f460,bot_t1,1787075305.9305162,1787075306.7945127,C:\Users\har20\OneDrive\Desktop\project 1\code\quic-pqtls-bot-detection\capture\pcap_store\bc18272a-3759-4bf2-a412-552ad8c80752.pcap
6e7d32e1-6ead-41fb-81f1-1bc7046e31ec,28b05296-9728-40af-9321-1c698e85460a,bot_t1,1787075307.9192097,1787075308.7462163,C:\Users\har20\OneDrive\Desktop\project 1\code\quic-pqtls-bot-detection\capture\pcap_store\6e7d32e1-6ead-41fb-81f1-1bc7046e31ec.pcap
0e6eddbd-ff5a-4cb0-84a7-4282d1e01a2c,28b05296-9728-40af-9321-1c698e85460a,bot_t1,1787075309.860076,1787075310.7153413,C:\Users\har20\OneDrive\Desktop\project 1\code\quic-pqtls-bot-detection\capture\pcap_store\0e6eddbd-ff5a-4cb0-84a7-4282d1e01a2c.pcap
2dff3dd2-17f6-4f37-b67f-ecf4e45eeb61,28b05296-9728-40af-9321-1c698e85460a,bot_t1,1787075311.8112159,1787075312.6361468,C:\Users\har20\OneDrive\Desktop\project 1\code\quic-pqtls-bot-detection\capture\pcap_store\2dff3dd2-17f6-4f37-b67f-ecf4e45eeb61.pcap
b9696839-6065-4e2e-867a-28999ecb882b,28b05296-9728-40af-9321-1c698e85460a,bot_t1,1787075313.7324412,1787075314.5907042,C:\Users\har20\OneDrive\Desktop\project 1\code\quic-pqtls-bot-detection\capture\pcap_store\b9696839-6065-4e2e-867a-28999ecb882b.pcap
58b923ce-2b7e-4093-b2ce-5513288f9bb8,61d6761a-6940-464f-a7ea-f1d157f725e0,bot_t1,1787075315.6905303,1787075316.5559797,C:\Users\har20\OneDrive\Desktop\project 1\code\quic-pqtls-bot-detection\capture\pcap_store\58b923ce-2b7e-4093-b2ce-5513288f9bb8.pcap
f61b1be0-c60d-4d29-b4a7-44821bb94e22,61d6761a-6940-464f-a7ea-f1d157f725e0,bot_t1,1787075317.6655996,1787075318.5039334,C:\Users\har20\OneDrive\Desktop\project 1\code\quic-pqtls-bot-detection\capture\pcap_store\f61b1be0-c60d-4d29-b4a7-44821bb94e22.pcap
a47f286c-be45-4b76-ac48-e89c2b776291,61d6761a-6940-464f-a7ea-f1d157f725e0,bot_t1,1787075319.6041687,1787075320.4403977,C:\Users\har20\OneDrive\Desktop\project 1\code\quic-pqtls-bot-detection\capture\pcap_store\a47f286c-be45-4b76-ac48-e89c2b776291.pcap
ca615bf0-0333-44bd-b5e8-5daa9db96dd3,61d6761a-6940-464f-a7ea-f1d157f725e0,bot_t1,1787075321.5373023,1787075322.35753,C:\Users\har20\OneDrive\Desktop\project 1\code\quic-pqtls-bot-detection\capture\pcap_store\ca615bf0-0333-44bd-b5e8-5daa9db96dd3.pcap
1ac4ca01-f2fd-43dd-9037-c3adfde8c6ad,31c1b83d-bd86-4519-b260-f3a5667e6f9e,bot_t1,1787075323.4717715,1787075324.3440738,C:\Users\har20\OneDrive\Desktop\project 1\code\quic-pqtls-bot-detection\capture\pcap_store\1ac4ca01-f2fd-43dd-9037-c3adfde8c6ad.pcap
af49b62c-d33c-420c-9bba-90d0d3f5199d,31c1b83d-bd86-4519-b260-f3a5667e6f9e,bot_t1,1787075325.4403052,1787075326.274302,C:\Users\har20\OneDrive\Desktop\project 1\code\quic-pqtls-bot-detection\capture\pcap_store\af49b62c-d33c-420c-9bba-90d0d3f5199d.pcap
8fb46bbc-7a1e-401a-b666-8aea81627152,31c1b83d-bd86-4519-b260-f3a5667e6f9e,bot_t1,1787075327.4021187,1787075328.2276843,C:\Users\har20\OneDrive\Desktop\project 1\code\quic-pqtls-bot-detection\capture\pcap_store\8fb46bbc-7a1e-401a-b666-8aea81627152.pcap
4b17213f-a13d-4b57-98c1-a07deda06fa3,2c6c4d80-5839-4a36-8e35-282419ad3f3a,bot_t1,1787075329.3424106,1787075330.2309158,C:\Users\har20\OneDrive\Desktop\project 1\code\quic-pqtls-bot-detection\capture\pcap_store\4b17213f-a13d-4b57-98c1-a07deda06fa3.pcap
4f1a6b18-622a-4f7a-954a-c055a30a6539,2c6c4d80-5839-4a36-8e35-282419ad3f3a,bot_t1,1787075331.3217828,1787075332.1669579,C:\Users\har20\OneDrive\Desktop\project 1\code\quic-pqtls-bot-detection\capture\pcap_store\4f1a6b18-622a-4f7a-954a-c055a30a6539.pcap
df3ee310-d014-411e-86f1-44246af6ca9a,2c6c4d80-5839-4a36-8e35-282419ad3f3a,bot_t1,1787075333.2503128,1787075334.1139324,C:\Users\har20\OneDrive\Desktop\project 1\code\quic-pqtls-bot-detection\capture\pcap_store\df3ee310-d014-411e-86f1-44246af6ca9a.pcap
0e4ce54f-64d9-4bcd-b60a-d02bf4cd1657,2c6c4d80-5839-4a36-8e35-282419ad3f3a,bot_t1,1787075335.20654,1787075336.1030996,C:\Users\har20\OneDrive\Desktop\project 1\code\quic-pqtls-bot-detection\capture\pcap_store\0e4ce54f-64d9-4bcd-b60a-d02bf4cd1657.pcap
e18f9b47-a8c6-482b-a92b-b87cf4522cbb,2c6c4d80-5839-4a36-8e35-282419ad3f3a,bot_t1,1787075337.1959016,1787075338.040504,C:\Users\har20\OneDrive\Desktop\project 1\code\quic-pqtls-bot-detection\capture\pcap_store\e18f9b47-a8c6-482b-a92b-b87cf4522cbb.pcap
8e990882-d89b-4e56-9bbc-75f74c2b6381,355182cd-f05b-41d8-b52c-41179d23083f,bot_t1,1787075339.127201,1787075339.9524632,C:\Users\har20\OneDrive\Desktop\project 1\code\quic-pqtls-bot-detection\capture\pcap_store\8e990882-d89b-4e56-9bbc-75f74c2b6381.pcap
dfffede0-c0d0-4583-b937-7ae5fcbb59d2,355182cd-f05b-41d8-b52c-41179d23083f,bot_t1,1787075341.0652413,1787075341.9471564,C:\Users\har20\OneDrive\Desktop\project 1\code\quic-pqtls-bot-detection\capture\pcap_store\dfffede0-c0d0-4583-b937-7ae5fcbb59d2.pcap
39412bf4-dc6c-49f5-af61-a4ea506fe56c,355182cd-f05b-41d8-b52c-41179d23083f,bot_t1,1787075343.0447836,1787075343.872626,C:\Users\har20\OneDrive\Desktop\project 1\code\quic-pqtls-bot-detection\capture\pcap_store\39412bf4-dc6c-49f5-af61-a4ea506fe56c.pcap
87a0ed52-9c1d-4ab4-8e4e-e332dee1dcf5,355182cd-f05b-41d8-b52c-41179d23083f,bot_t1,1787075344.9706883,1787075345.8031182,C:\Users\har20\OneDrive\Desktop\project 1\code\quic-pqtls-bot-detection\capture\pcap_store\87a0ed52-9c1d-4ab4-8e4e-e332dee1dcf5.pcap
c641d6cb-8199-4a50-9586-0119f3047d70,aa65f727-ff48-4c8d-b312-e8ba61fc3fc6,bot_t1,1787075346.9042242,1787075347.7871442,C:\Users\har20\OneDrive\Desktop\project 1\code\quic-pqtls-bot-detection\capture\pcap_store\c641d6cb-8199-4a50-9586-0119f3047d70.pcap
cfd4ba27-d7bc-4d35-a286-e2723e9cc29d,aa65f727-ff48-4c8d-b312-e8ba61fc3fc6,bot_t1,1787075348.8676684,1787075349.7095275,C:\Users\har20\OneDrive\Desktop\project 1\code\quic-pqtls-bot-detection\capture\pcap_store\cfd4ba27-d7bc-4d35-a286-e2723e9cc29d.pcap
b3f6401d-8a2c-4693-a1db-7e7a6f8ef33b,aa65f727-ff48-4c8d-b312-e8ba61fc3fc6,bot_t1,1787075350.8063931,1787075351.6886795,C:\Users\har20\OneDrive\Desktop\project 1\code\quic-pqtls-bot-detection\capture\pcap_store\b3f6401d-8a2c-4693-a1db-7e7a6f8ef33b.pcap
b5548b78-048f-47b0-bbd6-6f35bc490b30,aa65f727-ff48-4c8d-b312-e8ba61fc3fc6,bot_t1,1787075352.7098546,1787075353.576864,C:\Users\har20\OneDrive\Desktop\project 1\code\quic-pqtls-bot-detection\capture\pcap_store\b5548b78-048f-47b0-bbd6-6f35bc490b30.pcap
49cfe934-278c-4af4-914a-b7bfe5b56dc0,b01a90fc-b5d3-49f1-ab29-d656ac0f5e28,bot_t1,1787075354.6868947,1787075355.4763136,C:\Users\har20\OneDrive\Desktop\project 1\code\quic-pqtls-bot-detection\capture\pcap_store\49cfe934-278c-4af4-914a-b7bfe5b56dc0.pcap
75104ea8-079f-440d-8e9e-5e203e788e30,b01a90fc-b5d3-49f1-ab29-d656ac0f5e28,bot_t1,1787075356.5778348,1787075357.4186175,C:\Users\har20\OneDrive\Desktop\project 1\code\quic-pqtls-bot-detection\capture\pcap_store\75104ea8-079f-440d-8e9e-5e203e788e30.pcap
85040940-ad1f-4607-b50b-cb379201ec1c,b01a90fc-b5d3-49f1-ab29-d656ac0f5e28,bot_t1,1787075358.5314775,1787075359.388405,C:\Users\har20\OneDrive\Desktop\project 1\code\quic-pqtls-bot-detection\capture\pcap_store\85040940-ad1f-4607-b50b-cb379201ec1c.pcap
e5aed05b-e7c1-4487-8004-991e6b56743a,9eee208d-80d7-4a9f-9e22-b2d67b96de2c,bot_t1,1787075360.4903486,1787075361.3664718,C:\Users\har20\OneDrive\Desktop\project 1\code\quic-pqtls-bot-detection\capture\pcap_store\e5aed05b-e7c1-4487-8004-991e6b56743a.pcap
54c4cf51-f7b5-4960-9d55-180b63a63ba9,9eee208d-80d7-4a9f-9e22-b2d67b96de2c,bot_t1,1787075362.4631548,1787075363.3478556,C:\Users\har20\OneDrive\Desktop\project 1\code\quic-pqtls-bot-detection\capture\pcap_store\54c4cf51-f7b5-4960-9d55-180b63a63ba9.pcap
dd7a2b7b-3da5-4301-8df5-0938dae4dcb4,9eee208d-80d7-4a9f-9e22-b2d67b96de2c,bot_t1,1787075364.4619095,1787075365.3061414,C:\Users\har20\OneDrive\Desktop\project 1\code\quic-pqtls-bot-detection\capture\pcap_store\dd7a2b7b-3da5-4301-8df5-0938dae4dcb4.pcap
372187a4-dcaa-4309-a5c6-29d2f0237645,9eee208d-80d7-4a9f-9e22-b2d67b96de2c,bot_t1,1787075366.401022,1787075367.31912,C:\Users\har20\OneDrive\Desktop\project 1\code\quic-pqtls-bot-detection\capture\pcap_store\372187a4-dcaa-4309-a5c6-29d2f0237645.pcap
621e177c-6777-45c4-a39f-632ea02be27a,289ee4c1-3636-419c-a443-6302e96784db,bot_t1,1787075368.4173257,1787075369.2932084,C:\Users\har20\OneDrive\Desktop\project 1\code\quic-pqtls-bot-detection\capture\pcap_store\621e177c-6777-45c4-a39f-632ea02be27a.pcap
af051a42-db3a-4a2d-a2fc-3cbe9a695e79,289ee4c1-3636-419c-a443-6302e96784db,bot_t1,1787075370.3939998,1787075371.2586048,C:\Users\har20\OneDrive\Desktop\project 1\code\quic-pqtls-bot-detection\capture\pcap_store\af051a42-db3a-4a2d-a2fc-3cbe9a695e79.pcap
8284e3d3-49a4-49be-9357-1b075c937336,289ee4c1-3636-419c-a443-6302e96784db,bot_t1,1787075372.352176,1787075373.2118325,C:\Users\har20\OneDrive\Desktop\project 1\code\quic-pqtls-bot-detection\capture\pcap_store\8284e3d3-49a4-49be-9357-1b075c937336.pcap
44897271-129c-4ade-b6fa-5fe52763e1d1,289ee4c1-3636-419c-a443-6302e96784db,bot_t1,1787075374.3119774,1787075375.16758,C:\Users\har20\OneDrive\Desktop\project 1\code\quic-pqtls-bot-detection\capture\pcap_store\44897271-129c-4ade-b6fa-5fe52763e1d1.pcap
5a957260-7408-4535-91c4-2efc43f9d183,289ee4c1-3636-419c-a443-6302e96784db,bot_t1,1787075376.2634025,1787075377.1356382,C:\Users\har20\OneDrive\Desktop\project 1\code\quic-pqtls-bot-detection\capture\pcap_store\5a957260-7408-4535-91c4-2efc43f9d183.pcap
7e096811-3df3-4ce4-946e-b12e9a431d61,a634d505-3f44-4146-8c62-45a977c383de,bot_t1,1787075378.2351234,1787075379.136038,C:\Users\har20\OneDrive\Desktop\project 1\code\quic-pqtls-bot-detection\capture\pcap_store\7e096811-3df3-4ce4-946e-b12e9a431d61.pcap
7544250d-9e33-4b35-952b-139be2eec920,a634d505-3f44-4146-8c62-45a977c383de,bot_t1,1787075380.233068,1787075381.076864,C:\Users\har20\OneDrive\Desktop\project 1\code\quic-pqtls-bot-detection\capture\pcap_store\7544250d-9e33-4b35-952b-139be2eec920.pcap
1db16f4b-d495-4c41-b407-70c8339f7b42,a634d505-3f44-4146-8c62-45a977c383de,bot_t1,1787075382.1748886,1787075383.0566344,C:\Users\har20\OneDrive\Desktop\project 1\code\quic-pqtls-bot-detection\capture\pcap_store\1db16f4b-d495-4c41-b407-70c8339f7b42.pcap
33cf1925-9b77-42d5-9f3f-2167fe8c4e17,0930281c-7955-4ec5-9c15-6434d8269764,bot_t1,1787075384.1466668,1787075385.018796,C:\Users\har20\OneDrive\Desktop\project 1\code\quic-pqtls-bot-detection\capture\pcap_store\33cf1925-9b77-42d5-9f3f-2167fe8c4e17.pcap
4ec9516e-29c5-426a-a6c1-8967a9e39284,0930281c-7955-4ec5-9c15-6434d8269764,bot_t1,1787075386.111052,1787075387.000708,C:\Users\har20\OneDrive\Desktop\project 1\code\quic-pqtls-bot-detection\capture\pcap_store\4ec9516e-29c5-426a-a6c1-8967a9e39284.pcap
c3239120-0fb2-4480-885d-99135bfd4757,0930281c-7955-4ec5-9c15-6434d8269764,bot_t1,1787075388.0957205,1787075388.9322007,C:\Users\har20\OneDrive\Desktop\project 1\code\quic-pqtls-bot-detection\capture\pcap_store\c3239120-0fb2-4480-885d-99135bfd4757.pcap
4626bea4-9b33-42e6-b608-3226862382b9,0f167d37-d7a0-4e5a-ba8c-b616112b6a10,bot_t1,1787075390.03076,1787075390.8656263,C:\Users\har20\OneDrive\Desktop\project 1\code\quic-pqtls-bot-detection\capture\pcap_store\4626bea4-9b33-42e6-b608-3226862382b9.pcap
6cd651b0-4c3b-4e4c-ac14-7f897cdd89dd,0f167d37-d7a0-4e5a-ba8c-b616112b6a10,bot_t1,1787075391.9569957,1787075392.8177655,C:\Users\har20\OneDrive\Desktop\project 1\code\quic-pqtls-bot-detection\capture\pcap_store\6cd651b0-4c3b-4e4c-ac14-7f897cdd89dd.pcap
a9f64f4d-2904-4d71-8e2c-ac28f627593e,0f167d37-d7a0-4e5a-ba8c-b616112b6a10,bot_t1,1787075393.918129,1787075394.7853987,C:\Users\har20\OneDrive\Desktop\project 1\code\quic-pqtls-bot-detection\capture\pcap_store\a9f64f4d-2904-4d71-8e2c-ac28f627593e.pcap
a3d18c95-3d05-4f8b-9bb6-b72dbe038c44,0f167d37-d7a0-4e5a-ba8c-b616112b6a10,bot_t1,1787075395.873643,1787075396.74725,C:\Users\har20\OneDrive\Desktop\project 1\code\quic-pqtls-bot-detection\capture\pcap_store\a3d18c95-3d05-4f8b-9bb6-b72dbe038c44.pcap
14c06e36-087d-494a-9de1-36c0ae041327,0f167d37-d7a0-4e5a-ba8c-b616112b6a10,bot_t1,1787075397.8294172,1787075398.6763637,C:\Users\har20\OneDrive\Desktop\project 1\code\quic-pqtls-bot-detection\capture\pcap_store\14c06e36-087d-494a-9de1-36c0ae041327.pcap
bde9c804-c67a-4e26-840c-4d68e27b2cfe,0264490b-ca28-4587-bad7-8a3f110699a3,bot_t1,1787075399.7705972,1787075400.636334,C:\Users\har20\OneDrive\Desktop\project 1\code\quic-pqtls-bot-detection\capture\pcap_store\bde9c804-c67a-4e26-840c-4d68e27b2cfe.pcap
ba0851cf-7ed6-4b7f-95ec-2b75e0c134b1,0264490b-ca28-4587-bad7-8a3f110699a3,bot_t1,1787075401.7272317,1787075402.577227,C:\Users\har20\OneDrive\Desktop\project 1\code\quic-pqtls-bot-detection\capture\pcap_store\ba0851cf-7ed6-4b7f-95ec-2b75e0c134b1.pcap
e6ee5330-a27a-444e-8532-5d5bfba70f2f,0264490b-ca28-4587-bad7-8a3f110699a3,bot_t1,1787075403.6699693,1787075404.5125713,C:\Users\har20\OneDrive\Desktop\project 1\code\quic-pqtls-bot-detection\capture\pcap_store\e6ee5330-a27a-444e-8532-5d5bfba70f2f.pcap
71a03ad7-0f27-48f6-8596-b4c85f9de445,0264490b-ca28-4587-bad7-8a3f110699a3,bot_t1,1787075405.707066,1787075406.57035,C:\Users\har20\OneDrive\Desktop\project 1\code\quic-pqtls-bot-detection\capture\pcap_store\71a03ad7-0f27-48f6-8596-b4c85f9de445.pcap
3603e16d-f9e4-4073-b07a-a90b7237cacc,0264490b-ca28-4587-bad7-8a3f110699a3,bot_t1,1787075407.6673121,1787075408.530634,C:\Users\har20\OneDrive\Desktop\project 1\code\quic-pqtls-bot-detection\capture\pcap_store\3603e16d-f9e4-4073-b07a-a90b7237cacc.pcap
9616528e-6fc8-4995-b2c2-1a1fda7fcfe1,b0d9c0de-4782-4cb2-a393-d6ee30bb6e32,bot_t1,1787075409.6276734,1787075410.4480472,C:\Users\har20\OneDrive\Desktop\project 1\code\quic-pqtls-bot-detection\capture\pcap_store\9616528e-6fc8-4995-b2c2-1a1fda7fcfe1.pcap
d210c960-0401-4233-ad40-82af7f7458b6,b0d9c0de-4782-4cb2-a393-d6ee30bb6e32,bot_t1,1787075411.5571594,1787075412.41497,C:\Users\har20\OneDrive\Desktop\project 1\code\quic-pqtls-bot-detection\capture\pcap_store\d210c960-0401-4233-ad40-82af7f7458b6.pcap
5de79d99-3a5d-4fbc-8538-48eb6d1c8349,b0d9c0de-4782-4cb2-a393-d6ee30bb6e32,bot_t1,1787075413.509591,1787075414.3523583,C:\Users\har20\OneDrive\Desktop\project 1\code\quic-pqtls-bot-detection\capture\pcap_store\5de79d99-3a5d-4fbc-8538-48eb6d1c8349.pcap
172689a8-03eb-42f6-96da-27269007ba0c,45fbfe12-c7a2-4b67-a997-7839d15c6d0c,bot_t1,1787075415.4408686,1787075416.321168,C:\Users\har20\OneDrive\Desktop\project 1\code\quic-pqtls-bot-detection\capture\pcap_store\172689a8-03eb-42f6-96da-27269007ba0c.pcap
6a09ecde-b3b4-486d-9ac0-045eb452594d,45fbfe12-c7a2-4b67-a997-7839d15c6d0c,bot_t1,1787075417.4135137,1787075418.3189788,C:\Users\har20\OneDrive\Desktop\project 1\code\quic-pqtls-bot-detection\capture\pcap_store\6a09ecde-b3b4-486d-9ac0-045eb452594d.pcap
20edaa03-5b50-4289-a377-ac0883e7530b,45fbfe12-c7a2-4b67-a997-7839d15c6d0c,bot_t1,1787075419.4152339,1787075420.239843,C:\Users\har20\OneDrive\Desktop\project 1\code\quic-pqtls-bot-detection\capture\pcap_store\20edaa03-5b50-4289-a377-ac0883e7530b.pcap
34e08172-3c7f-4021-b92a-95eb62dd744f,45fbfe12-c7a2-4b67-a997-7839d15c6d0c,bot_t1,1787075421.3372817,1787075422.184167,C:\Users\har20\OneDrive\Desktop\project 1\code\quic-pqtls-bot-detection\capture\pcap_store\34e08172-3c7f-4021-b92a-95eb62dd744f.pcap
de376a81-e58d-4ace-9981-3c8e45669573,22e2e892-f9c6-4bc2-b435-5291497933ec,bot_t1,1787075423.2802804,1787075424.157511,C:\Users\har20\OneDrive\Desktop\project 1\code\quic-pqtls-bot-detection\capture\pcap_store\de376a81-e58d-4ace-9981-3c8e45669573.pcap
ed997c0d-b25f-47dd-8818-67e1daa9e217,22e2e892-f9c6-4bc2-b435-5291497933ec,bot_t1,1787075425.26476,1787075426.0907755,C:\Users\har20\OneDrive\Desktop\project 1\code\quic-pqtls-bot-detection\capture\pcap_store\ed997c0d-b25f-47dd-8818-67e1daa9e217.pcap
46bed4d8-b08e-431c-b314-e2a29c08af6c,22e2e892-f9c6-4bc2-b435-5291497933ec,bot_t1,1787075427.1889062,1787075428.0679574,C:\Users\har20\OneDrive\Desktop\project 1\code\quic-pqtls-bot-detection\capture\pcap_store\46bed4d8-b08e-431c-b314-e2a29c08af6c.pcap
f3bc41fd-0f02-46c6-8149-00ce1f8880e0,22e2e892-f9c6-4bc2-b435-5291497933ec,bot_t1,1787075429.153878,1787075429.9966002,C:\Users\har20\OneDrive\Desktop\project 1\code\quic-pqtls-bot-detection\capture\pcap_store\f3bc41fd-0f02-46c6-8149-00ce1f8880e0.pcap
158cc03c-25f3-4bc5-ba34-d31fbd7d1f67,54691ad6-546e-43b1-8675-b4f3eb778a4e,bot_t1,1787075431.095589,1787075431.9851708,C:\Users\har20\OneDrive\Desktop\project 1\code\quic-pqtls-bot-detection\capture\pcap_store\158cc03c-25f3-4bc5-ba34-d31fbd7d1f67.pcap
cb23a246-7648-41fe-830f-7d3cbb7b4240,54691ad6-546e-43b1-8675-b4f3eb778a4e,bot_t1,1787075433.1405358,1787075434.0237966,C:\Users\har20\OneDrive\Desktop\project 1\code\quic-pqtls-bot-detection\capture\pcap_store\cb23a246-7648-41fe-830f-7d3cbb7b4240.pcap
34e5a809-0eb9-4c31-8ea6-09c10a507cc0,54691ad6-546e-43b1-8675-b4f3eb778a4e,bot_t1,1787075435.1236875,1787075435.9954073,C:\Users\har20\OneDrive\Desktop\project 1\code\quic-pqtls-bot-detection\capture\pcap_store\34e5a809-0eb9-4c31-8ea6-09c10a507cc0.pcap
afef2cce-2815-4602-a81d-eadc2dcc33d2,39752ecb-afbc-4efe-b975-957321c609f1,bot_t1,1787075437.081253,1787075437.8961754,C:\Users\har20\OneDrive\Desktop\project 1\code\quic-pqtls-bot-detection\capture\pcap_store\afef2cce-2815-4602-a81d-eadc2dcc33d2.pcap
c462f3c7-7d89-4467-a890-9f87a95265a7,39752ecb-afbc-4efe-b975-957321c609f1,bot_t1,1787075438.9911132,1787075439.8590384,C:\Users\har20\OneDrive\Desktop\project 1\code\quic-pqtls-bot-detection\capture\pcap_store\c462f3c7-7d89-4467-a890-9f87a95265a7.pcap
6a1e8ffd-48b5-4286-97da-c5d8e5c382d5,39752ecb-afbc-4efe-b975-957321c609f1,bot_t1,1787075440.9652598,1787075441.8037257,C:\Users\har20\OneDrive\Desktop\project 1\code\quic-pqtls-bot-detection\capture\pcap_store\6a1e8ffd-48b5-4286-97da-c5d8e5c382d5.pcap
9292d6c1-7698-4a81-a177-fddaa59605a5,39752ecb-afbc-4efe-b975-957321c609f1,bot_t1,1787075442.8931277,1787075443.7675803,C:\Users\har20\OneDrive\Desktop\project 1\code\quic-pqtls-bot-detection\capture\pcap_store\9292d6c1-7698-4a81-a177-fddaa59605a5.pcap
e3366310-bc69-47fc-9889-3ab757a7c6d0,39752ecb-afbc-4efe-b975-957321c609f1,bot_t1,1787075444.8743293,1787075445.7162676,C:\Users\har20\OneDrive\Desktop\project 1\code\quic-pqtls-bot-detection\capture\pcap_store\e3366310-bc69-47fc-9889-3ab757a7c6d0.pcap
25782c1e-0538-478d-91f6-8373ac1e44d7,da7d2fb4-7f85-4011-98f1-dd1ac171619a,bot_t1,1787075446.820727,1787075447.6747892,C:\Users\har20\OneDrive\Desktop\project 1\code\quic-pqtls-bot-detection\capture\pcap_store\25782c1e-0538-478d-91f6-8373ac1e44d7.pcap
84cfe974-4c8f-4db9-96bb-acaf618e9b2a,da7d2fb4-7f85-4011-98f1-dd1ac171619a,bot_t1,1787075448.767789,1787075449.6367798,C:\Users\har20\OneDrive\Desktop\project 1\code\quic-pqtls-bot-detection\capture\pcap_store\84cfe974-4c8f-4db9-96bb-acaf618e9b2a.pcap
fb9bab28-a44c-43b3-a12d-b2c02f3b2b01,da7d2fb4-7f85-4011-98f1-dd1ac171619a,bot_t1,1787075450.7261486,1787075451.5822587,C:\Users\har20\OneDrive\Desktop\project 1\code\quic-pqtls-bot-detection\capture\pcap_store\fb9bab28-a44c-43b3-a12d-b2c02f3b2b01.pcap
2a48965c-bb0d-4559-900d-222ff58931a0,da7d2fb4-7f85-4011-98f1-dd1ac171619a,bot_t1,1787075452.677198,1787075453.5200908,C:\Users\har20\OneDrive\Desktop\project 1\code\quic-pqtls-bot-detection\capture\pcap_store\2a48965c-bb0d-4559-900d-222ff58931a0.pcap
82b34303-f281-4957-8557-dc178e8498e6,da7d2fb4-7f85-4011-98f1-dd1ac171619a,bot_t1,1787075454.6181173,1787075455.4659927,C:\Users\har20\OneDrive\Desktop\project 1\code\quic-pqtls-bot-detection\capture\pcap_store\82b34303-f281-4957-8557-dc178e8498e6.pcap
c4f083c4-b819-4158-9bd8-75aebbd04abf,9d2129d9-a164-446b-9212-9aa52695c1f3,bot_t1,1787075456.5543325,1787075457.4318333,C:\Users\har20\OneDrive\Desktop\project 1\code\quic-pqtls-bot-detection\capture\pcap_store\c4f083c4-b819-4158-9bd8-75aebbd04abf.pcap
f1098bc4-97c7-4b13-8a01-84fe8e72e4fd,9d2129d9-a164-446b-9212-9aa52695c1f3,bot_t1,1787075458.5279987,1787075459.3732953,C:\Users\har20\OneDrive\Desktop\project 1\code\quic-pqtls-bot-detection\capture\pcap_store\f1098bc4-97c7-4b13-8a01-84fe8e72e4fd.pcap
b3b66482-3617-4255-bd88-730f74832163,9d2129d9-a164-446b-9212-9aa52695c1f3,bot_t1,1787075460.4801352,1787075461.3433344,C:\Users\har20\OneDrive\Desktop\project 1\code\quic-pqtls-bot-detection\capture\pcap_store\b3b66482-3617-4255-bd88-730f74832163.pcap
b0fbf993-aea8-43c8-99f9-79b69d8e9f8e,9d2129d9-a164-446b-9212-9aa52695c1f3,bot_t1,1787075462.4396057,1787075463.3164046,C:\Users\har20\OneDrive\Desktop\project 1\code\quic-pqtls-bot-detection\capture\pcap_store\b0fbf993-aea8-43c8-99f9-79b69d8e9f8e.pcap
c7a42b11-8af6-4fab-8ca1-7ce2f119dff7,9d2129d9-a164-446b-9212-9aa52695c1f3,bot_t1,1787075464.4337566,1787075465.2930245,C:\Users\har20\OneDrive\Desktop\project 1\code\quic-pqtls-bot-detection\capture\pcap_store\c7a42b11-8af6-4fab-8ca1-7ce2f119dff7.pcap
687efb63-6aee-4d6a-9499-a58a8ab48087,2a593733-d30b-4ffa-a9f8-2fe12059998d,bot_t1,1787075466.7094047,1787075467.5714488,C:\Users\har20\OneDrive\Desktop\project 1\code\quic-pqtls-bot-detection\capture\pcap_store\687efb63-6aee-4d6a-9499-a58a8ab48087.pcap
cada5f9c-a8f2-49a2-94ea-71572e8ee05c,2a593733-d30b-4ffa-a9f8-2fe12059998d,bot_t1,1787075468.9160254,1787075469.7398424,C:\Users\har20\OneDrive\Desktop\project 1\code\quic-pqtls-bot-detection\capture\pcap_store\cada5f9c-a8f2-49a2-94ea-71572e8ee05c.pcap
3270d86d-d9a4-454b-936b-5b7619d489fc,2a593733-d30b-4ffa-a9f8-2fe12059998d,bot_t1,1787075470.7404666,1787075471.60253,C:\Users\har20\OneDrive\Desktop\project 1\code\quic-pqtls-bot-detection\capture\pcap_store\3270d86d-d9a4-454b-936b-5b7619d489fc.pcap
3a7be82b-b281-4a89-be0a-c18cdc8ecee7,2a593733-d30b-4ffa-a9f8-2fe12059998d,bot_t1,1787075472.717112,1787075473.5482335,C:\Users\har20\OneDrive\Desktop\project 1\code\quic-pqtls-bot-detection\capture\pcap_store\3a7be82b-b281-4a89-be0a-c18cdc8ecee7.pcap
337ec29f-5139-4930-98b8-4ef4bf8f282f,41ea5233-63f7-40d0-aac7-b44c73ac16af,bot_t1,1787075474.6823158,1787075475.5706367,C:\Users\har20\OneDrive\Desktop\project 1\code\quic-pqtls-bot-detection\capture\pcap_store\337ec29f-5139-4930-98b8-4ef4bf8f282f.pcap
01ed14d4-7ed1-44fa-b1b4-773ea803360c,41ea5233-63f7-40d0-aac7-b44c73ac16af,bot_t1,1787075476.6972709,1787075477.570463,C:\Users\har20\OneDrive\Desktop\project 1\code\quic-pqtls-bot-detection\capture\pcap_store\01ed14d4-7ed1-44fa-b1b4-773ea803360c.pcap
495ce8a7-0a43-48d4-97a3-93fcfe578488,41ea5233-63f7-40d0-aac7-b44c73ac16af,bot_t1,1787075478.6786284,1787075479.5266545,C:\Users\har20\OneDrive\Desktop\project 1\code\quic-pqtls-bot-detection\capture\pcap_store\495ce8a7-0a43-48d4-97a3-93fcfe578488.pcap
73442c8a-755e-4e45-a9bb-73c60f2cb9b6,41ea5233-63f7-40d0-aac7-b44c73ac16af,bot_t1,1787075480.7376432,1787075481.6108015,C:\Users\har20\OneDrive\Desktop\project 1\code\quic-pqtls-bot-detection\capture\pcap_store\73442c8a-755e-4e45-a9bb-73c60f2cb9b6.pcap
98140a9e-7351-481d-8458-18d72e7e0c78,4337b44e-8fad-4641-8abe-cbe15a628469,bot_t1,1787075482.725631,1787075483.6103904,C:\Users\har20\OneDrive\Desktop\project 1\code\quic-pqtls-bot-detection\capture\pcap_store\98140a9e-7351-481d-8458-18d72e7e0c78.pcap
b8b550e8-4bde-4681-96a6-c38dd5a7bf82,4337b44e-8fad-4641-8abe-cbe15a628469,bot_t1,1787075484.72135,1787075485.5596995,C:\Users\har20\OneDrive\Desktop\project 1\code\quic-pqtls-bot-detection\capture\pcap_store\b8b550e8-4bde-4681-96a6-c38dd5a7bf82.pcap
53dadd9e-7eaa-4ba5-b55d-874291e2e0a5,4337b44e-8fad-4641-8abe-cbe15a628469,bot_t1,1787075486.670427,1787075487.5707445,C:\Users\har20\OneDrive\Desktop\project 1\code\quic-pqtls-bot-detection\capture\pcap_store\53dadd9e-7eaa-4ba5-b55d-874291e2e0a5.pcap
12cc3727-7aea-4092-b02d-7da0e4f3efe6,4337b44e-8fad-4641-8abe-cbe15a628469,bot_t1,1787075488.6920474,1787075489.5785093,C:\Users\har20\OneDrive\Desktop\project 1\code\quic-pqtls-bot-detection\capture\pcap_store\12cc3727-7aea-4092-b02d-7da0e4f3efe6.pcap
29332e5b-b80b-4275-b780-b96129c52a0e,4337b44e-8fad-4641-8abe-cbe15a628469,bot_t1,1787075490.7026496,1787075491.6061559,C:\Users\har20\OneDrive\Desktop\project 1\code\quic-pqtls-bot-detection\capture\pcap_store\29332e5b-b80b-4275-b780-b96129c52a0e.pcap
bda551ed-e41b-4c66-932c-88a92a4e54dc,cea10298-4be2-4ef4-88a5-19f5cfada2ae,bot_t1,1787075492.734018,1787075493.5871158,C:\Users\har20\OneDrive\Desktop\project 1\code\quic-pqtls-bot-detection\capture\pcap_store\bda551ed-e41b-4c66-932c-88a92a4e54dc.pcap
abe30606-393a-4f1c-8df2-3f03613787c4,cea10298-4be2-4ef4-88a5-19f5cfada2ae,bot_t1,1787075494.7149155,1787075495.5887592,C:\Users\har20\OneDrive\Desktop\project 1\code\quic-pqtls-bot-detection\capture\pcap_store\abe30606-393a-4f1c-8df2-3f03613787c4.pcap
c83ca7d0-f4c2-4937-9afe-6f148476f3cd,cea10298-4be2-4ef4-88a5-19f5cfada2ae,bot_t1,1787075496.7057185,1787075497.5813468,C:\Users\har20\OneDrive\Desktop\project 1\code\quic-pqtls-bot-detection\capture\pcap_store\c83ca7d0-f4c2-4937-9afe-6f148476f3cd.pcap
f2a2b0e7-c31e-4dcb-855a-0d4475535935,fd712205-57d1-4e44-86d2-956ba3d62a6a,bot_t1,1787075498.7168415,1787075499.5776873,C:\Users\har20\OneDrive\Desktop\project 1\code\quic-pqtls-bot-detection\capture\pcap_store\f2a2b0e7-c31e-4dcb-855a-0d4475535935.pcap
a62c89d7-0c04-4449-b09c-d665d13a5922,fd712205-57d1-4e44-86d2-956ba3d62a6a,bot_t1,1787075500.7396488,1787075501.6651304,C:\Users\har20\OneDrive\Desktop\project 1\code\quic-pqtls-bot-detection\capture\pcap_store\a62c89d7-0c04-4449-b09c-d665d13a5922.pcap
fc758e88-c584-4b9d-a1a2-756c31839311,fd712205-57d1-4e44-86d2-956ba3d62a6a,bot_t1,1787075502.8194742,1787075503.725483,C:\Users\har20\OneDrive\Desktop\project 1\code\quic-pqtls-bot-detection\capture\pcap_store\fc758e88-c584-4b9d-a1a2-756c31839311.pcap
546e6029-324d-433f-800f-eca8083aec78,fd712205-57d1-4e44-86d2-956ba3d62a6a,bot_t1,1787075504.8592138,1787075505.7098355,C:\Users\har20\OneDrive\Desktop\project 1\code\quic-pqtls-bot-detection\capture\pcap_store\546e6029-324d-433f-800f-eca8083aec78.pcap
1670664e-bbbc-489f-b10c-b28600b9c49d,c8d59851-c0c2-424d-a516-241ad6c5a84e,bot_t1,1787075506.8588653,1787075507.7518237,C:\Users\har20\OneDrive\Desktop\project 1\code\quic-pqtls-bot-detection\capture\pcap_store\1670664e-bbbc-489f-b10c-b28600b9c49d.pcap
7fa3f3be-21f1-4e14-ade2-6b8e5d52a3e6,c8d59851-c0c2-424d-a516-241ad6c5a84e,bot_t1,1787075508.9270182,1787075509.8095953,C:\Users\har20\OneDrive\Desktop\project 1\code\quic-pqtls-bot-detection\capture\pcap_store\7fa3f3be-21f1-4e14-ade2-6b8e5d52a3e6.pcap
6c71809e-eb11-4cd2-86be-3e90fc37abe0,c8d59851-c0c2-424d-a516-241ad6c5a84e,bot_t1,1787075510.936213,1787075511.834909,C:\Users\har20\OneDrive\Desktop\project 1\code\quic-pqtls-bot-detection\capture\pcap_store\6c71809e-eb11-4cd2-86be-3e90fc37abe0.pcap
04e2e29e-73fe-4d81-90fe-426689e8f013,c8d59851-c0c2-424d-a516-241ad6c5a84e,bot_t1,1787075512.9936056,1787075513.913613,C:\Users\har20\OneDrive\Desktop\project 1\code\quic-pqtls-bot-detection\capture\pcap_store\04e2e29e-73fe-4d81-90fe-426689e8f013.pcap
fa73ec3f-dafc-48fc-bc17-f8466ee3a96a,49aef973-2069-4813-a2ae-fa4f287fb079,bot_t1,1787075515.0926733,1787075515.9945996,C:\Users\har20\OneDrive\Desktop\project 1\code\quic-pqtls-bot-detection\capture\pcap_store\fa73ec3f-dafc-48fc-bc17-f8466ee3a96a.pcap
2d1f9737-76be-4469-82bd-984869025605,49aef973-2069-4813-a2ae-fa4f287fb079,bot_t1,1787075517.10679,1787075517.935569,C:\Users\har20\OneDrive\Desktop\project 1\code\quic-pqtls-bot-detection\capture\pcap_store\2d1f9737-76be-4469-82bd-984869025605.pcap
6760efb1-24bb-437d-ba70-e627ef0313fc,49aef973-2069-4813-a2ae-fa4f287fb079,bot_t1,1787075519.1525884,1787075520.0324073,C:\Users\har20\OneDrive\Desktop\project 1\code\quic-pqtls-bot-detection\capture\pcap_store\6760efb1-24bb-437d-ba70-e627ef0313fc.pcap
740d04f4-e5e2-4d62-9b4d-fbb87e4c792e,49aef973-2069-4813-a2ae-fa4f287fb079,bot_t1,1787075521.1612823,1787075522.0421705,C:\Users\har20\OneDrive\Desktop\project 1\code\quic-pqtls-bot-detection\capture\pcap_store\740d04f4-e5e2-4d62-9b4d-fbb87e4c792e.pcap
a618d91d-aed9-4172-85bf-69681d56aca2,298c08f1-8ffd-42a9-8b74-e7dca59911ce,bot_t1,1787075523.1582987,1787075524.0854843,C:\Users\har20\OneDrive\Desktop\project 1\code\quic-pqtls-bot-detection\capture\pcap_store\a618d91d-aed9-4172-85bf-69681d56aca2.pcap
d1a1ba71-5acd-452d-b552-06eb1b4b736d,298c08f1-8ffd-42a9-8b74-e7dca59911ce,bot_t1,1787075525.209159,1787075526.1315827,C:\Users\har20\OneDrive\Desktop\project 1\code\quic-pqtls-bot-detection\capture\pcap_store\d1a1ba71-5acd-452d-b552-06eb1b4b736d.pcap
152897f3-f201-4bdf-b946-7886fad5554c,298c08f1-8ffd-42a9-8b74-e7dca59911ce,bot_t1,1787075527.2503045,1787075528.1320293,C:\Users\har20\OneDrive\Desktop\project 1\code\quic-pqtls-bot-detection\capture\pcap_store\152897f3-f201-4bdf-b946-7886fad5554c.pcap
e47c8276-2670-4e72-99be-443e81be71e3,7c00ab31-d187-4fd0-91b0-ada7d75b7a1b,bot_t1,1787075529.250649,1787075530.114593,C:\Users\har20\OneDrive\Desktop\project 1\code\quic-pqtls-bot-detection\capture\pcap_store\e47c8276-2670-4e72-99be-443e81be71e3.pcap
ed697077-b3c2-4795-8a43-b9dbccbd78df,7c00ab31-d187-4fd0-91b0-ada7d75b7a1b,bot_t1,1787075531.2154715,1787075532.0527408,C:\Users\har20\OneDrive\Desktop\project 1\code\quic-pqtls-bot-detection\capture\pcap_store\ed697077-b3c2-4795-8a43-b9dbccbd78df.pcap
00b2d8b5-218d-492d-9282-238c8e362e05,7c00ab31-d187-4fd0-91b0-ada7d75b7a1b,bot_t1,1787075533.0828009,1787075533.9513688,C:\Users\har20\OneDrive\Desktop\project 1\code\quic-pqtls-bot-detection\capture\pcap_store\00b2d8b5-218d-492d-9282-238c8e362e05.pcap
667a3296-56b1-4bd3-856a-7851c2e3f13b,8c6e0a9f-1a10-41a1-8082-7ec5aa4dce38,bot_t1,1787075534.946156,1787075535.7707,C:\Users\har20\OneDrive\Desktop\project 1\code\quic-pqtls-bot-detection\capture\pcap_store\667a3296-56b1-4bd3-856a-7851c2e3f13b.pcap
5c79d9ea-6e45-42a6-a5cd-8ef4f7f0ab0d,8c6e0a9f-1a10-41a1-8082-7ec5aa4dce38,bot_t1,1787075536.8583343,1787075537.6739714,C:\Users\har20\OneDrive\Desktop\project 1\code\quic-pqtls-bot-detection\capture\pcap_store\5c79d9ea-6e45-42a6-a5cd-8ef4f7f0ab0d.pcap
54d9dbc3-0f51-43a9-a753-0033b28a04df,8c6e0a9f-1a10-41a1-8082-7ec5aa4dce38,bot_t1,1787075538.77501,1787075539.6554694,C:\Users\har20\OneDrive\Desktop\project 1\code\quic-pqtls-bot-detection\capture\pcap_store\54d9dbc3-0f51-43a9-a753-0033b28a04df.pcap
7496d7c5-75b5-4a85-bf49-eba9cbdf68d6,8c6e0a9f-1a10-41a1-8082-7ec5aa4dce38,bot_t1,1787075540.7553215,1787075541.6148193,C:\Users\har20\OneDrive\Desktop\project 1\code\quic-pqtls-bot-detection\capture\pcap_store\7496d7c5-75b5-4a85-bf49-eba9cbdf68d6.pcap
774207e4-b2bc-4391-8c6c-bae5c66a3408,8c6e0a9f-1a10-41a1-8082-7ec5aa4dce38,bot_t1,1787075542.8323195,1787075543.6687238,C:\Users\har20\OneDrive\Desktop\project 1\code\quic-pqtls-bot-detection\capture\pcap_store\774207e4-b2bc-4391-8c6c-bae5c66a3408.pcap
6d31c19b-a7c5-44b5-a002-260ca4add07d,237926fe-8f76-4bab-9e7c-712ede1ea79b,bot_t1,1787075544.764093,1787075545.614578,C:\Users\har20\OneDrive\Desktop\project 1\code\quic-pqtls-bot-detection\capture\pcap_store\6d31c19b-a7c5-44b5-a002-260ca4add07d.pcap
b4e9d675-43ee-4eaf-a2c2-3a1eac35df7a,237926fe-8f76-4bab-9e7c-712ede1ea79b,bot_t1,1787075546.7184446,1787075547.5481298,C:\Users\har20\OneDrive\Desktop\project 1\code\quic-pqtls-bot-detection\capture\pcap_store\b4e9d675-43ee-4eaf-a2c2-3a1eac35df7a.pcap
28f313f0-b5cd-452e-842a-f3f572b22965,237926fe-8f76-4bab-9e7c-712ede1ea79b,bot_t1,1787075548.6478271,1787075549.4920163,C:\Users\har20\OneDrive\Desktop\project 1\code\quic-pqtls-bot-detection\capture\pcap_store\28f313f0-b5cd-452e-842a-f3f572b22965.pcap
22bdd99a-a674-483f-922e-3c9f47bba7fc,237926fe-8f76-4bab-9e7c-712ede1ea79b,bot_t1,1787075550.701677,1787075551.5473933,C:\Users\har20\OneDrive\Desktop\project 1\code\quic-pqtls-bot-detection\capture\pcap_store\22bdd99a-a674-483f-922e-3c9f47bba7fc.pcap
9fb46736-086b-4b5a-bb59-beb53aec0ffb,364a06e6-7968-4d91-b145-1ba44f559227,bot_t1,1787075552.6430428,1787075553.504542,C:\Users\har20\OneDrive\Desktop\project 1\code\quic-pqtls-bot-detection\capture\pcap_store\9fb46736-086b-4b5a-bb59-beb53aec0ffb.pcap
b11fb1d8-ef1e-4fb7-af2b-0f21567b1d56,364a06e6-7968-4d91-b145-1ba44f559227,bot_t1,1787075554.6035452,1787075555.4773924,C:\Users\har20\OneDrive\Desktop\project 1\code\quic-pqtls-bot-detection\capture\pcap_store\b11fb1d8-ef1e-4fb7-af2b-0f21567b1d56.pcap
13ea8b3d-65fd-4b35-a0b9-7cfa653dfd04,364a06e6-7968-4d91-b145-1ba44f559227,bot_t1,1787075556.569796,1787075557.446517,C:\Users\har20\OneDrive\Desktop\project 1\code\quic-pqtls-bot-detection\capture\pcap_store\13ea8b3d-65fd-4b35-a0b9-7cfa653dfd04.pcap
9d9df1b2-726d-4e27-9436-d46bdb22125e,364a06e6-7968-4d91-b145-1ba44f559227,bot_t1,1787075558.5444818,1787075559.3826394,C:\Users\har20\OneDrive\Desktop\project 1\code\quic-pqtls-bot-detection\capture\pcap_store\9d9df1b2-726d-4e27-9436-d46bdb22125e.pcap
9b8f084e-619c-43c9-bb5c-d760691cd453,80787a47-4deb-4444-8d61-792f6913a79b,bot_t1,1787075560.480496,1787075561.329589,C:\Users\har20\OneDrive\Desktop\project 1\code\quic-pqtls-bot-detection\capture\pcap_store\9b8f084e-619c-43c9-bb5c-d760691cd453.pcap
ea91c249-1028-4786-bc22-682947705144,80787a47-4deb-4444-8d61-792f6913a79b,bot_t1,1787075562.5008266,1787075563.346518,C:\Users\har20\OneDrive\Desktop\project 1\code\quic-pqtls-bot-detection\capture\pcap_store\ea91c249-1028-4786-bc22-682947705144.pcap
0b4ca59d-b6e8-45c9-a281-7373beff806a,80787a47-4deb-4444-8d61-792f6913a79b,bot_t1,1787075564.4374774,1787075565.2913542,C:\Users\har20\OneDrive\Desktop\project 1\code\quic-pqtls-bot-detection\capture\pcap_store\0b4ca59d-b6e8-45c9-a281-7373beff806a.pcap
d2cc996d-3555-45af-a65b-3936796a15d3,80787a47-4deb-4444-8d61-792f6913a79b,bot_t1,1787075566.3963876,1787075567.26789,C:\Users\har20\OneDrive\Desktop\project 1\code\quic-pqtls-bot-detection\capture\pcap_store\d2cc996d-3555-45af-a65b-3936796a15d3.pcap
d4df56ab-bb6b-48c6-b4fb-c3a9acd0ff5b,a7f7cd00-294a-47ea-b823-21d2268189ad,bot_t1,1787075568.3658302,1787075569.210668,C:\Users\har20\OneDrive\Desktop\project 1\code\quic-pqtls-bot-detection\capture\pcap_store\d4df56ab-bb6b-48c6-b4fb-c3a9acd0ff5b.pcap
d35b8e03-1c30-4229-9d8a-ed4e5e8ab86b,a7f7cd00-294a-47ea-b823-21d2268189ad,bot_t1,1787075570.2941046,1787075571.1596568,C:\Users\har20\OneDrive\Desktop\project 1\code\quic-pqtls-bot-detection\capture\pcap_store\d35b8e03-1c30-4229-9d8a-ed4e5e8ab86b.pcap
7803ad0e-c4d7-4c9c-a873-7bdaa75239a4,a7f7cd00-294a-47ea-b823-21d2268189ad,bot_t1,1787075572.2446668,1787075573.1193101,C:\Users\har20\OneDrive\Desktop\project 1\code\quic-pqtls-bot-detection\capture\pcap_store\7803ad0e-c4d7-4c9c-a873-7bdaa75239a4.pcap
621e8ac5-19e9-438e-ac9c-76b45ec1440b,a7f7cd00-294a-47ea-b823-21d2268189ad,bot_t1,1787075574.2171717,1787075575.0936685,C:\Users\har20\OneDrive\Desktop\project 1\code\quic-pqtls-bot-detection\capture\pcap_store\621e8ac5-19e9-438e-ac9c-76b45ec1440b.pcap
dff870c9-abcb-4302-961d-9d2c8d2127e7,4ab8db5c-0ad6-4804-963a-e73e591cf5f9,bot_t1,1787075576.2848155,1787075577.1576345,C:\Users\har20\OneDrive\Desktop\project 1\code\quic-pqtls-bot-detection\capture\pcap_store\dff870c9-abcb-4302-961d-9d2c8d2127e7.pcap
29e1cef2-ca6a-424f-894e-3f5c111bfe61,4ab8db5c-0ad6-4804-963a-e73e591cf5f9,bot_t1,1787075578.262867,1787075579.0718923,C:\Users\har20\OneDrive\Desktop\project 1\code\quic-pqtls-bot-detection\capture\pcap_store\29e1cef2-ca6a-424f-894e-3f5c111bfe61.pcap
3a279fcb-c219-4135-9e4b-d2b88d521e8f,4ab8db5c-0ad6-4804-963a-e73e591cf5f9,bot_t1,1787075580.168347,1787075580.9868853,C:\Users\har20\OneDrive\Desktop\project 1\code\quic-pqtls-bot-detection\capture\pcap_store\3a279fcb-c219-4135-9e4b-d2b88d521e8f.pcap
8d32c63c-22ea-460b-ae58-cc4002ae0cbe,4ab8db5c-0ad6-4804-963a-e73e591cf5f9,bot_t1,1787075582.080932,1787075582.9490764,C:\Users\har20\OneDrive\Desktop\project 1\code\quic-pqtls-bot-detection\capture\pcap_store\8d32c63c-22ea-460b-ae58-cc4002ae0cbe.pcap
a18b85c1-da6b-4317-9bb2-40e40957cf4c,4ab8db5c-0ad6-4804-963a-e73e591cf5f9,bot_t1,1787075584.1006603,1787075584.9385905,C:\Users\har20\OneDrive\Desktop\project 1\code\quic-pqtls-bot-detection\capture\pcap_store\a18b85c1-da6b-4317-9bb2-40e40957cf4c.pcap
2fdbe5a3-3df6-4b8b-945a-5a9a6c32e614,51530028-4483-42f9-8c5a-d3bbb272436c,bot_t1,1787075586.1075752,1787075587.0172544,C:\Users\har20\OneDrive\Desktop\project 1\code\quic-pqtls-bot-detection\capture\pcap_store\2fdbe5a3-3df6-4b8b-945a-5a9a6c32e614.pcap
8751c64f-1703-4670-a2ef-a722ebab6de3,51530028-4483-42f9-8c5a-d3bbb272436c,bot_t1,1787075588.1171675,1787075588.968971,C:\Users\har20\OneDrive\Desktop\project 1\code\quic-pqtls-bot-detection\capture\pcap_store\8751c64f-1703-4670-a2ef-a722ebab6de3.pcap
1a5a258d-17c1-4ed5-a640-0e6c47599f6b,51530028-4483-42f9-8c5a-d3bbb272436c,bot_t1,1787075590.058997,1787075590.9166255,C:\Users\har20\OneDrive\Desktop\project 1\code\quic-pqtls-bot-detection\capture\pcap_store\1a5a258d-17c1-4ed5-a640-0e6c47599f6b.pcap
6f521a7d-0b01-4f4a-934c-5c8b9c4c3cd0,b12e57e6-ebc9-44b8-a0c4-c3003b576eb5,bot_t1,1787075592.011204,1787075592.833234,C:\Users\har20\OneDrive\Desktop\project 1\code\quic-pqtls-bot-detection\capture\pcap_store\6f521a7d-0b01-4f4a-934c-5c8b9c4c3cd0.pcap
e8be75b2-e1ec-429f-8670-ef75ccd5998b,b12e57e6-ebc9-44b8-a0c4-c3003b576eb5,bot_t1,1787075593.9327674,1787075594.7988565,C:\Users\har20\OneDrive\Desktop\project 1\code\quic-pqtls-bot-detection\capture\pcap_store\e8be75b2-e1ec-429f-8670-ef75ccd5998b.pcap
d2db398f-42e1-4a79-a33a-03f806cccdf8,b12e57e6-ebc9-44b8-a0c4-c3003b576eb5,bot_t1,1787075595.9509537,1787075596.7908285,C:\Users\har20\OneDrive\Desktop\project 1\code\quic-pqtls-bot-detection\capture\pcap_store\d2db398f-42e1-4a79-a33a-03f806cccdf8.pcap
f9ea3783-5d5a-4cdd-b073-7356638f42d1,b12e57e6-ebc9-44b8-a0c4-c3003b576eb5,bot_t1,1787075597.886506,1787075598.7437215,C:\Users\har20\OneDrive\Desktop\project 1\code\quic-pqtls-bot-detection\capture\pcap_store\f9ea3783-5d5a-4cdd-b073-7356638f42d1.pcap
a67481ff-7974-477f-a52e-65db39447623,b12e57e6-ebc9-44b8-a0c4-c3003b576eb5,bot_t1,1787075599.8395483,1787075600.7449336,C:\Users\har20\OneDrive\Desktop\project 1\code\quic-pqtls-bot-detection\capture\pcap_store\a67481ff-7974-477f-a52e-65db39447623.pcap
6e985bdf-b70e-4c49-bc6b-8101d181b067,12b4efb7-d49f-4f41-9264-00a02bc754e3,bot_t1,1787075601.842903,1787075602.7375154,C:\Users\har20\OneDrive\Desktop\project 1\code\quic-pqtls-bot-detection\capture\pcap_store\6e985bdf-b70e-4c49-bc6b-8101d181b067.pcap
fda5510d-dabf-41e4-b0f6-daa544cf2b9b,12b4efb7-d49f-4f41-9264-00a02bc754e3,bot_t1,1787075603.8426223,1787075604.6544268,C:\Users\har20\OneDrive\Desktop\project 1\code\quic-pqtls-bot-detection\capture\pcap_store\fda5510d-dabf-41e4-b0f6-daa544cf2b9b.pcap
159b4635-35fe-47b9-bf90-cef34adc0613,12b4efb7-d49f-4f41-9264-00a02bc754e3,bot_t1,1787075605.7605457,1787075606.579697,C:\Users\har20\OneDrive\Desktop\project 1\code\quic-pqtls-bot-detection\capture\pcap_store\159b4635-35fe-47b9-bf90-cef34adc0613.pcap
13787b8b-8eb3-4207-ac7f-bb24472942bc,12b4efb7-d49f-4f41-9264-00a02bc754e3,bot_t1,1787075607.682268,1787075608.5261247,C:\Users\har20\OneDrive\Desktop\project 1\code\quic-pqtls-bot-detection\capture\pcap_store\13787b8b-8eb3-4207-ac7f-bb24472942bc.pcap
7688916c-4be8-4126-8936-4e5b249ea893,12b4efb7-d49f-4f41-9264-00a02bc754e3,bot_t1,1787075609.741973,1787075610.5567105,C:\Users\har20\OneDrive\Desktop\project 1\code\quic-pqtls-bot-detection\capture\pcap_store\7688916c-4be8-4126-8936-4e5b249ea893.pcap
46356cd4-c8d8-469c-b289-6883482aaf2d,56841811-d444-4ca4-91b8-d40d852b44af,bot_t1,1787075611.6551888,1787075612.545734,C:\Users\har20\OneDrive\Desktop\project 1\code\quic-pqtls-bot-detection\capture\pcap_store\46356cd4-c8d8-469c-b289-6883482aaf2d.pcap
efef28b7-28e4-49f2-99b4-fad86ebf313f,56841811-d444-4ca4-91b8-d40d852b44af,bot_t1,1787075613.6421704,1787075614.4929874,C:\Users\har20\OneDrive\Desktop\project 1\code\quic-pqtls-bot-detection\capture\pcap_store\efef28b7-28e4-49f2-99b4-fad86ebf313f.pcap
4a3a137b-5a34-4923-8873-3a2375cd73cd,56841811-d444-4ca4-91b8-d40d852b44af,bot_t1,1787075615.5945377,1787075616.421811,C:\Users\har20\OneDrive\Desktop\project 1\code\quic-pqtls-bot-detection\capture\pcap_store\4a3a137b-5a34-4923-8873-3a2375cd73cd.pcap
517e9f1a-2ff3-4d72-901f-97b43bb6fa7b,56841811-d444-4ca4-91b8-d40d852b44af,bot_t1,1787075617.516832,1787075618.3902502,C:\Users\har20\OneDrive\Desktop\project 1\code\quic-pqtls-bot-detection\capture\pcap_store\517e9f1a-2ff3-4d72-901f-97b43bb6fa7b.pcap
afeddf09-d5a9-4039-818b-978a2b805168,56841811-d444-4ca4-91b8-d40d852b44af,bot_t1,1787075619.4844892,1787075620.3389025,C:\Users\har20\OneDrive\Desktop\project 1\code\quic-pqtls-bot-detection\capture\pcap_store\afeddf09-d5a9-4039-818b-978a2b805168.pcap
ee23bca0-39f3-420e-947d-4624865720e3,4d5ad10a-68bb-4836-8040-83d8cd0c947d,bot_t1,1787075621.4216292,1787075622.2818506,C:\Users\har20\OneDrive\Desktop\project 1\code\quic-pqtls-bot-detection\capture\pcap_store\ee23bca0-39f3-420e-947d-4624865720e3.pcap
a4eb0596-c73f-4f3f-a38c-e392b7ce2c9a,4d5ad10a-68bb-4836-8040-83d8cd0c947d,bot_t1,1787075623.4961615,1787075624.3178093,C:\Users\har20\OneDrive\Desktop\project 1\code\quic-pqtls-bot-detection\capture\pcap_store\a4eb0596-c73f-4f3f-a38c-e392b7ce2c9a.pcap
2655a0e6-295d-4ce5-922c-50359cd7f070,4d5ad10a-68bb-4836-8040-83d8cd0c947d,bot_t1,1787075625.4207246,1787075626.2904804,C:\Users\har20\OneDrive\Desktop\project 1\code\quic-pqtls-bot-detection\capture\pcap_store\2655a0e6-295d-4ce5-922c-50359cd7f070.pcap
d546368c-b88d-441a-af96-d0977c06b52b,4d5ad10a-68bb-4836-8040-83d8cd0c947d,bot_t1,1787075627.3809469,1787075628.2515218,C:\Users\har20\OneDrive\Desktop\project 1\code\quic-pqtls-bot-detection\capture\pcap_store\d546368c-b88d-441a-af96-d0977c06b52b.pcap
6d77c202-c63a-44d1-a4cd-b098f9931a85,35f14a7a-4656-4502-b735-c7f6c8732eb7,bot_t1,1787075629.3537018,1787075630.2368548,C:\Users\har20\OneDrive\Desktop\project 1\code\quic-pqtls-bot-detection\capture\pcap_store\6d77c202-c63a-44d1-a4cd-b098f9931a85.pcap
63982b28-bcd1-4a14-b68a-302aa624f217,35f14a7a-4656-4502-b735-c7f6c8732eb7,bot_t1,1787075631.3356538,1787075632.1944938,C:\Users\har20\OneDrive\Desktop\project 1\code\quic-pqtls-bot-detection\capture\pcap_store\63982b28-bcd1-4a14-b68a-302aa624f217.pcap
43328bf5-96ad-47cd-bb22-134b3accbd0e,35f14a7a-4656-4502-b735-c7f6c8732eb7,bot_t1,1787075633.2944856,1787075634.1589723,C:\Users\har20\OneDrive\Desktop\project 1\code\quic-pqtls-bot-detection\capture\pcap_store\43328bf5-96ad-47cd-bb22-134b3accbd0e.pcap
6a5541e5-137a-48d7-8379-277913ccee58,35f14a7a-4656-4502-b735-c7f6c8732eb7,bot_t1,1787075635.2524664,1787075636.1123738,C:\Users\har20\OneDrive\Desktop\project 1\code\quic-pqtls-bot-detection\capture\pcap_store\6a5541e5-137a-48d7-8379-277913ccee58.pcap
c9b8fff6-97dd-42fc-b51e-fc6c45936d06,e21cf93d-edf3-4232-ae4d-d3142a8e9d2b,bot_t1,1787075637.2088726,1787075638.0924437,C:\Users\har20\OneDrive\Desktop\project 1\code\quic-pqtls-bot-detection\capture\pcap_store\c9b8fff6-97dd-42fc-b51e-fc6c45936d06.pcap
f948684f-69c3-4ab8-97d0-94e113324011,e21cf93d-edf3-4232-ae4d-d3142a8e9d2b,bot_t1,1787075639.18699,1787075640.0369205,C:\Users\har20\OneDrive\Desktop\project 1\code\quic-pqtls-bot-detection\capture\pcap_store\f948684f-69c3-4ab8-97d0-94e113324011.pcap
af90d891-d96a-480d-b64a-6c4989e7774a,e21cf93d-edf3-4232-ae4d-d3142a8e9d2b,bot_t1,1787075641.1262937,1787075641.9979792,C:\Users\har20\OneDrive\Desktop\project 1\code\quic-pqtls-bot-detection\capture\pcap_store\af90d891-d96a-480d-b64a-6c4989e7774a.pcap
766dd898-4c4f-4948-b87d-a3802dbe5baa,577a2058-8ee5-4dfd-b193-720f1ab58c65,bot_t1,1787075643.0885384,1787075643.9508865,C:\Users\har20\OneDrive\Desktop\project 1\code\quic-pqtls-bot-detection\capture\pcap_store\766dd898-4c4f-4948-b87d-a3802dbe5baa.pcap
e4df1e42-a6cc-4e03-93ff-bf2732b9b5a1,64672be1-0eca-4edc-a4ab-a7baf9057391,bot_t2,1787075645.0401442,1787075645.9723413,C:\Users\har20\OneDrive\Desktop\project 1\code\quic-pqtls-bot-detection\capture\pcap_store\e4df1e42-a6cc-4e03-93ff-bf2732b9b5a1.pcap
84073b59-57ac-4810-af3e-b24bd4a6208c,64672be1-0eca-4edc-a4ab-a7baf9057391,bot_t2,1787075647.087798,1787075647.9275475,C:\Users\har20\OneDrive\Desktop\project 1\code\quic-pqtls-bot-detection\capture\pcap_store\84073b59-57ac-4810-af3e-b24bd4a6208c.pcap
00845a3c-e176-4f4c-ad70-4bc2f6932f8e,64672be1-0eca-4edc-a4ab-a7baf9057391,bot_t2,1787075649.0335202,1787075649.8734937,C:\Users\har20\OneDrive\Desktop\project 1\code\quic-pqtls-bot-detection\capture\pcap_store\00845a3c-e176-4f4c-ad70-4bc2f6932f8e.pcap
38541d61-f250-40f2-93c2-9653d0d1c315,64672be1-0eca-4edc-a4ab-a7baf9057391,bot_t2,1787075650.95977,1787075651.755217,C:\Users\har20\OneDrive\Desktop\project 1\code\quic-pqtls-bot-detection\capture\pcap_store\38541d61-f250-40f2-93c2-9653d0d1c315.pcap
b9a82eec-861e-4a10-95c1-076a15f1d3f1,cfb55308-aafe-42a7-bbe0-9e26ff732fbe,bot_t2,1787075652.872038,1787075653.7084177,C:\Users\har20\OneDrive\Desktop\project 1\code\quic-pqtls-bot-detection\capture\pcap_store\b9a82eec-861e-4a10-95c1-076a15f1d3f1.pcap
5c84bc98-cce9-4f51-9792-05db75efe267,cfb55308-aafe-42a7-bbe0-9e26ff732fbe,bot_t2,1787075654.7264082,1787075655.535413,C:\Users\har20\OneDrive\Desktop\project 1\code\quic-pqtls-bot-detection\capture\pcap_store\5c84bc98-cce9-4f51-9792-05db75efe267.pcap
317b2af7-54a2-4fe9-9acc-d474ad97952d,cfb55308-aafe-42a7-bbe0-9e26ff732fbe,bot_t2,1787075656.6325822,1787075657.4934313,C:\Users\har20\OneDrive\Desktop\project 1\code\quic-pqtls-bot-detection\capture\pcap_store\317b2af7-54a2-4fe9-9acc-d474ad97952d.pcap
733a445f-4ad4-4d06-a49e-4b217f6c8e62,cfb55308-aafe-42a7-bbe0-9e26ff732fbe,bot_t2,1787075658.5927496,1787075659.4531944,C:\Users\har20\OneDrive\Desktop\project 1\code\quic-pqtls-bot-detection\capture\pcap_store\733a445f-4ad4-4d06-a49e-4b217f6c8e62.pcap
2eb71b10-ffef-40af-b8cb-f8a9f089f3f1,5d119b26-55ee-44c6-80d5-db49cf3a5990,bot_t2,1787075660.5585127,1787075661.429908,C:\Users\har20\OneDrive\Desktop\project 1\code\quic-pqtls-bot-detection\capture\pcap_store\2eb71b10-ffef-40af-b8cb-f8a9f089f3f1.pcap
e02b134e-3920-4875-9500-3712650291e7,5d119b26-55ee-44c6-80d5-db49cf3a5990,bot_t2,1787075662.5310366,1787075663.363727,C:\Users\har20\OneDrive\Desktop\project 1\code\quic-pqtls-bot-detection\capture\pcap_store\e02b134e-3920-4875-9500-3712650291e7.pcap
5ba73b3c-4ed5-4e2c-8815-a3fab07b2f11,5d119b26-55ee-44c6-80d5-db49cf3a5990,bot_t2,1787075664.4765987,1787075665.352421,C:\Users\har20\OneDrive\Desktop\project 1\code\quic-pqtls-bot-detection\capture\pcap_store\5ba73b3c-4ed5-4e2c-8815-a3fab07b2f11.pcap
cc8693a8-de4d-497a-8afc-bd74c10d6bcb,5d119b26-55ee-44c6-80d5-db49cf3a5990,bot_t2,1787075666.4870954,1787075667.3547726,C:\Users\har20\OneDrive\Desktop\project 1\code\quic-pqtls-bot-detection\capture\pcap_store\cc8693a8-de4d-497a-8afc-bd74c10d6bcb.pcap
98a3aa79-51cd-4b34-bd34-32c2778da5fb,e8384dde-9a00-4e7c-99d3-79c477678a2f,bot_t2,1787075668.4632778,1787075669.3118057,C:\Users\har20\OneDrive\Desktop\project 1\code\quic-pqtls-bot-detection\capture\pcap_store\98a3aa79-51cd-4b34-bd34-32c2778da5fb.pcap
0ff85aca-227f-4962-a094-0c90cac50404,e8384dde-9a00-4e7c-99d3-79c477678a2f,bot_t2,1787075670.419515,1787075671.2578137,C:\Users\har20\OneDrive\Desktop\project 1\code\quic-pqtls-bot-detection\capture\pcap_store\0ff85aca-227f-4962-a094-0c90cac50404.pcap
11b3ebc6-4f3b-4b23-83c5-1b5f7023f02d,e8384dde-9a00-4e7c-99d3-79c477678a2f,bot_t2,1787075672.3899422,1787075673.2635992,C:\Users\har20\OneDrive\Desktop\project 1\code\quic-pqtls-bot-detection\capture\pcap_store\11b3ebc6-4f3b-4b23-83c5-1b5f7023f02d.pcap
b32d1cb8-7457-4170-ab05-1ee4fb009eb3,4dbbe130-9f73-404a-a9a6-d953b6ed9152,bot_t2,1787075674.3680186,1787075675.2299788,C:\Users\har20\OneDrive\Desktop\project 1\code\quic-pqtls-bot-detection\capture\pcap_store\b32d1cb8-7457-4170-ab05-1ee4fb009eb3.pcap
8e1312f1-9e75-4b3b-a6a0-f81c5c049c3b,4dbbe130-9f73-404a-a9a6-d953b6ed9152,bot_t2,1787075676.3505468,1787075677.183135,C:\Users\har20\OneDrive\Desktop\project 1\code\quic-pqtls-bot-detection\capture\pcap_store\8e1312f1-9e75-4b3b-a6a0-f81c5c049c3b.pcap
56c64901-fc9a-47d2-beaa-b650f0bf16e8,4dbbe130-9f73-404a-a9a6-d953b6ed9152,bot_t2,1787075678.3054779,1787075679.1616182,C:\Users\har20\OneDrive\Desktop\project 1\code\quic-pqtls-bot-detection\capture\pcap_store\56c64901-fc9a-47d2-beaa-b650f0bf16e8.pcap
2e0e5245-80c8-43c9-888e-c9f1677b9b2a,4dbbe130-9f73-404a-a9a6-d953b6ed9152,bot_t2,1787075680.2880745,1787075681.1190917,C:\Users\har20\OneDrive\Desktop\project 1\code\quic-pqtls-bot-detection\capture\pcap_store\2e0e5245-80c8-43c9-888e-c9f1677b9b2a.pcap
e776e316-f62e-4be8-aaa9-708d97c09ebd,6c924c4e-8fbf-43fd-a276-0449af5a6aea,bot_t2,1787075682.212932,1787075683.072224,C:\Users\har20\OneDrive\Desktop\project 1\code\quic-pqtls-bot-detection\capture\pcap_store\e776e316-f62e-4be8-aaa9-708d97c09ebd.pcap
95aa8d76-f3e6-49b9-824d-d429f2ea41b0,6c924c4e-8fbf-43fd-a276-0449af5a6aea,bot_t2,1787075684.1852746,1787075685.0355034,C:\Users\har20\OneDrive\Desktop\project 1\code\quic-pqtls-bot-detection\capture\pcap_store\95aa8d76-f3e6-49b9-824d-d429f2ea41b0.pcap
ca9e5254-d27c-4253-9018-f0d4e823d9b0,6c924c4e-8fbf-43fd-a276-0449af5a6aea,bot_t2,1787075686.2771542,1787075687.078245,C:\Users\har20\OneDrive\Desktop\project 1\code\quic-pqtls-bot-detection\capture\pcap_store\ca9e5254-d27c-4253-9018-f0d4e823d9b0.pcap
4b5a9a38-a729-4d48-b83c-e7196248d172,90aa8b3a-4284-4422-beb2-44deb1096c2b,bot_t2,1787075688.1852872,1787075689.0438445,C:\Users\har20\OneDrive\Desktop\project 1\code\quic-pqtls-bot-detection\capture\pcap_store\4b5a9a38-a729-4d48-b83c-e7196248d172.pcap
e83ac7ee-ffc0-4517-b40b-ba1093a6ce9b,90aa8b3a-4284-4422-beb2-44deb1096c2b,bot_t2,1787075690.1438327,1787075690.9926515,C:\Users\har20\OneDrive\Desktop\project 1\code\quic-pqtls-bot-detection\capture\pcap_store\e83ac7ee-ffc0-4517-b40b-ba1093a6ce9b.pcap
27fbe7c2-daa4-419d-a43b-bdcc62608eb8,90aa8b3a-4284-4422-beb2-44deb1096c2b,bot_t2,1787075692.0819614,1787075692.9214635,C:\Users\har20\OneDrive\Desktop\project 1\code\quic-pqtls-bot-detection\capture\pcap_store\27fbe7c2-daa4-419d-a43b-bdcc62608eb8.pcap
5f335936-f580-41b1-b6b8-817a6a874c41,90aa8b3a-4284-4422-beb2-44deb1096c2b,bot_t2,1787075694.0842469,1787075694.907477,C:\Users\har20\OneDrive\Desktop\project 1\code\quic-pqtls-bot-detection\capture\pcap_store\5f335936-f580-41b1-b6b8-817a6a874c41.pcap
a1e15e04-18c0-48fd-9303-01d95ac9d370,90aa8b3a-4284-4422-beb2-44deb1096c2b,bot_t2,1787075695.9969335,1787075696.862278,C:\Users\har20\OneDrive\Desktop\project 1\code\quic-pqtls-bot-detection\capture\pcap_store\a1e15e04-18c0-48fd-9303-01d95ac9d370.pcap
c03eb555-a68f-47d2-868b-8be673d82372,e991872a-41a5-411a-bfed-7045125885b6,bot_t2,1787075697.9717374,1787075698.7965603,C:\Users\har20\OneDrive\Desktop\project 1\code\quic-pqtls-bot-detection\capture\pcap_store\c03eb555-a68f-47d2-868b-8be673d82372.pcap
84c399c9-c877-41b8-ad4f-d0b171742dad,e991872a-41a5-411a-bfed-7045125885b6,bot_t2,1787075699.8894827,1787075700.723089,C:\Users\har20\OneDrive\Desktop\project 1\code\quic-pqtls-bot-detection\capture\pcap_store\84c399c9-c877-41b8-ad4f-d0b171742dad.pcap
75d1d5e1-a8e4-4ab6-8609-b32f54b6b78f,e991872a-41a5-411a-bfed-7045125885b6,bot_t2,1787075701.8208466,1787075702.6152563,C:\Users\har20\OneDrive\Desktop\project 1\code\quic-pqtls-bot-detection\capture\pcap_store\75d1d5e1-a8e4-4ab6-8609-b32f54b6b78f.pcap
8a38af78-b99c-4393-bb38-879c3249a917,e991872a-41a5-411a-bfed-7045125885b6,bot_t2,1787075703.8159373,1787075704.6552496,C:\Users\har20\OneDrive\Desktop\project 1\code\quic-pqtls-bot-detection\capture\pcap_store\8a38af78-b99c-4393-bb38-879c3249a917.pcap
b9cff3da-d81a-4a61-a027-1d64623b5b37,e991872a-41a5-411a-bfed-7045125885b6,bot_t2,1787075705.758449,1787075706.569564,C:\Users\har20\OneDrive\Desktop\project 1\code\quic-pqtls-bot-detection\capture\pcap_store\b9cff3da-d81a-4a61-a027-1d64623b5b37.pcap
efb1fe17-d85d-403b-a809-77f112c2e2fc,6a6e4963-40d1-450c-bd9c-3c798d7e0546,bot_t2,1787075707.6658819,1787075708.492468,C:\Users\har20\OneDrive\Desktop\project 1\code\quic-pqtls-bot-detection\capture\pcap_store\efb1fe17-d85d-403b-a809-77f112c2e2fc.pcap
5c2ec95c-b0d1-4f15-8b46-af1b420d3dcb,6a6e4963-40d1-450c-bd9c-3c798d7e0546,bot_t2,1787075709.580043,1787075710.4017856,C:\Users\har20\OneDrive\Desktop\project 1\code\quic-pqtls-bot-detection\capture\pcap_store\5c2ec95c-b0d1-4f15-8b46-af1b420d3dcb.pcap
b538886d-de51-4347-be8a-1aba7efd6fa7,6a6e4963-40d1-450c-bd9c-3c798d7e0546,bot_t2,1787075711.596135,1787075712.421587,C:\Users\har20\OneDrive\Desktop\project 1\code\quic-pqtls-bot-detection\capture\pcap_store\b538886d-de51-4347-be8a-1aba7efd6fa7.pcap
e38fa321-8003-45de-9f91-52370917b62a,14c1f2b4-6059-4847-8345-7719962315cf,bot_t2,1787075713.505981,1787075714.3295205,C:\Users\har20\OneDrive\Desktop\project 1\code\quic-pqtls-bot-detection\capture\pcap_store\e38fa321-8003-45de-9f91-52370917b62a.pcap
7bc5d792-6916-467d-97db-3f8683aca0d0,14c1f2b4-6059-4847-8345-7719962315cf,bot_t2,1787075715.4272816,1787075716.212476,C:\Users\har20\OneDrive\Desktop\project 1\code\quic-pqtls-bot-detection\capture\pcap_store\7bc5d792-6916-467d-97db-3f8683aca0d0.pcap
9b587c67-330a-4fcd-87b9-52027594362e,14c1f2b4-6059-4847-8345-7719962315cf,bot_t2,1787075717.3743246,1787075718.1983416,C:\Users\har20\OneDrive\Desktop\project 1\code\quic-pqtls-bot-detection\capture\pcap_store\9b587c67-330a-4fcd-87b9-52027594362e.pcap
cbcbb17f-f441-4425-9cff-0ab9490011be,14c1f2b4-6059-4847-8345-7719962315cf,bot_t2,1787075719.2992842,1787075720.1711476,C:\Users\har20\OneDrive\Desktop\project 1\code\quic-pqtls-bot-detection\capture\pcap_store\cbcbb17f-f441-4425-9cff-0ab9490011be.pcap
ebb75e5e-c7bb-44c0-8515-bd0ca8d43211,4f9d868f-2f2f-421f-8364-d95240617d65,bot_t2,1787075721.2636662,1787075722.0852456,C:\Users\har20\OneDrive\Desktop\project 1\code\quic-pqtls-bot-detection\capture\pcap_store\ebb75e5e-c7bb-44c0-8515-bd0ca8d43211.pcap
3617ccfd-097e-4c26-81d6-5479e4edec94,4f9d868f-2f2f-421f-8364-d95240617d65,bot_t2,1787075723.1694696,1787075724.0327826,C:\Users\har20\OneDrive\Desktop\project 1\code\quic-pqtls-bot-detection\capture\pcap_store\3617ccfd-097e-4c26-81d6-5479e4edec94.pcap
94387037-1f6d-4e5f-b8c5-553764f43140,4f9d868f-2f2f-421f-8364-d95240617d65,bot_t2,1787075725.1341188,1787075726.0144925,C:\Users\har20\OneDrive\Desktop\project 1\code\quic-pqtls-bot-detection\capture\pcap_store\94387037-1f6d-4e5f-b8c5-553764f43140.pcap
3ceea5ba-ed9b-4219-872e-b33f72a818dc,4f9d868f-2f2f-421f-8364-d95240617d65,bot_t2,1787075727.1230383,1787075727.9073215,C:\Users\har20\OneDrive\Desktop\project 1\code\quic-pqtls-bot-detection\capture\pcap_store\3ceea5ba-ed9b-4219-872e-b33f72a818dc.pcap
633a9c50-bdfe-484f-bfea-3de674360bfd,4f9d868f-2f2f-421f-8364-d95240617d65,bot_t2,1787075729.0088372,1787075729.8852737,C:\Users\har20\OneDrive\Desktop\project 1\code\quic-pqtls-bot-detection\capture\pcap_store\633a9c50-bdfe-484f-bfea-3de674360bfd.pcap
98923a46-f4f1-445c-a264-f420d3991594,88209146-3291-4969-bdef-5bd20e6b2259,bot_t2,1787075730.9800694,1787075731.8415086,C:\Users\har20\OneDrive\Desktop\project 1\code\quic-pqtls-bot-detection\capture\pcap_store\98923a46-f4f1-445c-a264-f420d3991594.pcap
adcb66f7-fecb-4268-ae01-98318bb6df09,88209146-3291-4969-bdef-5bd20e6b2259,bot_t2,1787075732.9419801,1787075733.7349842,C:\Users\har20\OneDrive\Desktop\project 1\code\quic-pqtls-bot-detection\capture\pcap_store\adcb66f7-fecb-4268-ae01-98318bb6df09.pcap
7576f55d-f974-49ba-80a6-eb4fdeba0bb7,88209146-3291-4969-bdef-5bd20e6b2259,bot_t2,1787075734.8284464,1787075735.679707,C:\Users\har20\OneDrive\Desktop\project 1\code\quic-pqtls-bot-detection\capture\pcap_store\7576f55d-f974-49ba-80a6-eb4fdeba0bb7.pcap
bae2c883-ee65-496e-a00e-a7366802879a,88209146-3291-4969-bdef-5bd20e6b2259,bot_t2,1787075736.7801945,1787075737.59762,C:\Users\har20\OneDrive\Desktop\project 1\code\quic-pqtls-bot-detection\capture\pcap_store\bae2c883-ee65-496e-a00e-a7366802879a.pcap
87f52d99-d5d6-4de0-82db-663b8afe4f13,88209146-3291-4969-bdef-5bd20e6b2259,bot_t2,1787075738.6952462,1787075739.5481806,C:\Users\har20\OneDrive\Desktop\project 1\code\quic-pqtls-bot-detection\capture\pcap_store\87f52d99-d5d6-4de0-82db-663b8afe4f13.pcap
75f1cecb-2173-46bf-a177-918e53230aa2,f998e879-b624-4ed9-8bdd-2b34eb426ddc,bot_t2,1787075740.762083,1787075741.5846064,C:\Users\har20\OneDrive\Desktop\project 1\code\quic-pqtls-bot-detection\capture\pcap_store\75f1cecb-2173-46bf-a177-918e53230aa2.pcap
0a2f4098-30d4-487b-9aee-3081fda2035e,f998e879-b624-4ed9-8bdd-2b34eb426ddc,bot_t2,1787075742.6899812,1787075743.5388684,C:\Users\har20\OneDrive\Desktop\project 1\code\quic-pqtls-bot-detection\capture\pcap_store\0a2f4098-30d4-487b-9aee-3081fda2035e.pcap
06e12717-3370-4c14-96d1-1ee4051d3a64,f998e879-b624-4ed9-8bdd-2b34eb426ddc,bot_t2,1787075744.635229,1787075745.4659672,C:\Users\har20\OneDrive\Desktop\project 1\code\quic-pqtls-bot-detection\capture\pcap_store\06e12717-3370-4c14-96d1-1ee4051d3a64.pcap
6ea52d28-a77f-4c99-9459-65ba412927ae,f998e879-b624-4ed9-8bdd-2b34eb426ddc,bot_t2,1787075746.5475702,1787075747.4324465,C:\Users\har20\OneDrive\Desktop\project 1\code\quic-pqtls-bot-detection\capture\pcap_store\6ea52d28-a77f-4c99-9459-65ba412927ae.pcap
6c61e2cd-df04-4fd0-a5f0-f9a8b81ec2ce,f998e879-b624-4ed9-8bdd-2b34eb426ddc,bot_t2,1787075748.5316737,1787075749.3304896,C:\Users\har20\OneDrive\Desktop\project 1\code\quic-pqtls-bot-detection\capture\pcap_store\6c61e2cd-df04-4fd0-a5f0-f9a8b81ec2ce.pcap
fc324eac-e496-4ace-9e3b-773c2870919e,59ab64c8-93d7-435f-98c4-99d9e13f71cb,bot_t2,1787075750.4423337,1787075751.3194087,C:\Users\har20\OneDrive\Desktop\project 1\code\quic-pqtls-bot-detection\capture\pcap_store\fc324eac-e496-4ace-9e3b-773c2870919e.pcap
315a6bf5-f38d-42db-86cd-2ccf118b3faf,59ab64c8-93d7-435f-98c4-99d9e13f71cb,bot_t2,1787075752.4198349,1787075753.2517755,C:\Users\har20\OneDrive\Desktop\project 1\code\quic-pqtls-bot-detection\capture\pcap_store\315a6bf5-f38d-42db-86cd-2ccf118b3faf.pcap
57c34b17-6b1e-4d08-bcc8-28ebe46b05dc,59ab64c8-93d7-435f-98c4-99d9e13f71cb,bot_t2,1787075754.3484628,1787075755.1930861,C:\Users\har20\OneDrive\Desktop\project 1\code\quic-pqtls-bot-detection\capture\pcap_store\57c34b17-6b1e-4d08-bcc8-28ebe46b05dc.pcap
30e3c46d-fd3a-4d53-8a25-cacb02a0bd20,59ab64c8-93d7-435f-98c4-99d9e13f71cb,bot_t2,1787075756.2770076,1787075757.0737257,C:\Users\har20\OneDrive\Desktop\project 1\code\quic-pqtls-bot-detection\capture\pcap_store\30e3c46d-fd3a-4d53-8a25-cacb02a0bd20.pcap
694bd0a6-ebf8-4dd1-ba1a-26eaebb212da,59ab64c8-93d7-435f-98c4-99d9e13f71cb,bot_t2,1787075758.1657512,1787075758.990578,C:\Users\har20\OneDrive\Desktop\project 1\code\quic-pqtls-bot-detection\capture\pcap_store\694bd0a6-ebf8-4dd1-ba1a-26eaebb212da.pcap
2b4c3138-b437-4727-8299-35a474201286,75919257-ea0c-4b32-9df0-a51062d7c0d1,bot_t2,1787075760.0904863,1787075760.940117,C:\Users\har20\OneDrive\Desktop\project 1\code\quic-pqtls-bot-detection\capture\pcap_store\2b4c3138-b437-4727-8299-35a474201286.pcap
9e8d1cab-ea02-429a-8a26-35b2334df6c3,75919257-ea0c-4b32-9df0-a51062d7c0d1,bot_t2,1787075762.035445,1787075762.829049,C:\Users\har20\OneDrive\Desktop\project 1\code\quic-pqtls-bot-detection\capture\pcap_store\9e8d1cab-ea02-429a-8a26-35b2334df6c3.pcap
e87d8e4e-e8ed-4570-b1ee-68f7f5a7bdbb,75919257-ea0c-4b32-9df0-a51062d7c0d1,bot_t2,1787075763.9152393,1787075764.7939808,C:\Users\har20\OneDrive\Desktop\project 1\code\quic-pqtls-bot-detection\capture\pcap_store\e87d8e4e-e8ed-4570-b1ee-68f7f5a7bdbb.pcap
4b1e2fed-be00-4ede-a0fa-080961636109,75919257-ea0c-4b32-9df0-a51062d7c0d1,bot_t2,1787075765.9045193,1787075766.750017,C:\Users\har20\OneDrive\Desktop\project 1\code\quic-pqtls-bot-detection\capture\pcap_store\4b1e2fed-be00-4ede-a0fa-080961636109.pcap
ca99c67f-6a51-4fe2-9070-51ab08e0415a,dc5c9e93-7888-473c-9cac-f4cafbb3bc41,bot_t2,1787075767.8398247,1787075768.6618278,C:\Users\har20\OneDrive\Desktop\project 1\code\quic-pqtls-bot-detection\capture\pcap_store\ca99c67f-6a51-4fe2-9070-51ab08e0415a.pcap
c84b1b30-c623-404c-80c5-303f9e832786,dc5c9e93-7888-473c-9cac-f4cafbb3bc41,bot_t2,1787075769.771033,1787075770.6020303,C:\Users\har20\OneDrive\Desktop\project 1\code\quic-pqtls-bot-detection\capture\pcap_store\c84b1b30-c623-404c-80c5-303f9e832786.pcap
04d5a182-a25e-439d-8a35-e8098b964e70,dc5c9e93-7888-473c-9cac-f4cafbb3bc41,bot_t2,1787075771.7592597,1787075772.5615704,C:\Users\har20\OneDrive\Desktop\project 1\code\quic-pqtls-bot-detection\capture\pcap_store\04d5a182-a25e-439d-8a35-e8098b964e70.pcap
7248ad39-8a4d-4e0a-ab0c-0e9f909489cb,dc5c9e93-7888-473c-9cac-f4cafbb3bc41,bot_t2,1787075773.886032,1787075774.734726,C:\Users\har20\OneDrive\Desktop\project 1\code\quic-pqtls-bot-detection\capture\pcap_store\7248ad39-8a4d-4e0a-ab0c-0e9f909489cb.pcap
c040f588-0d9c-4343-950f-669ca1249bc6,dc5c9e93-7888-473c-9cac-f4cafbb3bc41,bot_t2,1787075776.1592793,1787075776.99625,C:\Users\har20\OneDrive\Desktop\project 1\code\quic-pqtls-bot-detection\capture\pcap_store\c040f588-0d9c-4343-950f-669ca1249bc6.pcap
6d2b6529-5be9-4235-aabf-2f96146c1121,3e17a996-4e16-4b51-b0f2-106298265090,bot_t2,1787075778.0439157,1787075778.9329593,C:\Users\har20\OneDrive\Desktop\project 1\code\quic-pqtls-bot-detection\capture\pcap_store\6d2b6529-5be9-4235-aabf-2f96146c1121.pcap
0b48d0b2-e762-40af-851f-ac8a22e522ad,3e17a996-4e16-4b51-b0f2-106298265090,bot_t2,1787075779.9108245,1787075780.713742,C:\Users\har20\OneDrive\Desktop\project 1\code\quic-pqtls-bot-detection\capture\pcap_store\0b48d0b2-e762-40af-851f-ac8a22e522ad.pcap
64d1485d-b2e2-4ba1-af11-2e60550c6e78,3e17a996-4e16-4b51-b0f2-106298265090,bot_t2,1787075781.8078055,1787075782.6479764,C:\Users\har20\OneDrive\Desktop\project 1\code\quic-pqtls-bot-detection\capture\pcap_store\64d1485d-b2e2-4ba1-af11-2e60550c6e78.pcap
6920e6b8-238f-4192-a672-924f813c27a7,3e17a996-4e16-4b51-b0f2-106298265090,bot_t2,1787075783.7467258,1787075784.6185198,C:\Users\har20\OneDrive\Desktop\project 1\code\quic-pqtls-bot-detection\capture\pcap_store\6920e6b8-238f-4192-a672-924f813c27a7.pcap
761b3a00-e085-4a73-86ca-42d69ccf493e,aad86f5d-7fe0-4c2e-b48b-ef977d209ba8,bot_t2,1787075785.7208579,1787075786.5704775,C:\Users\har20\OneDrive\Desktop\project 1\code\quic-pqtls-bot-detection\capture\pcap_store\761b3a00-e085-4a73-86ca-42d69ccf493e.pcap
c937f279-a663-419e-a47d-5e3fa4be6e9b,aad86f5d-7fe0-4c2e-b48b-ef977d209ba8,bot_t2,1787075787.6662645,1787075788.512324,C:\Users\har20\OneDrive\Desktop\project 1\code\quic-pqtls-bot-detection\capture\pcap_store\c937f279-a663-419e-a47d-5e3fa4be6e9b.pcap
0f625111-79c2-45f2-9468-52be3b6b0199,aad86f5d-7fe0-4c2e-b48b-ef977d209ba8,bot_t2,1787075789.6144302,1787075790.4362838,C:\Users\har20\OneDrive\Desktop\project 1\code\quic-pqtls-bot-detection\capture\pcap_store\0f625111-79c2-45f2-9468-52be3b6b0199.pcap
f94edeae-ff16-48f2-9ac7-c1a65f4f797b,aad86f5d-7fe0-4c2e-b48b-ef977d209ba8,bot_t2,1787075791.5905123,1787075792.4312253,C:\Users\har20\OneDrive\Desktop\project 1\code\quic-pqtls-bot-detection\capture\pcap_store\f94edeae-ff16-48f2-9ac7-c1a65f4f797b.pcap
5fd6e663-fd26-4b21-a727-c93f1ffafe57,e77cb67d-8039-4645-ba04-ccd63833a0a1,bot_t2,1787075793.531828,1787075794.3829315,C:\Users\har20\OneDrive\Desktop\project 1\code\quic-pqtls-bot-detection\capture\pcap_store\5fd6e663-fd26-4b21-a727-c93f1ffafe57.pcap
45c86705-b517-4a34-8456-0c6f2b589486,e77cb67d-8039-4645-ba04-ccd63833a0a1,bot_t2,1787075795.4831235,1787075796.2874234,C:\Users\har20\OneDrive\Desktop\project 1\code\quic-pqtls-bot-detection\capture\pcap_store\45c86705-b517-4a34-8456-0c6f2b589486.pcap
291fe010-908f-4316-8b77-a444714d67a7,e77cb67d-8039-4645-ba04-ccd63833a0a1,bot_t2,1787075797.3824384,1787075798.2383645,C:\Users\har20\OneDrive\Desktop\project 1\code\quic-pqtls-bot-detection\capture\pcap_store\291fe010-908f-4316-8b77-a444714d67a7.pcap
35e7c7b1-ae3f-4590-8e68-6501d340b11a,e77cb67d-8039-4645-ba04-ccd63833a0a1,bot_t2,1787075799.3268385,1787075800.168206,C:\Users\har20\OneDrive\Desktop\project 1\code\quic-pqtls-bot-detection\capture\pcap_store\35e7c7b1-ae3f-4590-8e68-6501d340b11a.pcap
e6fd4f4f-5d93-444b-ade3-cb68cd82c6ca,4b4953bb-4db1-4ba1-a9e1-62d85c870ce4,bot_t2,1787075801.3304663,1787075802.1537862,C:\Users\har20\OneDrive\Desktop\project 1\code\quic-pqtls-bot-detection\capture\pcap_store\e6fd4f4f-5d93-444b-ade3-cb68cd82c6ca.pcap
1d16f74f-6012-4c9b-82c0-f8d6fde0dbeb,4b4953bb-4db1-4ba1-a9e1-62d85c870ce4,bot_t2,1787075803.249509,1787075804.135907,C:\Users\har20\OneDrive\Desktop\project 1\code\quic-pqtls-bot-detection\capture\pcap_store\1d16f74f-6012-4c9b-82c0-f8d6fde0dbeb.pcap
9c90d47c-ae32-4c7f-b7b7-e3134185da62,4b4953bb-4db1-4ba1-a9e1-62d85c870ce4,bot_t2,1787075805.2266252,1787075806.0681884,C:\Users\har20\OneDrive\Desktop\project 1\code\quic-pqtls-bot-detection\capture\pcap_store\9c90d47c-ae32-4c7f-b7b7-e3134185da62.pcap
d90e6fbb-158e-4878-ae38-cea73dd2074f,b3e0f96f-c7d2-49ea-bff9-88e7db61588f,bot_t2,1787075807.167685,1787075808.016726,C:\Users\har20\OneDrive\Desktop\project 1\code\quic-pqtls-bot-detection\capture\pcap_store\d90e6fbb-158e-4878-ae38-cea73dd2074f.pcap
81b06b07-71f0-46d1-afd2-89b538290ed2,b3e0f96f-c7d2-49ea-bff9-88e7db61588f,bot_t2,1787075809.109869,1787075809.9675288,C:\Users\har20\OneDrive\Desktop\project 1\code\quic-pqtls-bot-detection\capture\pcap_store\81b06b07-71f0-46d1-afd2-89b538290ed2.pcap
490ca722-2627-4720-9dc6-ca0e2b6ba27a,b3e0f96f-c7d2-49ea-bff9-88e7db61588f,bot_t2,1787075811.137753,1787075811.9654431,C:\Users\har20\OneDrive\Desktop\project 1\code\quic-pqtls-bot-detection\capture\pcap_store\490ca722-2627-4720-9dc6-ca0e2b6ba27a.pcap
34dbc865-34c7-4746-8430-74ef54c56909,b3e0f96f-c7d2-49ea-bff9-88e7db61588f,bot_t2,1787075813.0581005,1787075813.9286535,C:\Users\har20\OneDrive\Desktop\project 1\code\quic-pqtls-bot-detection\capture\pcap_store\34dbc865-34c7-4746-8430-74ef54c56909.pcap
01a4327d-d337-4b01-8524-b1ee1c9a9205,b3e0f96f-c7d2-49ea-bff9-88e7db61588f,bot_t2,1787075815.0278583,1787075815.8892667,C:\Users\har20\OneDrive\Desktop\project 1\code\quic-pqtls-bot-detection\capture\pcap_store\01a4327d-d337-4b01-8524-b1ee1c9a9205.pcap
4786d63e-55c4-4d9a-9be7-8c367ef7e4fb,93a78956-5b43-4f2a-bfa3-23643481549c,bot_t2,1787075817.0339723,1787075817.8479362,C:\Users\har20\OneDrive\Desktop\project 1\code\quic-pqtls-bot-detection\capture\pcap_store\4786d63e-55c4-4d9a-9be7-8c367ef7e4fb.pcap
d50b0bac-d90b-451c-97d9-8b04ef149d00,93a78956-5b43-4f2a-bfa3-23643481549c,bot_t2,1787075818.9461708,1787075819.804849,C:\Users\har20\OneDrive\Desktop\project 1\code\quic-pqtls-bot-detection\capture\pcap_store\d50b0bac-d90b-451c-97d9-8b04ef149d00.pcap
8c55beb5-4c7c-4158-bde5-420e9aa0d399,93a78956-5b43-4f2a-bfa3-23643481549c,bot_t2,1787075820.9035654,1787075821.752982,C:\Users\har20\OneDrive\Desktop\project 1\code\quic-pqtls-bot-detection\capture\pcap_store\8c55beb5-4c7c-4158-bde5-420e9aa0d399.pcap
11379a27-c42c-46ac-9dbe-e1d7c9d83504,93a78956-5b43-4f2a-bfa3-23643481549c,bot_t2,1787075822.9010854,1787075823.7541263,C:\Users\har20\OneDrive\Desktop\project 1\code\quic-pqtls-bot-detection\capture\pcap_store\11379a27-c42c-46ac-9dbe-e1d7c9d83504.pcap
0f560f96-3f44-40a3-8c14-d595fda0d05a,f3c6893d-2e4c-4a9d-8c64-db788e531f5c,bot_t2,1787075824.8561046,1787075825.6558032,C:\Users\har20\OneDrive\Desktop\project 1\code\quic-pqtls-bot-detection\capture\pcap_store\0f560f96-3f44-40a3-8c14-d595fda0d05a.pcap
57af8645-a739-439b-9210-44343f449be1,f3c6893d-2e4c-4a9d-8c64-db788e531f5c,bot_t2,1787075826.7479036,1787075827.5436542,C:\Users\har20\OneDrive\Desktop\project 1\code\quic-pqtls-bot-detection\capture\pcap_store\57af8645-a739-439b-9210-44343f449be1.pcap
9de48113-5377-4ffa-abdd-3a011a3bed7b,f3c6893d-2e4c-4a9d-8c64-db788e531f5c,bot_t2,1787075828.7182934,1787075829.5166564,C:\Users\har20\OneDrive\Desktop\project 1\code\quic-pqtls-bot-detection\capture\pcap_store\9de48113-5377-4ffa-abdd-3a011a3bed7b.pcap
fff8061c-1789-4c97-9f66-bd9ff11845fb,f3c6893d-2e4c-4a9d-8c64-db788e531f5c,bot_t2,1787075830.6304681,1787075831.4658237,C:\Users\har20\OneDrive\Desktop\project 1\code\quic-pqtls-bot-detection\capture\pcap_store\fff8061c-1789-4c97-9f66-bd9ff11845fb.pcap
d7c2b53a-a20b-4322-9e56-9c61e1b39f40,f3c6893d-2e4c-4a9d-8c64-db788e531f5c,bot_t2,1787075832.5852978,1787075833.4581125,C:\Users\har20\OneDrive\Desktop\project 1\code\quic-pqtls-bot-detection\capture\pcap_store\d7c2b53a-a20b-4322-9e56-9c61e1b39f40.pcap
f6311007-23f1-4d60-a228-6402df72a02f,e5cfb6b0-f69c-47c8-82ef-00d97a8a8bf2,bot_t2,1787075834.515152,1787075835.3352125,C:\Users\har20\OneDrive\Desktop\project 1\code\quic-pqtls-bot-detection\capture\pcap_store\f6311007-23f1-4d60-a228-6402df72a02f.pcap
b34108b7-f0f4-414a-9255-4b7dbb5a1a75,e5cfb6b0-f69c-47c8-82ef-00d97a8a8bf2,bot_t2,1787075836.3330338,1787075837.1846263,C:\Users\har20\OneDrive\Desktop\project 1\code\quic-pqtls-bot-detection\capture\pcap_store\b34108b7-f0f4-414a-9255-4b7dbb5a1a75.pcap
ef5c6bed-f810-423a-90ad-3d5294e7aeb6,e5cfb6b0-f69c-47c8-82ef-00d97a8a8bf2,bot_t2,1787075838.2872052,1787075839.1346886,C:\Users\har20\OneDrive\Desktop\project 1\code\quic-pqtls-bot-detection\capture\pcap_store\ef5c6bed-f810-423a-90ad-3d5294e7aeb6.pcap
11563152-32d5-4402-916f-5fc9dfc4f0dd,6b32bcae-168b-415e-9410-155202b79058,bot_t2,1787075840.229891,1787075841.1112368,C:\Users\har20\OneDrive\Desktop\project 1\code\quic-pqtls-bot-detection\capture\pcap_store\11563152-32d5-4402-916f-5fc9dfc4f0dd.pcap
2693c9d1-8c83-43d9-a937-c72c4ac3797b,6b32bcae-168b-415e-9410-155202b79058,bot_t2,1787075842.2239656,1787075843.0408747,C:\Users\har20\OneDrive\Desktop\project 1\code\quic-pqtls-bot-detection\capture\pcap_store\2693c9d1-8c83-43d9-a937-c72c4ac3797b.pcap
b1cdbb8d-a4cb-4b18-a0c8-4b9d9dcb80be,6b32bcae-168b-415e-9410-155202b79058,bot_t2,1787075844.197235,1787075845.0207798,C:\Users\har20\OneDrive\Desktop\project 1\code\quic-pqtls-bot-detection\capture\pcap_store\b1cdbb8d-a4cb-4b18-a0c8-4b9d9dcb80be.pcap
4a7cf92d-bc73-4831-9bcd-0ac534506bac,6b32bcae-168b-415e-9410-155202b79058,bot_t2,1787075846.1282716,1787075846.9478226,C:\Users\har20\OneDrive\Desktop\project 1\code\quic-pqtls-bot-detection\capture\pcap_store\4a7cf92d-bc73-4831-9bcd-0ac534506bac.pcap
94fc72d7-635c-4935-a874-5ec8254cc114,8fbea408-1bfd-4c00-a7e1-b5d7ea765eb2,bot_t2,1787075848.037782,1787075848.820026,C:\Users\har20\OneDrive\Desktop\project 1\code\quic-pqtls-bot-detection\capture\pcap_store\94fc72d7-635c-4935-a874-5ec8254cc114.pcap
dfe133b6-49d0-4105-bb82-4f53273e5563,8fbea408-1bfd-4c00-a7e1-b5d7ea765eb2,bot_t2,1787075849.9204857,1787075850.7548032,C:\Users\har20\OneDrive\Desktop\project 1\code\quic-pqtls-bot-detection\capture\pcap_store\dfe133b6-49d0-4105-bb82-4f53273e5563.pcap
baaaec97-eb71-452c-b9c4-fd3e82b0d72b,8fbea408-1bfd-4c00-a7e1-b5d7ea765eb2,bot_t2,1787075851.8989828,1787075852.7043886,C:\Users\har20\OneDrive\Desktop\project 1\code\quic-pqtls-bot-detection\capture\pcap_store\baaaec97-eb71-452c-b9c4-fd3e82b0d72b.pcap
56f435d6-4404-4f8c-ae47-223b30a72b82,8fbea408-1bfd-4c00-a7e1-b5d7ea765eb2,bot_t2,1787075853.8010213,1787075854.6302993,C:\Users\har20\OneDrive\Desktop\project 1\code\quic-pqtls-bot-detection\capture\pcap_store\56f435d6-4404-4f8c-ae47-223b30a72b82.pcap
b08d22c7-850e-4ff0-8a85-d64a512f42b2,8a380a91-f157-4bb3-b96c-d82e00cf43e1,bot_t2,1787075855.729931,1787075856.547467,C:\Users\har20\OneDrive\Desktop\project 1\code\quic-pqtls-bot-detection\capture\pcap_store\b08d22c7-850e-4ff0-8a85-d64a512f42b2.pcap
840457e9-15a8-4ffb-9834-8b307b33a498,8a380a91-f157-4bb3-b96c-d82e00cf43e1,bot_t2,1787075857.714584,1787075858.5301757,C:\Users\har20\OneDrive\Desktop\project 1\code\quic-pqtls-bot-detection\capture\pcap_store\840457e9-15a8-4ffb-9834-8b307b33a498.pcap
2193bd5d-b25b-47dc-b57d-0304c01250c8,8a380a91-f157-4bb3-b96c-d82e00cf43e1,bot_t2,1787075859.6382751,1787075860.5016434,C:\Users\har20\OneDrive\Desktop\project 1\code\quic-pqtls-bot-detection\capture\pcap_store\2193bd5d-b25b-47dc-b57d-0304c01250c8.pcap
d95c4a71-cd0e-4400-bc3a-2d22a6e7683b,8a380a91-f157-4bb3-b96c-d82e00cf43e1,bot_t2,1787075861.5944266,1787075862.4367752,C:\Users\har20\OneDrive\Desktop\project 1\code\quic-pqtls-bot-detection\capture\pcap_store\d95c4a71-cd0e-4400-bc3a-2d22a6e7683b.pcap
e41ff713-c273-46a4-af19-f39097139299,aea1d304-873d-4d28-8e6e-07d8dc83ab3c,bot_t2,1787075863.5266254,1787075864.3330138,C:\Users\har20\OneDrive\Desktop\project 1\code\quic-pqtls-bot-detection\capture\pcap_store\e41ff713-c273-46a4-af19-f39097139299.pcap
29aee531-3c11-470a-a73c-15778b021a10,aea1d304-873d-4d28-8e6e-07d8dc83ab3c,bot_t2,1787075865.441888,1787075866.2283874,C:\Users\har20\OneDrive\Desktop\project 1\code\quic-pqtls-bot-detection\capture\pcap_store\29aee531-3c11-470a-a73c-15778b021a10.pcap
970dfb6b-0587-4f14-94a6-23611b295bee,aea1d304-873d-4d28-8e6e-07d8dc83ab3c,bot_t2,1787075867.3180742,1787075868.136378,C:\Users\har20\OneDrive\Desktop\project 1\code\quic-pqtls-bot-detection\capture\pcap_store\970dfb6b-0587-4f14-94a6-23611b295bee.pcap
b864e8b7-6f56-482c-bf3a-9d76ea8ce0f3,aea1d304-873d-4d28-8e6e-07d8dc83ab3c,bot_t2,1787075869.290068,1787075870.152011,C:\Users\har20\OneDrive\Desktop\project 1\code\quic-pqtls-bot-detection\capture\pcap_store\b864e8b7-6f56-482c-bf3a-9d76ea8ce0f3.pcap
a88153f3-44e8-4864-b551-6563b4aa4dde,aea1d304-873d-4d28-8e6e-07d8dc83ab3c,bot_t2,1787075871.257807,1787075872.0904782,C:\Users\har20\OneDrive\Desktop\project 1\code\quic-pqtls-bot-detection\capture\pcap_store\a88153f3-44e8-4864-b551-6563b4aa4dde.pcap
40e05f58-0b15-401c-8e02-bb6b9cfe47dc,2a80ffb0-b3ec-44dc-91e7-06e205c44bbd,bot_t2,1787075873.1655526,1787075873.9847374,C:\Users\har20\OneDrive\Desktop\project 1\code\quic-pqtls-bot-detection\capture\pcap_store\40e05f58-0b15-401c-8e02-bb6b9cfe47dc.pcap
6dbb476d-202b-4410-b106-345a9ad518cd,2a80ffb0-b3ec-44dc-91e7-06e205c44bbd,bot_t2,1787075875.0744193,1787075875.9018483,C:\Users\har20\OneDrive\Desktop\project 1\code\quic-pqtls-bot-detection\capture\pcap_store\6dbb476d-202b-4410-b106-345a9ad518cd.pcap
acd90072-d05c-4d56-8461-eca806962142,2a80ffb0-b3ec-44dc-91e7-06e205c44bbd,bot_t2,1787075877.0022829,1787075877.835126,C:\Users\har20\OneDrive\Desktop\project 1\code\quic-pqtls-bot-detection\capture\pcap_store\acd90072-d05c-4d56-8461-eca806962142.pcap
902f9221-878c-44a8-ac3b-e73b4de2b9c0,4793a785-7844-407f-baff-d06a8d67ff66,bot_t2,1787075878.9401617,1787075879.78439,C:\Users\har20\OneDrive\Desktop\project 1\code\quic-pqtls-bot-detection\capture\pcap_store\902f9221-878c-44a8-ac3b-e73b4de2b9c0.pcap
6c1e30f0-82c6-49fd-990e-1a472a34c435,4793a785-7844-407f-baff-d06a8d67ff66,bot_t2,1787075880.9844923,1787075881.845428,C:\Users\har20\OneDrive\Desktop\project 1\code\quic-pqtls-bot-detection\capture\pcap_store\6c1e30f0-82c6-49fd-990e-1a472a34c435.pcap
dba87af2-3671-4b11-a809-2233c9c6f05e,4793a785-7844-407f-baff-d06a8d67ff66,bot_t2,1787075882.9531746,1787075883.7540748,C:\Users\har20\OneDrive\Desktop\project 1\code\quic-pqtls-bot-detection\capture\pcap_store\dba87af2-3671-4b11-a809-2233c9c6f05e.pcap
cfe3727c-58db-4174-9d79-52c8bfe67800,4793a785-7844-407f-baff-d06a8d67ff66,bot_t2,1787075884.8504484,1787075885.6872354,C:\Users\har20\OneDrive\Desktop\project 1\code\quic-pqtls-bot-detection\capture\pcap_store\cfe3727c-58db-4174-9d79-52c8bfe67800.pcap
cef33aee-70b1-4be8-9766-bf46a4c71712,4793a785-7844-407f-baff-d06a8d67ff66,bot_t2,1787075886.7931266,1787075887.6674902,C:\Users\har20\OneDrive\Desktop\project 1\code\quic-pqtls-bot-detection\capture\pcap_store\cef33aee-70b1-4be8-9766-bf46a4c71712.pcap
34cbbf5e-ae08-44f4-a4a1-6215c65eb803,229ef982-cd7b-41a3-99da-306176e21b29,bot_t2,1787075888.761008,1787075889.623445,C:\Users\har20\OneDrive\Desktop\project 1\code\quic-pqtls-bot-detection\capture\pcap_store\34cbbf5e-ae08-44f4-a4a1-6215c65eb803.pcap
caddbce0-04f3-4bcc-9977-bc072c47c9e1,229ef982-cd7b-41a3-99da-306176e21b29,bot_t2,1787075890.7190952,1787075891.5172427,C:\Users\har20\OneDrive\Desktop\project 1\code\quic-pqtls-bot-detection\capture\pcap_store\caddbce0-04f3-4bcc-9977-bc072c47c9e1.pcap
cb98572e-5d79-424f-b45e-614c52a3537c,229ef982-cd7b-41a3-99da-306176e21b29,bot_t2,1787075892.655435,1787075893.4993885,C:\Users\har20\OneDrive\Desktop\project 1\code\quic-pqtls-bot-detection\capture\pcap_store\cb98572e-5d79-424f-b45e-614c52a3537c.pcap
f3cc774a-43a7-4472-aff1-7fecf738711e,229ef982-cd7b-41a3-99da-306176e21b29,bot_t2,1787075894.6035097,1787075895.4679332,C:\Users\har20\OneDrive\Desktop\project 1\code\quic-pqtls-bot-detection\capture\pcap_store\f3cc774a-43a7-4472-aff1-7fecf738711e.pcap
0aa3bbe2-ae31-464f-ae36-e06005f8b1dc,da4f2c9d-05f7-4b03-80db-013400bed518,bot_t2,1787075896.5724032,1787075897.4324267,C:\Users\har20\OneDrive\Desktop\project 1\code\quic-pqtls-bot-detection\capture\pcap_store\0aa3bbe2-ae31-464f-ae36-e06005f8b1dc.pcap
3ab09dfb-94a9-4ffc-bd8b-6877bc70155a,da4f2c9d-05f7-4b03-80db-013400bed518,bot_t2,1787075898.527803,1787075899.3935006,C:\Users\har20\OneDrive\Desktop\project 1\code\quic-pqtls-bot-detection\capture\pcap_store\3ab09dfb-94a9-4ffc-bd8b-6877bc70155a.pcap
416e270f-2e42-428e-ac09-ce1c990e6c09,da4f2c9d-05f7-4b03-80db-013400bed518,bot_t2,1787075900.4963124,1787075901.3272011,C:\Users\har20\OneDrive\Desktop\project 1\code\quic-pqtls-bot-detection\capture\pcap_store\416e270f-2e42-428e-ac09-ce1c990e6c09.pcap
f1974f5e-7bec-4627-b229-c32ecb6255e1,da4f2c9d-05f7-4b03-80db-013400bed518,bot_t2,1787075902.4288964,1787075903.24367,C:\Users\har20\OneDrive\Desktop\project 1\code\quic-pqtls-bot-detection\capture\pcap_store\f1974f5e-7bec-4627-b229-c32ecb6255e1.pcap
25242423-72dd-4f6a-a54c-44ed80bb71d5,da4f2c9d-05f7-4b03-80db-013400bed518,bot_t2,1787075904.3398688,1787075905.174075,C:\Users\har20\OneDrive\Desktop\project 1\code\quic-pqtls-bot-detection\capture\pcap_store\25242423-72dd-4f6a-a54c-44ed80bb71d5.pcap
aaea8c26-8550-4c6f-a71c-ef6c8a676554,ed555e57-98de-40f0-ab69-9346bd0ba2ed,bot_t2,1787075906.2637832,1787075907.0947864,C:\Users\har20\OneDrive\Desktop\project 1\code\quic-pqtls-bot-detection\capture\pcap_store\aaea8c26-8550-4c6f-a71c-ef6c8a676554.pcap
8d46b0b0-ca49-454a-a0e4-12d04d1ab3ed,ed555e57-98de-40f0-ab69-9346bd0ba2ed,bot_t2,1787075908.1904008,1787075909.0007145,C:\Users\har20\OneDrive\Desktop\project 1\code\quic-pqtls-bot-detection\capture\pcap_store\8d46b0b0-ca49-454a-a0e4-12d04d1ab3ed.pcap
3d16f0b7-2a20-40f3-b565-602d7a3fce4d,ed555e57-98de-40f0-ab69-9346bd0ba2ed,bot_t2,1787075910.1014392,1787075910.9069507,C:\Users\har20\OneDrive\Desktop\project 1\code\quic-pqtls-bot-detection\capture\pcap_store\3d16f0b7-2a20-40f3-b565-602d7a3fce4d.pcap
45141168-82ad-435d-bade-ff8c947efd7f,ed555e57-98de-40f0-ab69-9346bd0ba2ed,bot_t2,1787075912.0017807,1787075912.828893,C:\Users\har20\OneDrive\Desktop\project 1\code\quic-pqtls-bot-detection\capture\pcap_store\45141168-82ad-435d-bade-ff8c947efd7f.pcap
bfe3b420-c874-4dd2-8556-12f2c99cda3e,ed555e57-98de-40f0-ab69-9346bd0ba2ed,bot_t2,1787075913.9210644,1787075914.7727282,C:\Users\har20\OneDrive\Desktop\project 1\code\quic-pqtls-bot-detection\capture\pcap_store\bfe3b420-c874-4dd2-8556-12f2c99cda3e.pcap
f6c91919-b438-40ec-9342-48c24f03fdaf,8a7c72d3-0c4e-431a-afe2-d4d78fda765f,bot_t2,1787075915.8569715,1787075916.696188,C:\Users\har20\OneDrive\Desktop\project 1\code\quic-pqtls-bot-detection\capture\pcap_store\f6c91919-b438-40ec-9342-48c24f03fdaf.pcap
b7c60fa6-401f-4a72-bf98-1865553a403a,8a7c72d3-0c4e-431a-afe2-d4d78fda765f,bot_t2,1787075917.8471625,1787075918.6489987,C:\Users\har20\OneDrive\Desktop\project 1\code\quic-pqtls-bot-detection\capture\pcap_store\b7c60fa6-401f-4a72-bf98-1865553a403a.pcap
70a05e39-87a7-4db8-ae21-cf2fe9d8bcb8,8a7c72d3-0c4e-431a-afe2-d4d78fda765f,bot_t2,1787075919.689367,1787075920.573917,C:\Users\har20\OneDrive\Desktop\project 1\code\quic-pqtls-bot-detection\capture\pcap_store\70a05e39-87a7-4db8-ae21-cf2fe9d8bcb8.pcap
372fed21-cbbd-4832-96b5-57861d69e58a,8a7c72d3-0c4e-431a-afe2-d4d78fda765f,bot_t2,1787075921.6769505,1787075922.4978623,C:\Users\har20\OneDrive\Desktop\project 1\code\quic-pqtls-bot-detection\capture\pcap_store\372fed21-cbbd-4832-96b5-57861d69e58a.pcap
f7ca6189-b3fc-47db-ac9a-9f2d7d497425,a9284bc2-d4b1-47db-95c8-4a51c9bc855a,bot_t2,1787075923.6548154,1787075924.516167,C:\Users\har20\OneDrive\Desktop\project 1\code\quic-pqtls-bot-detection\capture\pcap_store\f7ca6189-b3fc-47db-ac9a-9f2d7d497425.pcap
642f9c2e-c6e0-4a27-a2b4-2cafa93869bc,a9284bc2-d4b1-47db-95c8-4a51c9bc855a,bot_t2,1787075925.6971562,1787075926.517798,C:\Users\har20\OneDrive\Desktop\project 1\code\quic-pqtls-bot-detection\capture\pcap_store\642f9c2e-c6e0-4a27-a2b4-2cafa93869bc.pcap
24ae74ce-b203-4404-89a7-a02b1644454b,a9284bc2-d4b1-47db-95c8-4a51c9bc855a,bot_t2,1787075927.5242202,1787075928.3311102,C:\Users\har20\OneDrive\Desktop\project 1\code\quic-pqtls-bot-detection\capture\pcap_store\24ae74ce-b203-4404-89a7-a02b1644454b.pcap
1f610201-73cb-491a-aa81-d6dd9edaea2c,a9284bc2-d4b1-47db-95c8-4a51c9bc855a,bot_t2,1787075929.3211362,1787075930.1697087,C:\Users\har20\OneDrive\Desktop\project 1\code\quic-pqtls-bot-detection\capture\pcap_store\1f610201-73cb-491a-aa81-d6dd9edaea2c.pcap
3ffabd68-6154-438a-be65-398ea9e4b775,a9284bc2-d4b1-47db-95c8-4a51c9bc855a,bot_t2,1787075931.2651112,1787075932.078137,C:\Users\har20\OneDrive\Desktop\project 1\code\quic-pqtls-bot-detection\capture\pcap_store\3ffabd68-6154-438a-be65-398ea9e4b775.pcap
659d04b1-e681-4a45-86ba-64cf171e38af,218e975b-6ffe-4956-b8c1-90f1e998eabf,bot_t2,1787075933.0694482,1787075933.9188104,C:\Users\har20\OneDrive\Desktop\project 1\code\quic-pqtls-bot-detection\capture\pcap_store\659d04b1-e681-4a45-86ba-64cf171e38af.pcap
42c0ed40-434b-44b4-b941-76d826609d7a,218e975b-6ffe-4956-b8c1-90f1e998eabf,bot_t2,1787075935.0081472,1787075935.845374,C:\Users\har20\OneDrive\Desktop\project 1\code\quic-pqtls-bot-detection\capture\pcap_store\42c0ed40-434b-44b4-b941-76d826609d7a.pcap
ab982ea4-c4ef-4500-a7f7-218ab3fb3cd8,218e975b-6ffe-4956-b8c1-90f1e998eabf,bot_t2,1787075936.9264393,1787075937.8133552,C:\Users\har20\OneDrive\Desktop\project 1\code\quic-pqtls-bot-detection\capture\pcap_store\ab982ea4-c4ef-4500-a7f7-218ab3fb3cd8.pcap
48a6cf5c-11fe-4a9e-8d7c-931d15428f68,02a22b57-5fda-440d-bf3c-1b595e64e9c0,bot_t2,1787075938.8182635,1787075939.6941428,C:\Users\har20\OneDrive\Desktop\project 1\code\quic-pqtls-bot-detection\capture\pcap_store\48a6cf5c-11fe-4a9e-8d7c-931d15428f68.pcap
fd6d96a1-157b-4d7e-9ad8-93d2bf80baae,02a22b57-5fda-440d-bf3c-1b595e64e9c0,bot_t2,1787075940.6891515,1787075941.529739,C:\Users\har20\OneDrive\Desktop\project 1\code\quic-pqtls-bot-detection\capture\pcap_store\fd6d96a1-157b-4d7e-9ad8-93d2bf80baae.pcap
0a413796-d511-4d5e-a464-44296ca9a854,02a22b57-5fda-440d-bf3c-1b595e64e9c0,bot_t2,1787075942.5087242,1787075943.3218968,C:\Users\har20\OneDrive\Desktop\project 1\code\quic-pqtls-bot-detection\capture\pcap_store\0a413796-d511-4d5e-a464-44296ca9a854.pcap
71a675ea-07c1-480a-a4d3-b19654ddad36,02a22b57-5fda-440d-bf3c-1b595e64e9c0,bot_t2,1787075944.3036888,1787075945.1338427,C:\Users\har20\OneDrive\Desktop\project 1\code\quic-pqtls-bot-detection\capture\pcap_store\71a675ea-07c1-480a-a4d3-b19654ddad36.pcap
f66741ab-f114-495a-97f0-c6d4fc3b5338,9c0940bf-84bf-47ea-9e20-2dd63df73d4d,bot_t2,1787075946.1295402,1787075946.9722738,C:\Users\har20\OneDrive\Desktop\project 1\code\quic-pqtls-bot-detection\capture\pcap_store\f66741ab-f114-495a-97f0-c6d4fc3b5338.pcap
bf5fe3e9-5d61-4feb-bc21-e00978c2a327,9c0940bf-84bf-47ea-9e20-2dd63df73d4d,bot_t2,1787075948.0407653,1787075948.8413227,C:\Users\har20\OneDrive\Desktop\project 1\code\quic-pqtls-bot-detection\capture\pcap_store\bf5fe3e9-5d61-4feb-bc21-e00978c2a327.pcap
e39ccba1-f80c-41af-b659-f329788fd28a,9c0940bf-84bf-47ea-9e20-2dd63df73d4d,bot_t2,1787075949.8476737,1787075950.7008057,C:\Users\har20\OneDrive\Desktop\project 1\code\quic-pqtls-bot-detection\capture\pcap_store\e39ccba1-f80c-41af-b659-f329788fd28a.pcap
6aef0101-68be-4520-bcb5-a369c0b88660,9c0940bf-84bf-47ea-9e20-2dd63df73d4d,bot_t2,1787075951.6877172,1787075952.5263743,C:\Users\har20\OneDrive\Desktop\project 1\code\quic-pqtls-bot-detection\capture\pcap_store\6aef0101-68be-4520-bcb5-a369c0b88660.pcap
e115312a-eae7-465b-8e3c-7a7758be1659,51176885-b0bc-4a80-9e57-8b8970e7e945,bot_t2,1787075953.509888,1787075954.3192592,C:\Users\har20\OneDrive\Desktop\project 1\code\quic-pqtls-bot-detection\capture\pcap_store\e115312a-eae7-465b-8e3c-7a7758be1659.pcap
dcf510ea-5195-4051-84d3-ed797392d0cd,51176885-b0bc-4a80-9e57-8b8970e7e945,bot_t2,1787075955.298003,1787075956.1041162,C:\Users\har20\OneDrive\Desktop\project 1\code\quic-pqtls-bot-detection\capture\pcap_store\dcf510ea-5195-4051-84d3-ed797392d0cd.pcap
91c325c7-f55b-4bbb-88e3-9ddb07d7368b,51176885-b0bc-4a80-9e57-8b8970e7e945,bot_t2,1787075957.2463388,1787075958.0883574,C:\Users\har20\OneDrive\Desktop\project 1\code\quic-pqtls-bot-detection\capture\pcap_store\91c325c7-f55b-4bbb-88e3-9ddb07d7368b.pcap
6ab4e0fa-c9ee-4ae3-b5b3-2313d9437193,51176885-b0bc-4a80-9e57-8b8970e7e945,bot_t2,1787075959.0731094,1787075959.9027576,C:\Users\har20\OneDrive\Desktop\project 1\code\quic-pqtls-bot-detection\capture\pcap_store\6ab4e0fa-c9ee-4ae3-b5b3-2313d9437193.pcap
5af40d08-b7e2-4903-9ef4-b6ad53d83330,c716d790-4d46-49b9-b8ce-8cbe7fa6b6c5,bot_t2,1787075960.885573,1787075961.7206213,C:\Users\har20\OneDrive\Desktop\project 1\code\quic-pqtls-bot-detection\capture\pcap_store\5af40d08-b7e2-4903-9ef4-b6ad53d83330.pcap
2956c181-1e41-431a-875b-30e2fce0cc78,c716d790-4d46-49b9-b8ce-8cbe7fa6b6c5,bot_t2,1787075962.806533,1787075963.7093816,C:\Users\har20\OneDrive\Desktop\project 1\code\quic-pqtls-bot-detection\capture\pcap_store\2956c181-1e41-431a-875b-30e2fce0cc78.pcap
d81f877b-1a25-4daf-8e94-fa25e762b2a9,c716d790-4d46-49b9-b8ce-8cbe7fa6b6c5,bot_t2,1787075964.7932363,1787075965.5935926,C:\Users\har20\OneDrive\Desktop\project 1\code\quic-pqtls-bot-detection\capture\pcap_store\d81f877b-1a25-4daf-8e94-fa25e762b2a9.pcap
db839c20-e24c-40e1-96ca-cd366163c6ed,fd3f35e6-8a3c-416a-8c37-fe2dda113878,bot_t2,1787075966.5736887,1787075967.4172056,C:\Users\har20\OneDrive\Desktop\project 1\code\quic-pqtls-bot-detection\capture\pcap_store\db839c20-e24c-40e1-96ca-cd366163c6ed.pcap
196c7011-2f36-4724-aed5-8a971d6511ef,fd3f35e6-8a3c-416a-8c37-fe2dda113878,bot_t2,1787075968.4108982,1787075969.2574792,C:\Users\har20\OneDrive\Desktop\project 1\code\quic-pqtls-bot-detection\capture\pcap_store\196c7011-2f36-4724-aed5-8a971d6511ef.pcap
18561979-2b59-40ec-a8e3-893835924e23,fd3f35e6-8a3c-416a-8c37-fe2dda113878,bot_t2,1787075970.2708144,1787075971.1362834,C:\Users\har20\OneDrive\Desktop\project 1\code\quic-pqtls-bot-detection\capture\pcap_store\18561979-2b59-40ec-a8e3-893835924e23.pcap
cc546dcd-e06c-4f0e-a65f-d5efcec63759,fd3f35e6-8a3c-416a-8c37-fe2dda113878,bot_t2,1787075972.1275604,1787075972.920809,C:\Users\har20\OneDrive\Desktop\project 1\code\quic-pqtls-bot-detection\capture\pcap_store\cc546dcd-e06c-4f0e-a65f-d5efcec63759.pcap
5aef1048-43fe-4f01-8b86-bfc43c1ab512,fd3f35e6-8a3c-416a-8c37-fe2dda113878,bot_t2,1787075973.9407394,1787075974.7508876,C:\Users\har20\OneDrive\Desktop\project 1\code\quic-pqtls-bot-detection\capture\pcap_store\5aef1048-43fe-4f01-8b86-bfc43c1ab512.pcap
48635397-cb36-44e9-8b91-7b8dd06a7c64,11a7f784-e02b-4bbb-9512-730d7ad2a984,bot_t2,1787075975.771872,1787075976.6179037,C:\Users\har20\OneDrive\Desktop\project 1\code\quic-pqtls-bot-detection\capture\pcap_store\48635397-cb36-44e9-8b91-7b8dd06a7c64.pcap
6f387df8-f08f-440e-81a3-1dafee51acd9,11a7f784-e02b-4bbb-9512-730d7ad2a984,bot_t2,1787075977.7998028,1787075978.6330397,C:\Users\har20\OneDrive\Desktop\project 1\code\quic-pqtls-bot-detection\capture\pcap_store\6f387df8-f08f-440e-81a3-1dafee51acd9.pcap
9dbbf3a2-d464-42b3-b146-d18a9545ef75,11a7f784-e02b-4bbb-9512-730d7ad2a984,bot_t2,1787075979.635786,1787075980.4586482,C:\Users\har20\OneDrive\Desktop\project 1\code\quic-pqtls-bot-detection\capture\pcap_store\9dbbf3a2-d464-42b3-b146-d18a9545ef75.pcap
8844b517-aa39-4d82-8c79-22c76e653fd1,aedb4cd2-9622-47c7-a0f0-a5ae716e20d6,bot_t2,1787075981.5441422,1787075982.3841975,C:\Users\har20\OneDrive\Desktop\project 1\code\quic-pqtls-bot-detection\capture\pcap_store\8844b517-aa39-4d82-8c79-22c76e653fd1.pcap
4a767f70-01be-457f-8162-20981a137cf5,aedb4cd2-9622-47c7-a0f0-a5ae716e20d6,bot_t2,1787075983.430978,1787075984.2565255,C:\Users\har20\OneDrive\Desktop\project 1\code\quic-pqtls-bot-detection\capture\pcap_store\4a767f70-01be-457f-8162-20981a137cf5.pcap
1837da17-ea2a-46c7-bfa2-2008611edead,aedb4cd2-9622-47c7-a0f0-a5ae716e20d6,bot_t2,1787075985.2407417,1787075986.1214566,C:\Users\har20\OneDrive\Desktop\project 1\code\quic-pqtls-bot-detection\capture\pcap_store\1837da17-ea2a-46c7-bfa2-2008611edead.pcap
5bd902fb-52f6-460e-80c9-ebea0f784923,871e4039-c401-458e-8bd7-61fcedcf1579,bot_t2,1787075994.257993,1787075995.063957,C:\Users\har20\OneDrive\Desktop\project 1\code\quic-pqtls-bot-detection\capture\pcap_store\5bd902fb-52f6-460e-80c9-ebea0f784923.pcap
d0cf9c9c-f4a4-493c-86b2-3fdb63c56020,871e4039-c401-458e-8bd7-61fcedcf1579,bot_t2,1787075996.9512243,1787075997.9227805,C:\Users\har20\OneDrive\Desktop\project 1\code\quic-pqtls-bot-detection\capture\pcap_store\d0cf9c9c-f4a4-493c-86b2-3fdb63c56020.pcap
190e3f1a-93dc-47f2-91f1-ed89fc671eac,871e4039-c401-458e-8bd7-61fcedcf1579,bot_t2,1787075999.6614842,1787076000.5056748,C:\Users\har20\OneDrive\Desktop\project 1\code\quic-pqtls-bot-detection\capture\pcap_store\190e3f1a-93dc-47f2-91f1-ed89fc671eac.pcap
b0e8055a-c0ad-47d2-955c-6b31dff2b978,eb275a6c-23d8-4820-ae5c-b8e1c5366648,bot_t2,1787076001.9793456,1787076002.8222058,C:\Users\har20\OneDrive\Desktop\project 1\code\quic-pqtls-bot-detection\capture\pcap_store\b0e8055a-c0ad-47d2-955c-6b31dff2b978.pcap
684c3fd3-02e6-4800-b58a-ce596450a9e5,eb275a6c-23d8-4820-ae5c-b8e1c5366648,bot_t2,1787076004.0747573,1787076005.0252533,C:\Users\har20\OneDrive\Desktop\project 1\code\quic-pqtls-bot-detection\capture\pcap_store\684c3fd3-02e6-4800-b58a-ce596450a9e5.pcap
e4ed5808-3464-487e-821d-8fbdd292bd6b,eb275a6c-23d8-4820-ae5c-b8e1c5366648,bot_t2,1787076006.5448654,1787076007.405272,C:\Users\har20\OneDrive\Desktop\project 1\code\quic-pqtls-bot-detection\capture\pcap_store\e4ed5808-3464-487e-821d-8fbdd292bd6b.pcap
c66b1fae-5b87-4720-817d-a97d71435aac,36c13f72-f6d5-4bd7-8990-c5d97e13af54,bot_t2,1787076008.8877141,1787076009.7654994,C:\Users\har20\OneDrive\Desktop\project 1\code\quic-pqtls-bot-detection\capture\pcap_store\c66b1fae-5b87-4720-817d-a97d71435aac.pcap
3e685851-be2c-49f7-bd54-77f4ee896cf4,36c13f72-f6d5-4bd7-8990-c5d97e13af54,bot_t2,1787076011.202944,1787076012.0594478,C:\Users\har20\OneDrive\Desktop\project 1\code\quic-pqtls-bot-detection\capture\pcap_store\3e685851-be2c-49f7-bd54-77f4ee896cf4.pcap
cf461be6-f296-4f1f-b057-a08e7a62ffa3,36c13f72-f6d5-4bd7-8990-c5d97e13af54,bot_t2,1787076013.5351508,1787076014.3834271,C:\Users\har20\OneDrive\Desktop\project 1\code\quic-pqtls-bot-detection\capture\pcap_store\cf461be6-f296-4f1f-b057-a08e7a62ffa3.pcap
a07a34c0-fa1d-4024-a9a6-3a07f86128b0,2a51da59-6638-4ee3-981d-f58acceec603,bot_t2,1787076015.8477387,1787076016.704601,C:\Users\har20\OneDrive\Desktop\project 1\code\quic-pqtls-bot-detection\capture\pcap_store\a07a34c0-fa1d-4024-a9a6-3a07f86128b0.pcap
faf76623-fcd1-4e0a-bde4-209a34737d9f,2a51da59-6638-4ee3-981d-f58acceec603,bot_t2,1787076018.2250476,1787076019.0499666,C:\Users\har20\OneDrive\Desktop\project 1\code\quic-pqtls-bot-detection\capture\pcap_store\faf76623-fcd1-4e0a-bde4-209a34737d9f.pcap
6d6f56e1-ecfa-4775-a09c-252c325c6472,2a51da59-6638-4ee3-981d-f58acceec603,bot_t2,1787076020.4452884,1787076021.2830746,C:\Users\har20\OneDrive\Desktop\project 1\code\quic-pqtls-bot-detection\capture\pcap_store\6d6f56e1-ecfa-4775-a09c-252c325c6472.pcap
253bf61c-1948-4b49-99f1-166a8dead60f,2a51da59-6638-4ee3-981d-f58acceec603,bot_t2,1787076022.7739067,1787076023.6400323,C:\Users\har20\OneDrive\Desktop\project 1\code\quic-pqtls-bot-detection\capture\pcap_store\253bf61c-1948-4b49-99f1-166a8dead60f.pcap
959b5916-525a-469b-be5c-025a383601ef,2a51da59-6638-4ee3-981d-f58acceec603,bot_t2,1787076024.9908128,1787076025.8117778,C:\Users\har20\OneDrive\Desktop\project 1\code\quic-pqtls-bot-detection\capture\pcap_store\959b5916-525a-469b-be5c-025a383601ef.pcap
11b065a2-41b9-4fe9-b0f8-6be92c70378f,1605942e-974e-4007-ae84-89854f93c762,bot_t2,1787076027.0910366,1787076027.9389293,C:\Users\har20\OneDrive\Desktop\project 1\code\quic-pqtls-bot-detection\capture\pcap_store\11b065a2-41b9-4fe9-b0f8-6be92c70378f.pcap
945ec1ea-f708-40fc-8814-97340f944823,1605942e-974e-4007-ae84-89854f93c762,bot_t2,1787076029.1926486,1787076030.0454643,C:\Users\har20\OneDrive\Desktop\project 1\code\quic-pqtls-bot-detection\capture\pcap_store\945ec1ea-f708-40fc-8814-97340f944823.pcap
07ef188d-d608-4388-9563-6d0778b1739e,1605942e-974e-4007-ae84-89854f93c762,bot_t2,1787076031.214176,1787076032.059743,C:\Users\har20\OneDrive\Desktop\project 1\code\quic-pqtls-bot-detection\capture\pcap_store\07ef188d-d608-4388-9563-6d0778b1739e.pcap
2dcb6846-9575-4280-b307-750568d2cfee,1605942e-974e-4007-ae84-89854f93c762,bot_t2,1787076033.2007737,1787076034.083288,C:\Users\har20\OneDrive\Desktop\project 1\code\quic-pqtls-bot-detection\capture\pcap_store\2dcb6846-9575-4280-b307-750568d2cfee.pcap
9d94dff4-6d53-4323-8597-75512c813fd7,1605942e-974e-4007-ae84-89854f93c762,bot_t2,1787076035.2271757,1787076036.0253863,C:\Users\har20\OneDrive\Desktop\project 1\code\quic-pqtls-bot-detection\capture\pcap_store\9d94dff4-6d53-4323-8597-75512c813fd7.pcap
77b27977-dc78-49af-aa70-dbd5649d9722,eeec5511-e070-4f23-9088-c21e258e72bc,bot_t2,1787076037.170521,1787076038.0083756,C:\Users\har20\OneDrive\Desktop\project 1\code\quic-pqtls-bot-detection\capture\pcap_store\77b27977-dc78-49af-aa70-dbd5649d9722.pcap
a0560008-f4b1-49c9-9f55-10c351ae4036,eeec5511-e070-4f23-9088-c21e258e72bc,bot_t2,1787076039.1502557,1787076039.9653983,C:\Users\har20\OneDrive\Desktop\project 1\code\quic-pqtls-bot-detection\capture\pcap_store\a0560008-f4b1-49c9-9f55-10c351ae4036.pcap
8f6093d7-0649-47fd-8d7d-521741101205,eeec5511-e070-4f23-9088-c21e258e72bc,bot_t2,1787076041.1092427,1787076041.947488,C:\Users\har20\OneDrive\Desktop\project 1\code\quic-pqtls-bot-detection\capture\pcap_store\8f6093d7-0649-47fd-8d7d-521741101205.pcap
38c1cebc-9886-49ca-abd8-92429c629b16,eeec5511-e070-4f23-9088-c21e258e72bc,bot_t2,1787076043.1083038,1787076043.9159071,C:\Users\har20\OneDrive\Desktop\project 1\code\quic-pqtls-bot-detection\capture\pcap_store\38c1cebc-9886-49ca-abd8-92429c629b16.pcap
f446c913-423f-4cfb-85d9-64d298702d10,b8ebbaf2-e4f5-402a-9f4d-c4c848b26c0e,bot_t2,1787076045.0491428,1787076045.895691,C:\Users\har20\OneDrive\Desktop\project 1\code\quic-pqtls-bot-detection\capture\pcap_store\f446c913-423f-4cfb-85d9-64d298702d10.pcap
ff8dadae-f5f2-4022-b125-a46c46b2954e,b8ebbaf2-e4f5-402a-9f4d-c4c848b26c0e,bot_t2,1787076047.0543745,1787076047.870363,C:\Users\har20\OneDrive\Desktop\project 1\code\quic-pqtls-bot-detection\capture\pcap_store\ff8dadae-f5f2-4022-b125-a46c46b2954e.pcap
9d14e1bf-f122-4eda-ab5a-5ba0ad64fc4f,b8ebbaf2-e4f5-402a-9f4d-c4c848b26c0e,bot_t2,1787076049.0214934,1787076049.8287225,C:\Users\har20\OneDrive\Desktop\project 1\code\quic-pqtls-bot-detection\capture\pcap_store\9d14e1bf-f122-4eda-ab5a-5ba0ad64fc4f.pcap
d7237add-2cf4-4c5b-ae16-f31e303c04c4,ff2013a0-02b4-46ce-8ef4-0831a4e09a5f,bot_t2,1787076050.9776363,1787076051.7993577,C:\Users\har20\OneDrive\Desktop\project 1\code\quic-pqtls-bot-detection\capture\pcap_store\d7237add-2cf4-4c5b-ae16-f31e303c04c4.pcap
31044fc3-2a16-41b6-8b16-adf686202e6f,ff2013a0-02b4-46ce-8ef4-0831a4e09a5f,bot_t2,1787076052.9377656,1787076053.797279,C:\Users\har20\OneDrive\Desktop\project 1\code\quic-pqtls-bot-detection\capture\pcap_store\31044fc3-2a16-41b6-8b16-adf686202e6f.pcap
7e8f461e-14af-4094-9269-eb5067030285,ff2013a0-02b4-46ce-8ef4-0831a4e09a5f,bot_t2,1787076054.9571376,1787076055.7933724,C:\Users\har20\OneDrive\Desktop\project 1\code\quic-pqtls-bot-detection\capture\pcap_store\7e8f461e-14af-4094-9269-eb5067030285.pcap
e2ef0166-f5a6-49c5-80e3-2ffafcc7c7b6,ff2013a0-02b4-46ce-8ef4-0831a4e09a5f,bot_t2,1787076057.009923,1787076057.889695,C:\Users\har20\OneDrive\Desktop\project 1\code\quic-pqtls-bot-detection\capture\pcap_store\e2ef0166-f5a6-49c5-80e3-2ffafcc7c7b6.pcap
291b37b5-2665-463d-9dee-aa3d372d18a1,ff2013a0-02b4-46ce-8ef4-0831a4e09a5f,bot_t2,1787076059.3538744,1787076060.2470055,C:\Users\har20\OneDrive\Desktop\project 1\code\quic-pqtls-bot-detection\capture\pcap_store\291b37b5-2665-463d-9dee-aa3d372d18a1.pcap
bd3ab4ac-b998-4872-937a-743baeb20883,0574e187-26f0-449b-a2b6-1fb8909530bd,bot_t2,1787076061.687889,1787076062.533302,C:\Users\har20\OneDrive\Desktop\project 1\code\quic-pqtls-bot-detection\capture\pcap_store\bd3ab4ac-b998-4872-937a-743baeb20883.pcap
de2b4315-214f-497f-b79a-93794f0aab09,0574e187-26f0-449b-a2b6-1fb8909530bd,bot_t2,1787076063.9530087,1787076064.800116,C:\Users\har20\OneDrive\Desktop\project 1\code\quic-pqtls-bot-detection\capture\pcap_store\de2b4315-214f-497f-b79a-93794f0aab09.pcap
1a3744cd-5dd8-4e03-b0e2-df85cabec988,0574e187-26f0-449b-a2b6-1fb8909530bd,bot_t2,1787076066.2359538,1787076067.116483,C:\Users\har20\OneDrive\Desktop\project 1\code\quic-pqtls-bot-detection\capture\pcap_store\1a3744cd-5dd8-4e03-b0e2-df85cabec988.pcap
d298b541-3442-48c5-8520-e6a60f695b3b,6fc436ed-c258-4d5e-b857-39bfa7f6c2d6,bot_t2,1787076068.6551127,1787076069.4920251,C:\Users\har20\OneDrive\Desktop\project 1\code\quic-pqtls-bot-detection\capture\pcap_store\d298b541-3442-48c5-8520-e6a60f695b3b.pcap
7770cd03-52d0-4ff7-b7fd-2498f4f4dc84,6fc436ed-c258-4d5e-b857-39bfa7f6c2d6,bot_t2,1787076070.934478,1787076071.7956038,C:\Users\har20\OneDrive\Desktop\project 1\code\quic-pqtls-bot-detection\capture\pcap_store\7770cd03-52d0-4ff7-b7fd-2498f4f4dc84.pcap
44615617-7378-4a3a-8d47-1ccaa5a9f539,6fc436ed-c258-4d5e-b857-39bfa7f6c2d6,bot_t2,1787076073.3509607,1787076074.1818414,C:\Users\har20\OneDrive\Desktop\project 1\code\quic-pqtls-bot-detection\capture\pcap_store\44615617-7378-4a3a-8d47-1ccaa5a9f539.pcap
e7889aab-c12b-479c-8e41-a68dfa7970c5,6fc436ed-c258-4d5e-b857-39bfa7f6c2d6,bot_t2,1787076075.7557783,1787076076.5940914,C:\Users\har20\OneDrive\Desktop\project 1\code\quic-pqtls-bot-detection\capture\pcap_store\e7889aab-c12b-479c-8e41-a68dfa7970c5.pcap
c1ed7b7e-c671-4c60-b619-453108019773,a8a50ee8-828b-48d4-9eb3-40c89a801c0c,bot_t2,1787076078.0492992,1787076078.8809292,C:\Users\har20\OneDrive\Desktop\project 1\code\quic-pqtls-bot-detection\capture\pcap_store\c1ed7b7e-c671-4c60-b619-453108019773.pcap
bc2296e7-ad15-4053-827e-8bac5288e28b,a8a50ee8-828b-48d4-9eb3-40c89a801c0c,bot_t2,1787076080.338021,1787076081.2113943,C:\Users\har20\OneDrive\Desktop\project 1\code\quic-pqtls-bot-detection\capture\pcap_store\bc2296e7-ad15-4053-827e-8bac5288e28b.pcap
806b8bf9-9c18-4ada-8fac-be88f5aa8059,a8a50ee8-828b-48d4-9eb3-40c89a801c0c,bot_t2,1787076082.675761,1787076083.4925282,C:\Users\har20\OneDrive\Desktop\project 1\code\quic-pqtls-bot-detection\capture\pcap_store\806b8bf9-9c18-4ada-8fac-be88f5aa8059.pcap
2b27184c-9ae6-4d9b-a8a4-b0dfbe156dd0,a8a50ee8-828b-48d4-9eb3-40c89a801c0c,bot_t2,1787076084.9362955,1787076085.7787664,C:\Users\har20\OneDrive\Desktop\project 1\code\quic-pqtls-bot-detection\capture\pcap_store\2b27184c-9ae6-4d9b-a8a4-b0dfbe156dd0.pcap
b85a0342-bf19-4b86-9b81-9b97694a7763,a8a50ee8-828b-48d4-9eb3-40c89a801c0c,bot_t2,1787076087.2516134,1787076088.1669946,C:\Users\har20\OneDrive\Desktop\project 1\code\quic-pqtls-bot-detection\capture\pcap_store\b85a0342-bf19-4b86-9b81-9b97694a7763.pcap
08504c9b-a915-4db1-8618-00b36fbe0022,1d3ec2a3-97bb-47c3-a89b-f34152793546,bot_t2,1787076089.616467,1787076090.4709592,C:\Users\har20\OneDrive\Desktop\project 1\code\quic-pqtls-bot-detection\capture\pcap_store\08504c9b-a915-4db1-8618-00b36fbe0022.pcap
447e16a4-74d6-40bc-a4a0-657ba18ee5cb,1d3ec2a3-97bb-47c3-a89b-f34152793546,bot_t2,1787076091.9166698,1787076092.787769,C:\Users\har20\OneDrive\Desktop\project 1\code\quic-pqtls-bot-detection\capture\pcap_store\447e16a4-74d6-40bc-a4a0-657ba18ee5cb.pcap
0467f747-73fc-48f8-a495-4c880db0f4eb,1d3ec2a3-97bb-47c3-a89b-f34152793546,bot_t2,1787076094.2318835,1787076095.050928,C:\Users\har20\OneDrive\Desktop\project 1\code\quic-pqtls-bot-detection\capture\pcap_store\0467f747-73fc-48f8-a495-4c880db0f4eb.pcap
a2b2561b-f1cf-411e-81bf-b8a85eb549b1,1d3ec2a3-97bb-47c3-a89b-f34152793546,bot_t2,1787076096.5082855,1787076097.3929987,C:\Users\har20\OneDrive\Desktop\project 1\code\quic-pqtls-bot-detection\capture\pcap_store\a2b2561b-f1cf-411e-81bf-b8a85eb549b1.pcap
a89fa421-79d9-4b14-b0ee-51b108a53a96,f2ead6a0-23b3-44e2-87c6-d77c2697d3fe,bot_t2,1787076098.8356771,1787076099.7387664,C:\Users\har20\OneDrive\Desktop\project 1\code\quic-pqtls-bot-detection\capture\pcap_store\a89fa421-79d9-4b14-b0ee-51b108a53a96.pcap
12f8687b-3304-436c-af11-39b579b55f48,f2ead6a0-23b3-44e2-87c6-d77c2697d3fe,bot_t2,1787076101.1739147,1787076102.0045671,C:\Users\har20\OneDrive\Desktop\project 1\code\quic-pqtls-bot-detection\capture\pcap_store\12f8687b-3304-436c-af11-39b579b55f48.pcap
1f53f926-4675-474e-9eee-fd1fb8c9774d,f2ead6a0-23b3-44e2-87c6-d77c2697d3fe,bot_t2,1787076103.4629858,1787076104.2711625,C:\Users\har20\OneDrive\Desktop\project 1\code\quic-pqtls-bot-detection\capture\pcap_store\1f53f926-4675-474e-9eee-fd1fb8c9774d.pcap
9afdd15d-07d4-4a61-97e1-2fd2d3a03eb2,e9ca08e1-d147-4766-a472-d79cc6165dc7,bot_t2,1787076105.7583067,1787076106.5868592,C:\Users\har20\OneDrive\Desktop\project 1\code\quic-pqtls-bot-detection\capture\pcap_store\9afdd15d-07d4-4a61-97e1-2fd2d3a03eb2.pcap
fb82cc5c-fabf-4850-b644-a1d9b56503cc,e9ca08e1-d147-4766-a472-d79cc6165dc7,bot_t2,1787076108.0507867,1787076108.937416,C:\Users\har20\OneDrive\Desktop\project 1\code\quic-pqtls-bot-detection\capture\pcap_store\fb82cc5c-fabf-4850-b644-a1d9b56503cc.pcap
35122911-d28e-496e-8efe-b9fb40862969,e9ca08e1-d147-4766-a472-d79cc6165dc7,bot_t2,1787076110.285326,1787076111.1467307,C:\Users\har20\OneDrive\Desktop\project 1\code\quic-pqtls-bot-detection\capture\pcap_store\35122911-d28e-496e-8efe-b9fb40862969.pcap
54cc4790-802d-4663-9ae5-e64f98386ce8,a3652928-15f7-450f-a7e4-e5d9ed17c8c8,bot_t2,1787076112.531363,1787076113.4154897,C:\Users\har20\OneDrive\Desktop\project 1\code\quic-pqtls-bot-detection\capture\pcap_store\54cc4790-802d-4663-9ae5-e64f98386ce8.pcap
2bdc958d-27b2-4902-bb3a-b7d1bf55048a,a3652928-15f7-450f-a7e4-e5d9ed17c8c8,bot_t2,1787076114.965287,1787076115.762641,C:\Users\har20\OneDrive\Desktop\project 1\code\quic-pqtls-bot-detection\capture\pcap_store\2bdc958d-27b2-4902-bb3a-b7d1bf55048a.pcap
e8855a17-2b9a-44a1-aede-b1ca03f51e35,a3652928-15f7-450f-a7e4-e5d9ed17c8c8,bot_t2,1787076117.2111697,1787076118.1118252,C:\Users\har20\OneDrive\Desktop\project 1\code\quic-pqtls-bot-detection\capture\pcap_store\e8855a17-2b9a-44a1-aede-b1ca03f51e35.pcap
dee31090-792f-4c25-8fa2-140db8c9e5eb,62fc0bc0-cc41-4997-8f6c-6104775800e2,bot_t2,1787076119.5356665,1787076120.3641038,C:\Users\har20\OneDrive\Desktop\project 1\code\quic-pqtls-bot-detection\capture\pcap_store\dee31090-792f-4c25-8fa2-140db8c9e5eb.pcap
b4ecd522-51be-4874-9633-0cbf1166361f,62fc0bc0-cc41-4997-8f6c-6104775800e2,bot_t2,1787076121.8080854,1787076122.6705174,C:\Users\har20\OneDrive\Desktop\project 1\code\quic-pqtls-bot-detection\capture\pcap_store\b4ecd522-51be-4874-9633-0cbf1166361f.pcap
282ed729-f24a-4922-93ab-ca5a4239fa32,62fc0bc0-cc41-4997-8f6c-6104775800e2,bot_t2,1787076124.092128,1787076124.9894648,C:\Users\har20\OneDrive\Desktop\project 1\code\quic-pqtls-bot-detection\capture\pcap_store\282ed729-f24a-4922-93ab-ca5a4239fa32.pcap
21448c72-02ee-48c9-8072-8bc1018d1f04,62fc0bc0-cc41-4997-8f6c-6104775800e2,bot_t2,1787076126.430538,1787076127.3227758,C:\Users\har20\OneDrive\Desktop\project 1\code\quic-pqtls-bot-detection\capture\pcap_store\21448c72-02ee-48c9-8072-8bc1018d1f04.pcap
bffbc2bc-ab2b-412f-8bce-ab635ed41e2f,477667e8-1622-4e69-9c02-c58c56b9bf5a,bot_t2,1787076128.7598643,1787076129.5961325,C:\Users\har20\OneDrive\Desktop\project 1\code\quic-pqtls-bot-detection\capture\pcap_store\bffbc2bc-ab2b-412f-8bce-ab635ed41e2f.pcap
e65b49a0-117d-4ff7-af07-35bfb59cd6d9,477667e8-1622-4e69-9c02-c58c56b9bf5a,bot_t2,1787076131.0438292,1787076131.9361608,C:\Users\har20\OneDrive\Desktop\project 1\code\quic-pqtls-bot-detection\capture\pcap_store\e65b49a0-117d-4ff7-af07-35bfb59cd6d9.pcap
84eaa3f6-9590-4e15-8666-7d437522382d,477667e8-1622-4e69-9c02-c58c56b9bf5a,bot_t2,1787076133.379714,1787076134.2168622,C:\Users\har20\OneDrive\Desktop\project 1\code\quic-pqtls-bot-detection\capture\pcap_store\84eaa3f6-9590-4e15-8666-7d437522382d.pcap
85a4651c-dac2-40d1-a7d8-174435c99da3,477667e8-1622-4e69-9c02-c58c56b9bf5a,bot_t2,1787076135.6357212,1787076136.4718947,C:\Users\har20\OneDrive\Desktop\project 1\code\quic-pqtls-bot-detection\capture\pcap_store\85a4651c-dac2-40d1-a7d8-174435c99da3.pcap
1e810b57-512d-4d45-98b8-28e5bd0324a6,2081138e-fc99-4eea-afef-f5f1a646e7d1,bot_t2,1787076137.922726,1787076138.761113,C:\Users\har20\OneDrive\Desktop\project 1\code\quic-pqtls-bot-detection\capture\pcap_store\1e810b57-512d-4d45-98b8-28e5bd0324a6.pcap
f250996e-b6af-46ad-a087-8d6073c9c4a4,2081138e-fc99-4eea-afef-f5f1a646e7d1,bot_t2,1787076140.307755,1787076141.1759264,C:\Users\har20\OneDrive\Desktop\project 1\code\quic-pqtls-bot-detection\capture\pcap_store\f250996e-b6af-46ad-a087-8d6073c9c4a4.pcap
5933a160-9de8-4b7e-968d-5c10d9a7e188,2081138e-fc99-4eea-afef-f5f1a646e7d1,bot_t2,1787076142.6749575,1787076143.5268147,C:\Users\har20\OneDrive\Desktop\project 1\code\quic-pqtls-bot-detection\capture\pcap_store\5933a160-9de8-4b7e-968d-5c10d9a7e188.pcap
17c6bd0f-52b7-4b59-81ea-d6c4f35ab968,2081138e-fc99-4eea-afef-f5f1a646e7d1,bot_t2,1787076144.883421,1787076145.74405,C:\Users\har20\OneDrive\Desktop\project 1\code\quic-pqtls-bot-detection\capture\pcap_store\17c6bd0f-52b7-4b59-81ea-d6c4f35ab968.pcap
c04345a9-cff5-461f-a4cb-34eb92634af6,2081138e-fc99-4eea-afef-f5f1a646e7d1,bot_t2,1787076147.199798,1787076148.0644841,C:\Users\har20\OneDrive\Desktop\project 1\code\quic-pqtls-bot-detection\capture\pcap_store\c04345a9-cff5-461f-a4cb-34eb92634af6.pcap
69ef222f-8f7c-47a8-b6cc-f26cc3dce08c,fdf15cb1-c64e-44fa-8a20-6c2fb095fc1d,bot_t2,1787076149.5344799,1787076150.3764234,C:\Users\har20\OneDrive\Desktop\project 1\code\quic-pqtls-bot-detection\capture\pcap_store\69ef222f-8f7c-47a8-b6cc-f26cc3dce08c.pcap
503f5a9a-790b-4917-a772-3cf86ab7b5d6,fdf15cb1-c64e-44fa-8a20-6c2fb095fc1d,bot_t2,1787076151.9102156,1787076152.7628458,C:\Users\har20\OneDrive\Desktop\project 1\code\quic-pqtls-bot-detection\capture\pcap_store\503f5a9a-790b-4917-a772-3cf86ab7b5d6.pcap
7e986d30-0db6-4cf5-8005-d5a92c499dab,fdf15cb1-c64e-44fa-8a20-6c2fb095fc1d,bot_t2,1787076154.2127268,1787076155.0829327,C:\Users\har20\OneDrive\Desktop\project 1\code\quic-pqtls-bot-detection\capture\pcap_store\7e986d30-0db6-4cf5-8005-d5a92c499dab.pcap
9152cfcb-8eb8-48b9-9581-4a416102caa7,92d757d2-96de-4e03-ae99-a6989a415379,bot_t2,1787076156.4902372,1787076157.3265495,C:\Users\har20\OneDrive\Desktop\project 1\code\quic-pqtls-bot-detection\capture\pcap_store\9152cfcb-8eb8-48b9-9581-4a416102caa7.pcap
39c436d8-96e8-4546-b796-2f12a5fbee97,92d757d2-96de-4e03-ae99-a6989a415379,bot_t2,1787076158.7688165,1787076159.6012077,C:\Users\har20\OneDrive\Desktop\project 1\code\quic-pqtls-bot-detection\capture\pcap_store\39c436d8-96e8-4546-b796-2f12a5fbee97.pcap
2f4ac124-d7a7-4418-a10d-aef52a863fd3,92d757d2-96de-4e03-ae99-a6989a415379,bot_t2,1787076160.9991024,1787076161.869932,C:\Users\har20\OneDrive\Desktop\project 1\code\quic-pqtls-bot-detection\capture\pcap_store\2f4ac124-d7a7-4418-a10d-aef52a863fd3.pcap
c168dc0e-66e7-4d5e-9874-1a2463976daa,92d757d2-96de-4e03-ae99-a6989a415379,bot_t2,1787076163.3239155,1787076164.1499648,C:\Users\har20\OneDrive\Desktop\project 1\code\quic-pqtls-bot-detection\capture\pcap_store\c168dc0e-66e7-4d5e-9874-1a2463976daa.pcap
a403fc1e-9fc6-419e-b8d8-0b62f5f386a7,92d757d2-96de-4e03-ae99-a6989a415379,bot_t2,1787076165.593265,1787076166.4171588,C:\Users\har20\OneDrive\Desktop\project 1\code\quic-pqtls-bot-detection\capture\pcap_store\a403fc1e-9fc6-419e-b8d8-0b62f5f386a7.pcap
947f4da5-c9eb-447b-af18-2ad12d758b44,ffebcde4-27e1-4409-839a-c26a7893dbdd,bot_t2,1787076167.798529,1787076168.6733577,C:\Users\har20\OneDrive\Desktop\project 1\code\quic-pqtls-bot-detection\capture\pcap_store\947f4da5-c9eb-447b-af18-2ad12d758b44.pcap
8e54e2e1-4527-420b-926a-57ea940996e2,ffebcde4-27e1-4409-839a-c26a7893dbdd,bot_t2,1787076170.103513,1787076170.9469895,C:\Users\har20\OneDrive\Desktop\project 1\code\quic-pqtls-bot-detection\capture\pcap_store\8e54e2e1-4527-420b-926a-57ea940996e2.pcap
17cb0f44-7173-4069-9022-8a5e0347bf1e,ffebcde4-27e1-4409-839a-c26a7893dbdd,bot_t2,1787076172.3523445,1787076173.2020683,C:\Users\har20\OneDrive\Desktop\project 1\code\quic-pqtls-bot-detection\capture\pcap_store\17cb0f44-7173-4069-9022-8a5e0347bf1e.pcap
78dc33bf-8426-48fd-83dc-d5028b0fa681,e714e43c-f119-4621-9a51-9cd424b24c88,bot_t2,1787076174.6720817,1787076175.5125422,C:\Users\har20\OneDrive\Desktop\project 1\code\quic-pqtls-bot-detection\capture\pcap_store\78dc33bf-8426-48fd-83dc-d5028b0fa681.pcap
ae41c177-c83a-455b-ba41-cd13c99a0471,e714e43c-f119-4621-9a51-9cd424b24c88,bot_t2,1787076176.9493506,1787076177.827304,C:\Users\har20\OneDrive\Desktop\project 1\code\quic-pqtls-bot-detection\capture\pcap_store\ae41c177-c83a-455b-ba41-cd13c99a0471.pcap
47b6c427-1b9f-4aa9-b4c1-2b2295522c6b,e714e43c-f119-4621-9a51-9cd424b24c88,bot_t2,1787076179.288362,1787076180.1895442,C:\Users\har20\OneDrive\Desktop\project 1\code\quic-pqtls-bot-detection\capture\pcap_store\47b6c427-1b9f-4aa9-b4c1-2b2295522c6b.pcap
e1a62197-a939-4da0-89fa-3ba1ada25e67,e714e43c-f119-4621-9a51-9cd424b24c88,bot_t2,1787076181.6190202,1787076182.4610503,C:\Users\har20\OneDrive\Desktop\project 1\code\quic-pqtls-bot-detection\capture\pcap_store\e1a62197-a939-4da0-89fa-3ba1ada25e67.pcap
59f94fb2-2a02-4b5c-a7d4-bafb2e410063,997ec65f-4370-4834-b799-1f98bb8ecaa4,bot_t2,1787076183.900189,1787076184.6955545,C:\Users\har20\OneDrive\Desktop\project 1\code\quic-pqtls-bot-detection\capture\pcap_store\59f94fb2-2a02-4b5c-a7d4-bafb2e410063.pcap
d5f3c04a-3639-4ae8-8f27-3b37035825cb,997ec65f-4370-4834-b799-1f98bb8ecaa4,bot_t2,1787076186.145834,1787076186.9467368,C:\Users\har20\OneDrive\Desktop\project 1\code\quic-pqtls-bot-detection\capture\pcap_store\d5f3c04a-3639-4ae8-8f27-3b37035825cb.pcap
6c1025a8-a4b8-4708-bbfe-5c064dbdda1b,997ec65f-4370-4834-b799-1f98bb8ecaa4,bot_t2,1787076188.3784268,1787076189.2376556,C:\Users\har20\OneDrive\Desktop\project 1\code\quic-pqtls-bot-detection\capture\pcap_store\6c1025a8-a4b8-4708-bbfe-5c064dbdda1b.pcap
004f995c-836b-4029-954d-7cede646a483,997ec65f-4370-4834-b799-1f98bb8ecaa4,bot_t2,1787076190.7447882,1787076191.5652993,C:\Users\har20\OneDrive\Desktop\project 1\code\quic-pqtls-bot-detection\capture\pcap_store\004f995c-836b-4029-954d-7cede646a483.pcap
7ff14153-4161-4d0b-9891-0a07c57fad7a,3f264fa5-f224-4701-8a12-65b442523a38,bot_t2,1787076193.1090677,1787076193.9509258,C:\Users\har20\OneDrive\Desktop\project 1\code\quic-pqtls-bot-detection\capture\pcap_store\7ff14153-4161-4d0b-9891-0a07c57fad7a.pcap
f2ed8dfb-d77a-4284-9fd3-98995af83814,3f264fa5-f224-4701-8a12-65b442523a38,bot_t2,1787076195.346268,1787076196.189525,C:\Users\har20\OneDrive\Desktop\project 1\code\quic-pqtls-bot-detection\capture\pcap_store\f2ed8dfb-d77a-4284-9fd3-98995af83814.pcap
33357904-409f-41a3-8471-72d74daca88e,3f264fa5-f224-4701-8a12-65b442523a38,bot_t2,1787076197.6471639,1787076198.5438316,C:\Users\har20\OneDrive\Desktop\project 1\code\quic-pqtls-bot-detection\capture\pcap_store\33357904-409f-41a3-8471-72d74daca88e.pcap
a2fe6228-314e-4823-ac01-26f622c73176,3f264fa5-f224-4701-8a12-65b442523a38,bot_t2,1787076199.9335847,1787076200.7822163,C:\Users\har20\OneDrive\Desktop\project 1\code\quic-pqtls-bot-detection\capture\pcap_store\a2fe6228-314e-4823-ac01-26f622c73176.pcap
74d9c256-c6bf-456f-afe6-6cd0ba5514c6,3f264fa5-f224-4701-8a12-65b442523a38,bot_t2,1787076202.6715271,1787076203.608767,C:\Users\har20\OneDrive\Desktop\project 1\code\quic-pqtls-bot-detection\capture\pcap_store\74d9c256-c6bf-456f-afe6-6cd0ba5514c6.pcap
e0d4941d-514a-4e90-8ece-f8a5934fc3df,7f843995-23bf-4f5c-87ca-ce1c22259142,bot_t2,1787076205.1160035,1787076205.9918272,C:\Users\har20\OneDrive\Desktop\project 1\code\quic-pqtls-bot-detection\capture\pcap_store\e0d4941d-514a-4e90-8ece-f8a5934fc3df.pcap
edcabfda-029d-4938-a4df-221f33be8709,7f843995-23bf-4f5c-87ca-ce1c22259142,bot_t2,1787078463.541337,1787078464.4044302,C:\Users\har20\OneDrive\Desktop\project 1\code\quic-pqtls-bot-detection\capture\pcap_store\edcabfda-029d-4938-a4df-221f33be8709.pcap
44012ce8-b73b-47c0-903f-9bea75c89b56,7f843995-23bf-4f5c-87ca-ce1c22259142,bot_t2,1787078800.2277365,1787078801.0788236,C:\Users\har20\OneDrive\Desktop\project 1\code\quic-pqtls-bot-detection\capture\pcap_store\44012ce8-b73b-47c0-903f-9bea75c89b56.pcap
e0ba3603-1c03-43d8-9fd6-ac5a5fe6d06c,7f843995-23bf-4f5c-87ca-ce1c22259142,bot_t2,1787078802.3333378,1787078803.1689453,C:\Users\har20\OneDrive\Desktop\project 1\code\quic-pqtls-bot-detection\capture\pcap_store\e0ba3603-1c03-43d8-9fd6-ac5a5fe6d06c.pcap
2c85e3ad-1f02-41f2-a475-cd39bd238a0c,cf50597c-e8d6-4559-bec2-cc276f9d277e,bot_t2,1787078804.4242752,1787078805.2686005,C:\Users\har20\OneDrive\Desktop\project 1\code\quic-pqtls-bot-detection\capture\pcap_store\2c85e3ad-1f02-41f2-a475-cd39bd238a0c.pcap
0f997825-6e9b-4487-853a-697e39bb23bd,cf50597c-e8d6-4559-bec2-cc276f9d277e,bot_t2,1787078806.4346526,1787078807.2957401,C:\Users\har20\OneDrive\Desktop\project 1\code\quic-pqtls-bot-detection\capture\pcap_store\0f997825-6e9b-4487-853a-697e39bb23bd.pcap
f6d1edcd-f76f-41e7-85f4-148d52717f87,cf50597c-e8d6-4559-bec2-cc276f9d277e,bot_t2,1787078808.4946954,1787078809.3699076,C:\Users\har20\OneDrive\Desktop\project 1\code\quic-pqtls-bot-detection\capture\pcap_store\f6d1edcd-f76f-41e7-85f4-148d52717f87.pcap
81558dd4-4ec8-40c4-8b4a-13d905b3d1cb,366dbb61-efb1-4d66-8837-2b88da77a2b7,bot_t2,1787078810.5210142,1787078811.309438,C:\Users\har20\OneDrive\Desktop\project 1\code\quic-pqtls-bot-detection\capture\pcap_store\81558dd4-4ec8-40c4-8b4a-13d905b3d1cb.pcap
66d93011-516b-4ad0-a7fc-44d3b604cc0c,366dbb61-efb1-4d66-8837-2b88da77a2b7,bot_t2,1787078812.5400515,1787078813.3544197,C:\Users\har20\OneDrive\Desktop\project 1\code\quic-pqtls-bot-detection\capture\pcap_store\66d93011-516b-4ad0-a7fc-44d3b604cc0c.pcap
7ceac16c-75a7-4d6e-89f5-6d8e54bc40d5,366dbb61-efb1-4d66-8837-2b88da77a2b7,bot_t2,1787078814.7792225,1787078815.5969913,C:\Users\har20\OneDrive\Desktop\project 1\code\quic-pqtls-bot-detection\capture\pcap_store\7ceac16c-75a7-4d6e-89f5-6d8e54bc40d5.pcap
1e58d884-2df7-4004-ad30-19cb68a4215a,cef26ef3-07d2-4dcb-b2c0-9f954d39da9c,bot_t2,1787078817.0395646,1787078817.848417,C:\Users\har20\OneDrive\Desktop\project 1\code\quic-pqtls-bot-detection\capture\pcap_store\1e58d884-2df7-4004-ad30-19cb68a4215a.pcap
e12548ec-6c6d-447c-abd0-09ca4f921de2,cef26ef3-07d2-4dcb-b2c0-9f954d39da9c,bot_t2,1787078819.2496996,1787078820.0692563,C:\Users\har20\OneDrive\Desktop\project 1\code\quic-pqtls-bot-detection\capture\pcap_store\e12548ec-6c6d-447c-abd0-09ca4f921de2.pcap
d634ce46-c460-445b-8cbb-6bc4eb296197,cef26ef3-07d2-4dcb-b2c0-9f954d39da9c,bot_t2,1787078821.2073472,1787078822.024543,C:\Users\har20\OneDrive\Desktop\project 1\code\quic-pqtls-bot-detection\capture\pcap_store\d634ce46-c460-445b-8cbb-6bc4eb296197.pcap
3bbe8d1b-214c-4c2b-be56-bb0a937ad9db,f14e545f-4c87-4756-a6a4-36950f183984,bot_t2,1787078823.7065644,1787078824.5614307,C:\Users\har20\OneDrive\Desktop\project 1\code\quic-pqtls-bot-detection\capture\pcap_store\3bbe8d1b-214c-4c2b-be56-bb0a937ad9db.pcap
eaa0517b-c244-4503-bda2-1e6fe8687468,f14e545f-4c87-4756-a6a4-36950f183984,bot_t2,1787078825.9389374,1787078826.7952027,C:\Users\har20\OneDrive\Desktop\project 1\code\quic-pqtls-bot-detection\capture\pcap_store\eaa0517b-c244-4503-bda2-1e6fe8687468.pcap
5f480c6b-7356-4c91-b10c-53abe2a1478e,f14e545f-4c87-4756-a6a4-36950f183984,bot_t2,1787078828.294799,1787078829.1358259,C:\Users\har20\OneDrive\Desktop\project 1\code\quic-pqtls-bot-detection\capture\pcap_store\5f480c6b-7356-4c91-b10c-53abe2a1478e.pcap
534e632f-3ed1-4291-be8b-84352ad7d46c,f14e545f-4c87-4756-a6a4-36950f183984,bot_t2,1787078830.3847113,1787078831.225605,C:\Users\har20\OneDrive\Desktop\project 1\code\quic-pqtls-bot-detection\capture\pcap_store\534e632f-3ed1-4291-be8b-84352ad7d46c.pcap
ae038e25-fea5-43a7-a4d6-2d1c7f5b18a8,707fae39-c386-406e-a125-a99345fc862f,bot_t2,1787078832.4239156,1787078833.259974,C:\Users\har20\OneDrive\Desktop\project 1\code\quic-pqtls-bot-detection\capture\pcap_store\ae038e25-fea5-43a7-a4d6-2d1c7f5b18a8.pcap
09ce9f98-5b2f-44a6-a492-31c53b12ec07,707fae39-c386-406e-a125-a99345fc862f,bot_t2,1787078834.4703922,1787078835.3100932,C:\Users\har20\OneDrive\Desktop\project 1\code\quic-pqtls-bot-detection\capture\pcap_store\09ce9f98-5b2f-44a6-a492-31c53b12ec07.pcap
11df0cc4-136d-49b4-992a-67f60bdc2acf,707fae39-c386-406e-a125-a99345fc862f,bot_t2,1787078836.5492344,1787078837.403958,C:\Users\har20\OneDrive\Desktop\project 1\code\quic-pqtls-bot-detection\capture\pcap_store\11df0cc4-136d-49b4-992a-67f60bdc2acf.pcap
f5915495-8ba6-417d-8b48-6454bca6aa08,24109036-2831-4dfc-a4e3-fe27976304cb,bot_t2,1787078838.8016427,1787078839.619525,C:\Users\har20\OneDrive\Desktop\project 1\code\quic-pqtls-bot-detection\capture\pcap_store\f5915495-8ba6-417d-8b48-6454bca6aa08.pcap
c84c700d-141a-44aa-afe9-309c13971789,24109036-2831-4dfc-a4e3-fe27976304cb,bot_t2,1787078840.9839566,1787078841.80181,C:\Users\har20\OneDrive\Desktop\project 1\code\quic-pqtls-bot-detection\capture\pcap_store\c84c700d-141a-44aa-afe9-309c13971789.pcap
f40318e9-66f6-4693-bdc2-8ea8118e5b73,24109036-2831-4dfc-a4e3-fe27976304cb,bot_t2,1787078843.1009934,1787078843.93653,C:\Users\har20\OneDrive\Desktop\project 1\code\quic-pqtls-bot-detection\capture\pcap_store\f40318e9-66f6-4693-bdc2-8ea8118e5b73.pcap
9148fb5e-213a-4ea5-bb4a-73de519d5d83,24109036-2831-4dfc-a4e3-fe27976304cb,bot_t2,1787078845.364543,1787078846.2597141,C:\Users\har20\OneDrive\Desktop\project 1\code\quic-pqtls-bot-detection\capture\pcap_store\9148fb5e-213a-4ea5-bb4a-73de519d5d83.pcap
e8bdbd2b-d3a7-4c49-8a0b-bda2589516c3,24109036-2831-4dfc-a4e3-fe27976304cb,bot_t2,1787078847.9301054,1787078848.8210084,C:\Users\har20\OneDrive\Desktop\project 1\code\quic-pqtls-bot-detection\capture\pcap_store\e8bdbd2b-d3a7-4c49-8a0b-bda2589516c3.pcap
2c32977c-cd2a-4f36-adea-4c1acee448ea,fccdffff-d08c-4659-9136-8d13e208d0e5,bot_t2,1787078850.3401828,1787078851.1774526,C:\Users\har20\OneDrive\Desktop\project 1\code\quic-pqtls-bot-detection\capture\pcap_store\2c32977c-cd2a-4f36-adea-4c1acee448ea.pcap
9ec49dae-0946-480e-825c-2d5f008fbe13,fccdffff-d08c-4659-9136-8d13e208d0e5,bot_t2,1787078852.3870628,1787078853.2373824,C:\Users\har20\OneDrive\Desktop\project 1\code\quic-pqtls-bot-detection\capture\pcap_store\9ec49dae-0946-480e-825c-2d5f008fbe13.pcap
8ba08e23-b49c-4018-a9cf-bdfa5c2e7b6e,fccdffff-d08c-4659-9136-8d13e208d0e5,bot_t2,1787078854.472027,1787078855.3081927,C:\Users\har20\OneDrive\Desktop\project 1\code\quic-pqtls-bot-detection\capture\pcap_store\8ba08e23-b49c-4018-a9cf-bdfa5c2e7b6e.pcap
d9966490-7814-45dd-804a-b42384c5577f,fccdffff-d08c-4659-9136-8d13e208d0e5,bot_t2,1787078856.5677235,1787078857.424315,C:\Users\har20\OneDrive\Desktop\project 1\code\quic-pqtls-bot-detection\capture\pcap_store\d9966490-7814-45dd-804a-b42384c5577f.pcap
f096cf0d-de76-4ff9-a1a2-93ae2c45e8f7,fccdffff-d08c-4659-9136-8d13e208d0e5,bot_t2,1787078858.666669,1787078859.4894,C:\Users\har20\OneDrive\Desktop\project 1\code\quic-pqtls-bot-detection\capture\pcap_store\f096cf0d-de76-4ff9-a1a2-93ae2c45e8f7.pcap
87b1aa16-f86e-4f74-ba93-3757f4800d64,8549ab97-76ed-4b57-9af4-68d99cbd8b62,bot_t2,1787078860.6967466,1787078861.5190997,C:\Users\har20\OneDrive\Desktop\project 1\code\quic-pqtls-bot-detection\capture\pcap_store\87b1aa16-f86e-4f74-ba93-3757f4800d64.pcap
912481dc-8ed1-46b2-a448-507acb2b340d,8549ab97-76ed-4b57-9af4-68d99cbd8b62,bot_t2,1787078862.8311517,1787078863.670228,C:\Users\har20\OneDrive\Desktop\project 1\code\quic-pqtls-bot-detection\capture\pcap_store\912481dc-8ed1-46b2-a448-507acb2b340d.pcap
0159453c-a9fb-4788-919f-33ca7fe1bf27,8549ab97-76ed-4b57-9af4-68d99cbd8b62,bot_t2,1787078865.222841,1787078866.0757802,C:\Users\har20\OneDrive\Desktop\project 1\code\quic-pqtls-bot-detection\capture\pcap_store\0159453c-a9fb-4788-919f-33ca7fe1bf27.pcap
0550fef3-7bb5-4363-aa34-8f60fd865429,88889d21-9554-42fa-b929-f1aaa2e73153,bot_t2,1787078867.4719453,1787078868.307191,C:\Users\har20\OneDrive\Desktop\project 1\code\quic-pqtls-bot-detection\capture\pcap_store\0550fef3-7bb5-4363-aa34-8f60fd865429.pcap
6bce1691-6362-4307-b09b-b66b20d25691,88889d21-9554-42fa-b929-f1aaa2e73153,bot_t2,1787078869.6540585,1787078870.499106,C:\Users\har20\OneDrive\Desktop\project 1\code\quic-pqtls-bot-detection\capture\pcap_store\6bce1691-6362-4307-b09b-b66b20d25691.pcap
f16ff450-0cd8-4991-bc77-9473446ef384,88889d21-9554-42fa-b929-f1aaa2e73153,bot_t2,1787078871.8950346,1787078872.7298775,C:\Users\har20\OneDrive\Desktop\project 1\code\quic-pqtls-bot-detection\capture\pcap_store\f16ff450-0cd8-4991-bc77-9473446ef384.pcap
e132196f-c5d7-4889-94f5-b5d5ec70b303,88889d21-9554-42fa-b929-f1aaa2e73153,bot_t2,1787078874.1935294,1787078875.0722883,C:\Users\har20\OneDrive\Desktop\project 1\code\quic-pqtls-bot-detection\capture\pcap_store\e132196f-c5d7-4889-94f5-b5d5ec70b303.pcap
dfe31391-6384-483a-8988-11bc0173b7ed,88889d21-9554-42fa-b929-f1aaa2e73153,bot_t2,1787078876.5372689,1787078877.4027586,C:\Users\har20\OneDrive\Desktop\project 1\code\quic-pqtls-bot-detection\capture\pcap_store\dfe31391-6384-483a-8988-11bc0173b7ed.pcap
13d9f3c0-3126-443f-a7e1-3755e4a81417,10e5ada7-1751-49d9-b33f-aeb81aa71d01,bot_t2,1787078878.8621445,1787078879.657013,C:\Users\har20\OneDrive\Desktop\project 1\code\quic-pqtls-bot-detection\capture\pcap_store\13d9f3c0-3126-443f-a7e1-3755e4a81417.pcap
637721d4-46c4-41a0-9e8c-355e9795729f,10e5ada7-1751-49d9-b33f-aeb81aa71d01,bot_t2,1787078881.0506766,1787078881.899284,C:\Users\har20\OneDrive\Desktop\project 1\code\quic-pqtls-bot-detection\capture\pcap_store\637721d4-46c4-41a0-9e8c-355e9795729f.pcap
d4a68921-3c40-425a-83ba-7a8dae764ef0,10e5ada7-1751-49d9-b33f-aeb81aa71d01,bot_t2,1787078883.3123076,1787078884.1289062,C:\Users\har20\OneDrive\Desktop\project 1\code\quic-pqtls-bot-detection\capture\pcap_store\d4a68921-3c40-425a-83ba-7a8dae764ef0.pcap
289783ae-f80d-43b3-939b-9cc78b3f614c,10e5ada7-1751-49d9-b33f-aeb81aa71d01,bot_t2,1787078885.4614193,1787078886.3159654,C:\Users\har20\OneDrive\Desktop\project 1\code\quic-pqtls-bot-detection\capture\pcap_store\289783ae-f80d-43b3-939b-9cc78b3f614c.pcap
7091b948-5253-4833-8050-9fc6826fe2b5,05284a3a-05ed-4d5d-8e58-c9dd69c4d0b2,bot_t2,1787078887.5434642,1787078888.400081,C:\Users\har20\OneDrive\Desktop\project 1\code\quic-pqtls-bot-detection\capture\pcap_store\7091b948-5253-4833-8050-9fc6826fe2b5.pcap
62e2b6ab-980f-4dc6-85b5-a39aed7274f2,05284a3a-05ed-4d5d-8e58-c9dd69c4d0b2,bot_t2,1787078889.5898962,1787078890.4369326,C:\Users\har20\OneDrive\Desktop\project 1\code\quic-pqtls-bot-detection\capture\pcap_store\62e2b6ab-980f-4dc6-85b5-a39aed7274f2.pcap
222ea077-9477-4570-8e15-a2d06f7ee964,05284a3a-05ed-4d5d-8e58-c9dd69c4d0b2,bot_t2,1787078891.880307,1787078892.7295535,C:\Users\har20\OneDrive\Desktop\project 1\code\quic-pqtls-bot-detection\capture\pcap_store\222ea077-9477-4570-8e15-a2d06f7ee964.pcap
2ea0cfda-459e-4957-8690-e34726f59732,05284a3a-05ed-4d5d-8e58-c9dd69c4d0b2,bot_t2,1787078894.1843047,1787078894.998872,C:\Users\har20\OneDrive\Desktop\project 1\code\quic-pqtls-bot-detection\capture\pcap_store\2ea0cfda-459e-4957-8690-e34726f59732.pcap
180a3d60-d76a-4258-93f6-b62c655b173f,e986308f-d099-47e3-bad9-747c83f2184f,bot_t2,1787078896.533594,1787078897.3629622,C:\Users\har20\OneDrive\Desktop\project 1\code\quic-pqtls-bot-detection\capture\pcap_store\180a3d60-d76a-4258-93f6-b62c655b173f.pcap
fcb16c42-d25d-46c2-b288-0e7cdd04f5e4,e986308f-d099-47e3-bad9-747c83f2184f,bot_t2,1787078898.7701533,1787078899.6283767,C:\Users\har20\OneDrive\Desktop\project 1\code\quic-pqtls-bot-detection\capture\pcap_store\fcb16c42-d25d-46c2-b288-0e7cdd04f5e4.pcap
142145c5-bf90-4580-9fd9-1a9bef975d98,e986308f-d099-47e3-bad9-747c83f2184f,bot_t2,1787078901.1336432,1787078901.9511666,C:\Users\har20\OneDrive\Desktop\project 1\code\quic-pqtls-bot-detection\capture\pcap_store\142145c5-bf90-4580-9fd9-1a9bef975d98.pcap
137e4797-ccbe-469e-9d88-cfe9bc5ef813,e986308f-d099-47e3-bad9-747c83f2184f,bot_t2,1787078903.4621828,1787078904.276729,C:\Users\har20\OneDrive\Desktop\project 1\code\quic-pqtls-bot-detection\capture\pcap_store\137e4797-ccbe-469e-9d88-cfe9bc5ef813.pcap
03895b87-29f9-42c9-b9db-28779d6e1ba9,e6f454f3-4f3e-4397-9712-26771d3e656a,bot_t2,1787078905.7648845,1787078906.621818,C:\Users\har20\OneDrive\Desktop\project 1\code\quic-pqtls-bot-detection\capture\pcap_store\03895b87-29f9-42c9-b9db-28779d6e1ba9.pcap
cfe0457f-01e9-4523-8752-2f3fdcf3f4ab,e6f454f3-4f3e-4397-9712-26771d3e656a,bot_t2,1787078908.0600836,1787078908.915532,C:\Users\har20\OneDrive\Desktop\project 1\code\quic-pqtls-bot-detection\capture\pcap_store\cfe0457f-01e9-4523-8752-2f3fdcf3f4ab.pcap
0546a0fb-5941-4cca-8f69-ae47eebabb18,e6f454f3-4f3e-4397-9712-26771d3e656a,bot_t2,1787078910.44692,1787078911.3449225,C:\Users\har20\OneDrive\Desktop\project 1\code\quic-pqtls-bot-detection\capture\pcap_store\0546a0fb-5941-4cca-8f69-ae47eebabb18.pcap
32341750-ac27-4d03-aea3-c59ac39a56b3,e6f454f3-4f3e-4397-9712-26771d3e656a,bot_t2,1787078912.7834504,1787078913.628065,C:\Users\har20\OneDrive\Desktop\project 1\code\quic-pqtls-bot-detection\capture\pcap_store\32341750-ac27-4d03-aea3-c59ac39a56b3.pcap
4001afe5-68bd-4f97-8a0c-088302b10743,d8450aa7-a79f-4924-a7c8-01f3ff205b3a,bot_t2,1787078915.167549,1787078916.0266743,C:\Users\har20\OneDrive\Desktop\project 1\code\quic-pqtls-bot-detection\capture\pcap_store\4001afe5-68bd-4f97-8a0c-088302b10743.pcap
32e69702-1d3b-4263-b2b0-2a18b5c390b5,d8450aa7-a79f-4924-a7c8-01f3ff205b3a,bot_t2,1787078917.4739554,1787078918.3450813,C:\Users\har20\OneDrive\Desktop\project 1\code\quic-pqtls-bot-detection\capture\pcap_store\32e69702-1d3b-4263-b2b0-2a18b5c390b5.pcap
a4bc14a9-f76c-44c3-a931-4b245cfd2f41,d8450aa7-a79f-4924-a7c8-01f3ff205b3a,bot_t2,1787078919.9677587,1787078920.797295,C:\Users\har20\OneDrive\Desktop\project 1\code\quic-pqtls-bot-detection\capture\pcap_store\a4bc14a9-f76c-44c3-a931-4b245cfd2f41.pcap
2e1b7833-c275-448a-a8fa-e73b8bfae07c,d8450aa7-a79f-4924-a7c8-01f3ff205b3a,bot_t2,1787078922.2058861,1787078923.0861878,C:\Users\har20\OneDrive\Desktop\project 1\code\quic-pqtls-bot-detection\capture\pcap_store\2e1b7833-c275-448a-a8fa-e73b8bfae07c.pcap
0a7fc2a5-18c8-4973-9865-dd62a5a34988,187b07f2-3d84-49a5-8200-35f770707cb5,bot_t2,1787078924.701493,1787078925.501369,C:\Users\har20\OneDrive\Desktop\project 1\code\quic-pqtls-bot-detection\capture\pcap_store\0a7fc2a5-18c8-4973-9865-dd62a5a34988.pcap
822ca561-8875-4653-b8f1-a2d2368bb76c,187b07f2-3d84-49a5-8200-35f770707cb5,bot_t2,1787078926.955277,1787078927.7909918,C:\Users\har20\OneDrive\Desktop\project 1\code\quic-pqtls-bot-detection\capture\pcap_store\822ca561-8875-4653-b8f1-a2d2368bb76c.pcap
fbaf0a7d-2b46-40ac-a78b-8370ed97748b,187b07f2-3d84-49a5-8200-35f770707cb5,bot_t2,1787078929.2541232,1787078930.1300335,C:\Users\har20\OneDrive\Desktop\project 1\code\quic-pqtls-bot-detection\capture\pcap_store\fbaf0a7d-2b46-40ac-a78b-8370ed97748b.pcap
05ff3fde-d765-47d2-9fea-7b48facc300e,187b07f2-3d84-49a5-8200-35f770707cb5,bot_t2,1787078931.7033558,1787078932.5714166,C:\Users\har20\OneDrive\Desktop\project 1\code\quic-pqtls-bot-detection\capture\pcap_store\05ff3fde-d765-47d2-9fea-7b48facc300e.pcap
d23e0ace-698a-4dab-8e9f-28244a990a34,187b07f2-3d84-49a5-8200-35f770707cb5,bot_t2,1787078933.987063,1787078934.8090396,C:\Users\har20\OneDrive\Desktop\project 1\code\quic-pqtls-bot-detection\capture\pcap_store\d23e0ace-698a-4dab-8e9f-28244a990a34.pcap
f52c1abc-2563-4262-9cc9-ae4d1897045a,5f9e5608-9a0b-4d73-8468-44b2d9ed4a0e,bot_t2,1787078936.2469065,1787078937.0866008,C:\Users\har20\OneDrive\Desktop\project 1\code\quic-pqtls-bot-detection\capture\pcap_store\f52c1abc-2563-4262-9cc9-ae4d1897045a.pcap
87595af2-1a2f-42fb-a631-67d6759a7b02,5f9e5608-9a0b-4d73-8468-44b2d9ed4a0e,bot_t2,1787078938.5805166,1787078939.4235368,C:\Users\har20\OneDrive\Desktop\project 1\code\quic-pqtls-bot-detection\capture\pcap_store\87595af2-1a2f-42fb-a631-67d6759a7b02.pcap
6fe19aae-b97a-41c2-bc82-2aa4477c3ffc,5f9e5608-9a0b-4d73-8468-44b2d9ed4a0e,bot_t2,1787078940.8401337,1787078941.7090628,C:\Users\har20\OneDrive\Desktop\project 1\code\quic-pqtls-bot-detection\capture\pcap_store\6fe19aae-b97a-41c2-bc82-2aa4477c3ffc.pcap
b6ef4741-4aca-4756-b87e-9641831f793f,5f9e5608-9a0b-4d73-8468-44b2d9ed4a0e,bot_t2,1787078943.2174065,1787078944.0837526,C:\Users\har20\OneDrive\Desktop\project 1\code\quic-pqtls-bot-detection\capture\pcap_store\b6ef4741-4aca-4756-b87e-9641831f793f.pcap
30c581a9-36d1-4e34-8324-c760031a3449,5f9e5608-9a0b-4d73-8468-44b2d9ed4a0e,bot_t2,1787078945.4973853,1787078946.356501,C:\Users\har20\OneDrive\Desktop\project 1\code\quic-pqtls-bot-detection\capture\pcap_store\30c581a9-36d1-4e34-8324-c760031a3449.pcap
dcf35cce-798b-4e93-9b8f-0a743accadd2,060c8108-0ebc-4ddb-b00e-d898cb127f3e,bot_t2,1787078947.8726866,1787078948.6794436,C:\Users\har20\OneDrive\Desktop\project 1\code\quic-pqtls-bot-detection\capture\pcap_store\dcf35cce-798b-4e93-9b8f-0a743accadd2.pcap
ca631241-1074-4d8c-b89a-e217b83ab4b9,060c8108-0ebc-4ddb-b00e-d898cb127f3e,bot_t2,1787078950.1533275,1787078951.0206516,C:\Users\har20\OneDrive\Desktop\project 1\code\quic-pqtls-bot-detection\capture\pcap_store\ca631241-1074-4d8c-b89a-e217b83ab4b9.pcap
b477f51e-4ee7-4010-a2b3-86c1a425bc27,060c8108-0ebc-4ddb-b00e-d898cb127f3e,bot_t2,1787078952.5309467,1787078953.3702564,C:\Users\har20\OneDrive\Desktop\project 1\code\quic-pqtls-bot-detection\capture\pcap_store\b477f51e-4ee7-4010-a2b3-86c1a425bc27.pcap
ba41d4a6-1b12-4f91-9b60-df0aa302e7a1,060c8108-0ebc-4ddb-b00e-d898cb127f3e,bot_t2,1787078954.7980227,1787078955.6385913,C:\Users\har20\OneDrive\Desktop\project 1\code\quic-pqtls-bot-detection\capture\pcap_store\ba41d4a6-1b12-4f91-9b60-df0aa302e7a1.pcap
1311c5cc-94a2-4072-b7c3-cfa66a0e7397,060c8108-0ebc-4ddb-b00e-d898cb127f3e,bot_t2,1787078957.1277711,1787078958.0255265,C:\Users\har20\OneDrive\Desktop\project 1\code\quic-pqtls-bot-detection\capture\pcap_store\1311c5cc-94a2-4072-b7c3-cfa66a0e7397.pcap
bca6b501-de56-45ac-b886-47b483f1c238,3053d268-55dd-4a49-b961-2c25abe10c3d,bot_t2,1787078959.494119,1787078960.3558202,C:\Users\har20\OneDrive\Desktop\project 1\code\quic-pqtls-bot-detection\capture\pcap_store\bca6b501-de56-45ac-b886-47b483f1c238.pcap
62b5000d-2ad0-4cf0-9ade-8936717f771e,3053d268-55dd-4a49-b961-2c25abe10c3d,bot_t2,1787078961.8520405,1787078962.6921842,C:\Users\har20\OneDrive\Desktop\project 1\code\quic-pqtls-bot-detection\capture\pcap_store\62b5000d-2ad0-4cf0-9ade-8936717f771e.pcap
7b03c24d-6f22-41d8-87c5-207ecd085d7e,3053d268-55dd-4a49-b961-2c25abe10c3d,bot_t2,1787078964.10388,1787078964.9624314,C:\Users\har20\OneDrive\Desktop\project 1\code\quic-pqtls-bot-detection\capture\pcap_store\7b03c24d-6f22-41d8-87c5-207ecd085d7e.pcap
7b3ba4ad-a0cf-40f3-9a2b-aadbc19f3986,3053d268-55dd-4a49-b961-2c25abe10c3d,bot_t2,1787078966.374205,1787078967.2319071,C:\Users\har20\OneDrive\Desktop\project 1\code\quic-pqtls-bot-detection\capture\pcap_store\7b3ba4ad-a0cf-40f3-9a2b-aadbc19f3986.pcap
a94a312a-e61f-48c4-8743-375db5c0a564,b0f37b90-de5d-487e-ab59-43f3bb370aab,bot_t2,1787078968.7044497,1787078969.5000753,C:\Users\har20\OneDrive\Desktop\project 1\code\quic-pqtls-bot-detection\capture\pcap_store\a94a312a-e61f-48c4-8743-375db5c0a564.pcap
b071df43-b9b0-4174-a4a3-38b59ef62732,b0f37b90-de5d-487e-ab59-43f3bb370aab,bot_t2,1787078970.912261,1787078971.7769403,C:\Users\har20\OneDrive\Desktop\project 1\code\quic-pqtls-bot-detection\capture\pcap_store\b071df43-b9b0-4174-a4a3-38b59ef62732.pcap
5aab69e2-e80c-4e8c-a9fe-01d87457c456,b0f37b90-de5d-487e-ab59-43f3bb370aab,bot_t2,1787078973.192435,1787078973.975404,C:\Users\har20\OneDrive\Desktop\project 1\code\quic-pqtls-bot-detection\capture\pcap_store\5aab69e2-e80c-4e8c-a9fe-01d87457c456.pcap
b49c30db-95fd-4a26-8ca7-124356577aff,3fcb17e0-a50e-4a08-b996-53d38371b535,bot_t2,1787078975.428458,1787078976.2890816,C:\Users\har20\OneDrive\Desktop\project 1\code\quic-pqtls-bot-detection\capture\pcap_store\b49c30db-95fd-4a26-8ca7-124356577aff.pcap
a5c5f04c-6d93-46d3-b1c7-3e1ac316eafb,3fcb17e0-a50e-4a08-b996-53d38371b535,bot_t2,1787078977.767487,1787078978.6043255,C:\Users\har20\OneDrive\Desktop\project 1\code\quic-pqtls-bot-detection\capture\pcap_store\a5c5f04c-6d93-46d3-b1c7-3e1ac316eafb.pcap
72c4f674-a7f1-4e7f-8d3b-4ca43babb6b2,3fcb17e0-a50e-4a08-b996-53d38371b535,bot_t2,1787078980.0388813,1787078980.883657,C:\Users\har20\OneDrive\Desktop\project 1\code\quic-pqtls-bot-detection\capture\pcap_store\72c4f674-a7f1-4e7f-8d3b-4ca43babb6b2.pcap
a7a619eb-6c31-4e4d-be73-19673f08e24e,3fcb17e0-a50e-4a08-b996-53d38371b535,bot_t2,1787078982.304364,1787078983.1012588,C:\Users\har20\OneDrive\Desktop\project 1\code\quic-pqtls-bot-detection\capture\pcap_store\a7a619eb-6c31-4e4d-be73-19673f08e24e.pcap
a39ed7de-6bf7-4d13-858b-3406a51b5171,7282562d-5e73-4509-a95b-c4b313084645,bot_t2,1787078984.5227697,1787078985.429262,C:\Users\har20\OneDrive\Desktop\project 1\code\quic-pqtls-bot-detection\capture\pcap_store\a39ed7de-6bf7-4d13-858b-3406a51b5171.pcap
6f5fd4df-2934-4cb1-a686-570f5a8744b5,7282562d-5e73-4509-a95b-c4b313084645,bot_t2,1787078986.937688,1787078987.8401318,C:\Users\har20\OneDrive\Desktop\project 1\code\quic-pqtls-bot-detection\capture\pcap_store\6f5fd4df-2934-4cb1-a686-570f5a8744b5.pcap
8e862bb2-e573-4eb0-9e5e-89530266272b,7282562d-5e73-4509-a95b-c4b313084645,bot_t2,1787078989.2983072,1787078990.1650763,C:\Users\har20\OneDrive\Desktop\project 1\code\quic-pqtls-bot-detection\capture\pcap_store\8e862bb2-e573-4eb0-9e5e-89530266272b.pcap
e8a18bc2-e88e-4179-a22e-68380467ab73,7282562d-5e73-4509-a95b-c4b313084645,bot_t2,1787078991.5976646,1787078992.4534354,C:\Users\har20\OneDrive\Desktop\project 1\code\quic-pqtls-bot-detection\capture\pcap_store\e8a18bc2-e88e-4179-a22e-68380467ab73.pcap
ce5a8ae7-6054-4158-8e40-2777dea66e3c,7282562d-5e73-4509-a95b-c4b313084645,bot_t2,1787078993.9740741,1787078994.8439598,C:\Users\har20\OneDrive\Desktop\project 1\code\quic-pqtls-bot-detection\capture\pcap_store\ce5a8ae7-6054-4158-8e40-2777dea66e3c.pcap
b8a11070-6a12-4582-9f9f-8d9930f81c63,f290a1aa-1df7-48a0-a58b-b22531ec3433,bot_t2,1787078996.3115318,1787078997.1404746,C:\Users\har20\OneDrive\Desktop\project 1\code\quic-pqtls-bot-detection\capture\pcap_store\b8a11070-6a12-4582-9f9f-8d9930f81c63.pcap
c82cedba-87e9-4bbb-b297-0ce38160352e,f290a1aa-1df7-48a0-a58b-b22531ec3433,bot_t2,1787078998.5760732,1787078999.4324653,C:\Users\har20\OneDrive\Desktop\project 1\code\quic-pqtls-bot-detection\capture\pcap_store\c82cedba-87e9-4bbb-b297-0ce38160352e.pcap
2555eebe-f596-4469-833e-fff6301657b0,f290a1aa-1df7-48a0-a58b-b22531ec3433,bot_t2,1787079000.9485881,1787079001.7936559,C:\Users\har20\OneDrive\Desktop\project 1\code\quic-pqtls-bot-detection\capture\pcap_store\2555eebe-f596-4469-833e-fff6301657b0.pcap
c7aa80b0-9636-483d-9e47-0f22e7fd47ae,f290a1aa-1df7-48a0-a58b-b22531ec3433,bot_t2,1787079003.2024786,1787079004.050813,C:\Users\har20\OneDrive\Desktop\project 1\code\quic-pqtls-bot-detection\capture\pcap_store\c7aa80b0-9636-483d-9e47-0f22e7fd47ae.pcap
bcc32221-ad31-44ba-b6bd-8871165a1613,f290a1aa-1df7-48a0-a58b-b22531ec3433,bot_t2,1787079005.5034945,1787079006.3953447,C:\Users\har20\OneDrive\Desktop\project 1\code\quic-pqtls-bot-detection\capture\pcap_store\bcc32221-ad31-44ba-b6bd-8871165a1613.pcap
30343812-ed60-4d64-bbc7-629e052a8546,fa930178-d7c4-4dae-8b97-a37aab9e9d0a,bot_t2,1787079007.8214993,1787079008.6753047,C:\Users\har20\OneDrive\Desktop\project 1\code\quic-pqtls-bot-detection\capture\pcap_store\30343812-ed60-4d64-bbc7-629e052a8546.pcap
bee9e15b-9eae-414c-940b-09036882ca75,fa930178-d7c4-4dae-8b97-a37aab9e9d0a,bot_t2,1787079010.163678,1787079010.9550047,C:\Users\har20\OneDrive\Desktop\project 1\code\quic-pqtls-bot-detection\capture\pcap_store\bee9e15b-9eae-414c-940b-09036882ca75.pcap
8c0d3011-00ea-4a1e-afe8-51ccc3ca8cc3,fa930178-d7c4-4dae-8b97-a37aab9e9d0a,bot_t2,1787079012.4211915,1787079013.316678,C:\Users\har20\OneDrive\Desktop\project 1\code\quic-pqtls-bot-detection\capture\pcap_store\8c0d3011-00ea-4a1e-afe8-51ccc3ca8cc3.pcap
9f6df387-2ea2-4ef5-af6d-bc484f9f2a0a,fa930178-d7c4-4dae-8b97-a37aab9e9d0a,bot_t2,1787079014.8317206,1787079015.6984963,C:\Users\har20\OneDrive\Desktop\project 1\code\quic-pqtls-bot-detection\capture\pcap_store\9f6df387-2ea2-4ef5-af6d-bc484f9f2a0a.pcap
e97940e4-eb1e-4e86-928e-9e79c91f5167,fa930178-d7c4-4dae-8b97-a37aab9e9d0a,bot_t2,1787079017.1012106,1787079017.9690971,C:\Users\har20\OneDrive\Desktop\project 1\code\quic-pqtls-bot-detection\capture\pcap_store\e97940e4-eb1e-4e86-928e-9e79c91f5167.pcap
26851ac3-edfa-428f-8c5c-3c359d8eae68,80cf23d5-2c99-46cd-82a7-3144a4489d0a,bot_t2,1787079019.4735644,1787079020.3372376,C:\Users\har20\OneDrive\Desktop\project 1\code\quic-pqtls-bot-detection\capture\pcap_store\26851ac3-edfa-428f-8c5c-3c359d8eae68.pcap
2bd246a5-01cd-4352-8da1-81e866443557,80cf23d5-2c99-46cd-82a7-3144a4489d0a,bot_t2,1787079021.7322242,1787079022.5798519,C:\Users\har20\OneDrive\Desktop\project 1\code\quic-pqtls-bot-detection\capture\pcap_store\2bd246a5-01cd-4352-8da1-81e866443557.pcap
bf0c8538-b2f7-4245-8d6b-78e226b4c7f5,80cf23d5-2c99-46cd-82a7-3144a4489d0a,bot_t2,1787079023.9924653,1787079024.8376799,C:\Users\har20\OneDrive\Desktop\project 1\code\quic-pqtls-bot-detection\capture\pcap_store\bf0c8538-b2f7-4245-8d6b-78e226b4c7f5.pcap
afe72827-3190-41e3-bb14-a707ffde944f,80cf23d5-2c99-46cd-82a7-3144a4489d0a,bot_t2,1787079026.246796,1787079027.110344,C:\Users\har20\OneDrive\Desktop\project 1\code\quic-pqtls-bot-detection\capture\pcap_store\afe72827-3190-41e3-bb14-a707ffde944f.pcap
207e17f9-77af-4b37-bdf4-432055ecb8e2,30a5ade5-b59c-4eb4-8334-122c1faee9fb,bot_t2,1787079028.5406067,1787079029.3987699,C:\Users\har20\OneDrive\Desktop\project 1\code\quic-pqtls-bot-detection\capture\pcap_store\207e17f9-77af-4b37-bdf4-432055ecb8e2.pcap
ec392681-9402-4c6d-bcc4-e4ab9a6fcdf6,30a5ade5-b59c-4eb4-8334-122c1faee9fb,bot_t2,1787079030.932947,1787079031.803861,C:\Users\har20\OneDrive\Desktop\project 1\code\quic-pqtls-bot-detection\capture\pcap_store\ec392681-9402-4c6d-bcc4-e4ab9a6fcdf6.pcap
c3021e82-d485-4888-9fa9-588b89c9560f,30a5ade5-b59c-4eb4-8334-122c1faee9fb,bot_t2,1787079033.409295,1787079034.2463534,C:\Users\har20\OneDrive\Desktop\project 1\code\quic-pqtls-bot-detection\capture\pcap_store\c3021e82-d485-4888-9fa9-588b89c9560f.pcap
46644b6f-674b-4b88-9c39-8273fdfe8257,30a5ade5-b59c-4eb4-8334-122c1faee9fb,bot_t2,1787079035.6797628,1787079036.5146163,C:\Users\har20\OneDrive\Desktop\project 1\code\quic-pqtls-bot-detection\capture\pcap_store\46644b6f-674b-4b88-9c39-8273fdfe8257.pcap
b0ed2343-3aa2-49ac-bef1-2df2f9486797,887ddfe5-d0a3-4d87-87f3-7a0107f91322,bot_t2,1787079037.9897442,1787079038.816905,C:\Users\har20\OneDrive\Desktop\project 1\code\quic-pqtls-bot-detection\capture\pcap_store\b0ed2343-3aa2-49ac-bef1-2df2f9486797.pcap
d1d4ec08-04ef-444a-bdf2-0da50db1a075,887ddfe5-d0a3-4d87-87f3-7a0107f91322,bot_t2,1787079040.2215023,1787079041.0811207,C:\Users\har20\OneDrive\Desktop\project 1\code\quic-pqtls-bot-detection\capture\pcap_store\d1d4ec08-04ef-444a-bdf2-0da50db1a075.pcap
ba334da5-e2f6-49a3-a901-66233cf61644,887ddfe5-d0a3-4d87-87f3-7a0107f91322,bot_t2,1787079042.564468,1787079043.429461,C:\Users\har20\OneDrive\Desktop\project 1\code\quic-pqtls-bot-detection\capture\pcap_store\ba334da5-e2f6-49a3-a901-66233cf61644.pcap
4546553e-518e-4542-8906-bba549b2b128,887ddfe5-d0a3-4d87-87f3-7a0107f91322,bot_t2,1787079044.9103582,1787079045.705994,C:\Users\har20\OneDrive\Desktop\project 1\code\quic-pqtls-bot-detection\capture\pcap_store\4546553e-518e-4542-8906-bba549b2b128.pcap
1f9e6e21-ab64-4f4f-a2cc-6f6550c921ad,ad173405-8cd2-453b-a3e4-11af715e1c53,bot_t2,1787079047.13734,1787079048.019865,C:\Users\har20\OneDrive\Desktop\project 1\code\quic-pqtls-bot-detection\capture\pcap_store\1f9e6e21-ab64-4f4f-a2cc-6f6550c921ad.pcap
e3851efa-da01-44a4-8e7f-c116490c2f38,ad173405-8cd2-453b-a3e4-11af715e1c53,bot_t2,1787079049.4140308,1787079050.2890487,C:\Users\har20\OneDrive\Desktop\project 1\code\quic-pqtls-bot-detection\capture\pcap_store\e3851efa-da01-44a4-8e7f-c116490c2f38.pcap
24333a88-d15c-4b3c-9d4f-4aeb10a9ca8a,ad173405-8cd2-453b-a3e4-11af715e1c53,bot_t2,1787079051.7185671,1787079052.5404174,C:\Users\har20\OneDrive\Desktop\project 1\code\quic-pqtls-bot-detection\capture\pcap_store\24333a88-d15c-4b3c-9d4f-4aeb10a9ca8a.pcap
6ce5d2e3-bec0-43cc-bd58-cdcd1ccf60e9,ad173405-8cd2-453b-a3e4-11af715e1c53,bot_t2,1787079054.0177097,1787079054.8567464,C:\Users\har20\OneDrive\Desktop\project 1\code\quic-pqtls-bot-detection\capture\pcap_store\6ce5d2e3-bec0-43cc-bd58-cdcd1ccf60e9.pcap
0ac52bd9-845c-47d7-bb54-79cffac80453,ad173405-8cd2-453b-a3e4-11af715e1c53,bot_t2,1787079056.3128157,1787079057.139674,C:\Users\har20\OneDrive\Desktop\project 1\code\quic-pqtls-bot-detection\capture\pcap_store\0ac52bd9-845c-47d7-bb54-79cffac80453.pcap
fffc765e-0899-455b-82a3-f33696244fce,6bffc287-89a5-48d0-b704-78899e85e2ad,bot_t2,1787079058.606069,1787079059.4168627,C:\Users\har20\OneDrive\Desktop\project 1\code\quic-pqtls-bot-detection\capture\pcap_store\fffc765e-0899-455b-82a3-f33696244fce.pcap
06fd451b-c8e1-4e8c-841a-c75cce2a965e,6bffc287-89a5-48d0-b704-78899e85e2ad,bot_t2,1787079060.8966122,1787079061.7389028,C:\Users\har20\OneDrive\Desktop\project 1\code\quic-pqtls-bot-detection\capture\pcap_store\06fd451b-c8e1-4e8c-841a-c75cce2a965e.pcap
36ea57b9-3e31-4984-94fd-9c371ee9764f,6bffc287-89a5-48d0-b704-78899e85e2ad,bot_t2,1787079063.1782465,1787079064.005508,C:\Users\har20\OneDrive\Desktop\project 1\code\quic-pqtls-bot-detection\capture\pcap_store\36ea57b9-3e31-4984-94fd-9c371ee9764f.pcap
2ef4454f-861d-4e62-8ac9-2757719e43fe,6bffc287-89a5-48d0-b704-78899e85e2ad,bot_t2,1787079065.4626985,1787079066.3071697,C:\Users\har20\OneDrive\Desktop\project 1\code\quic-pqtls-bot-detection\capture\pcap_store\2ef4454f-861d-4e62-8ac9-2757719e43fe.pcap
9605d95f-9170-4c4c-ac3b-241dcc6eab37,6bffc287-89a5-48d0-b704-78899e85e2ad,bot_t2,1787079067.862294,1787079068.69874,C:\Users\har20\OneDrive\Desktop\project 1\code\quic-pqtls-bot-detection\capture\pcap_store\9605d95f-9170-4c4c-ac3b-241dcc6eab37.pcap
5464a226-6cf2-4a4c-a554-77c4274cf302,e8108362-f832-4824-9e20-150e406f10a6,bot_t2,1787079070.202425,1787079071.0637553,C:\Users\har20\OneDrive\Desktop\project 1\code\quic-pqtls-bot-detection\capture\pcap_store\5464a226-6cf2-4a4c-a554-77c4274cf302.pcap
7a2b6577-cecd-466d-a55d-d8fcfbd76fdd,e8108362-f832-4824-9e20-150e406f10a6,bot_t2,1787079072.5359354,1787079073.390353,C:\Users\har20\OneDrive\Desktop\project 1\code\quic-pqtls-bot-detection\capture\pcap_store\7a2b6577-cecd-466d-a55d-d8fcfbd76fdd.pcap
9ec59d6b-9db6-4df5-b45c-38369621d4f1,e8108362-f832-4824-9e20-150e406f10a6,bot_t2,1787079074.8472106,1787079075.7279198,C:\Users\har20\OneDrive\Desktop\project 1\code\quic-pqtls-bot-detection\capture\pcap_store\9ec59d6b-9db6-4df5-b45c-38369621d4f1.pcap
31e2cf04-ed76-403c-8a1e-c4254af8c58d,e8108362-f832-4824-9e20-150e406f10a6,bot_t2,1787079077.2127836,1787079078.0295644,C:\Users\har20\OneDrive\Desktop\project 1\code\quic-pqtls-bot-detection\capture\pcap_store\31e2cf04-ed76-403c-8a1e-c4254af8c58d.pcap
9042d078-e3f5-4f9f-a086-268929da31fa,9835f740-6c5d-4458-a5b3-928db5a4c8ab,bot_t2,1787079079.4947188,1787079080.337358,C:\Users\har20\OneDrive\Desktop\project 1\code\quic-pqtls-bot-detection\capture\pcap_store\9042d078-e3f5-4f9f-a086-268929da31fa.pcap
8b9aad75-2d70-4a48-b629-d24b7ee0a407,9835f740-6c5d-4458-a5b3-928db5a4c8ab,bot_t2,1787079081.7778993,1787079082.6473012,C:\Users\har20\OneDrive\Desktop\project 1\code\quic-pqtls-bot-detection\capture\pcap_store\8b9aad75-2d70-4a48-b629-d24b7ee0a407.pcap
43c8ff8a-16f2-4f33-b292-aed0c1fe96c7,9835f740-6c5d-4458-a5b3-928db5a4c8ab,bot_t2,1787079084.0731568,1787079084.892938,C:\Users\har20\OneDrive\Desktop\project 1\code\quic-pqtls-bot-detection\capture\pcap_store\43c8ff8a-16f2-4f33-b292-aed0c1fe96c7.pcap
81970652-9f76-4917-b8a1-03af59f2a75c,9835f740-6c5d-4458-a5b3-928db5a4c8ab,bot_t2,1787079086.2990332,1787079087.1032057,C:\Users\har20\OneDrive\Desktop\project 1\code\quic-pqtls-bot-detection\capture\pcap_store\81970652-9f76-4917-b8a1-03af59f2a75c.pcap
9295fdee-cab4-4a22-949d-b67f6416fc68,5abb3542-0da3-494c-8e09-b1e2e87d7a50,bot_t2,1787079088.5381403,1787079089.361233,C:\Users\har20\OneDrive\Desktop\project 1\code\quic-pqtls-bot-detection\capture\pcap_store\9295fdee-cab4-4a22-949d-b67f6416fc68.pcap
33affc76-03e6-4bc7-a44d-f52a7f862d24,ee2ee985-9f30-470d-92fc-7ca115176b86,bot_t3,1787079090.783267,1787079094.7626653,C:\Users\har20\OneDrive\Desktop\project 1\code\quic-pqtls-bot-detection\capture\pcap_store\33affc76-03e6-4bc7-a44d-f52a7f862d24.pcap
69e64d6b-28d1-4612-83d3-79a0352670da,ee2ee985-9f30-470d-92fc-7ca115176b86,bot_t3,1787079096.2043853,1787079098.0120733,C:\Users\har20\OneDrive\Desktop\project 1\code\quic-pqtls-bot-detection\capture\pcap_store\69e64d6b-28d1-4612-83d3-79a0352670da.pcap
33604582-d21c-4fd5-8c93-c5c5fd54fab1,ee2ee985-9f30-470d-92fc-7ca115176b86,bot_t3,1787079099.1989563,1787079100.9867313,C:\Users\har20\OneDrive\Desktop\project 1\code\quic-pqtls-bot-detection\capture\pcap_store\33604582-d21c-4fd5-8c93-c5c5fd54fab1.pcap
45f7b3ae-3a67-465e-a7a3-3d559335cc0b,ee2ee985-9f30-470d-92fc-7ca115176b86,bot_t3,1787079102.1740763,1787079104.0926616,C:\Users\har20\OneDrive\Desktop\project 1\code\quic-pqtls-bot-detection\capture\pcap_store\45f7b3ae-3a67-465e-a7a3-3d559335cc0b.pcap
4b834fe6-3961-417e-b1d3-f55ac21c925b,41f5070b-6f5b-44a7-bd90-e260f5073c02,bot_t3,1787079105.2865658,1787079106.9883797,C:\Users\har20\OneDrive\Desktop\project 1\code\quic-pqtls-bot-detection\capture\pcap_store\4b834fe6-3961-417e-b1d3-f55ac21c925b.pcap
fd5c9c04-4295-4f1e-b685-f0a56d4dff63,41f5070b-6f5b-44a7-bd90-e260f5073c02,bot_t3,1787079108.1853082,1787079109.9011333,C:\Users\har20\OneDrive\Desktop\project 1\code\quic-pqtls-bot-detection\capture\pcap_store\fd5c9c04-4295-4f1e-b685-f0a56d4dff63.pcap
99b187f9-acc9-4ee1-9c09-af4fca16c17e,41f5070b-6f5b-44a7-bd90-e260f5073c02,bot_t3,1787079111.1165109,1787079112.8636045,C:\Users\har20\OneDrive\Desktop\project 1\code\quic-pqtls-bot-detection\capture\pcap_store\99b187f9-acc9-4ee1-9c09-af4fca16c17e.pcap
bf3cd79b-a9b6-4643-b58d-ec3412eac8f9,955f5dd5-425d-4c8c-b6c1-0aaf60d37832,bot_t3,1787079114.1724014,1787079115.9473903,C:\Users\har20\OneDrive\Desktop\project 1\code\quic-pqtls-bot-detection\capture\pcap_store\bf3cd79b-a9b6-4643-b58d-ec3412eac8f9.pcap
69619c5e-29ff-45f3-8628-18b5a1424dee,955f5dd5-425d-4c8c-b6c1-0aaf60d37832,bot_t3,1787079117.504297,1787079119.3886747,C:\Users\har20\OneDrive\Desktop\project 1\code\quic-pqtls-bot-detection\capture\pcap_store\69619c5e-29ff-45f3-8628-18b5a1424dee.pcap
9ad9083c-e8e3-47a3-89b8-7f81440d2e92,955f5dd5-425d-4c8c-b6c1-0aaf60d37832,bot_t3,1787079120.683696,1787079122.4320178,C:\Users\har20\OneDrive\Desktop\project 1\code\quic-pqtls-bot-detection\capture\pcap_store\9ad9083c-e8e3-47a3-89b8-7f81440d2e92.pcap
5ad4b69e-a12e-4f95-bf15-ef16f4489c1d,955f5dd5-425d-4c8c-b6c1-0aaf60d37832,bot_t3,1787079123.6342463,1787079125.5324545,C:\Users\har20\OneDrive\Desktop\project 1\code\quic-pqtls-bot-detection\capture\pcap_store\5ad4b69e-a12e-4f95-bf15-ef16f4489c1d.pcap
2601631a-1b06-423b-8167-6f001d0e55d1,42e98429-4e80-46f5-931e-2b0f97cfccbf,bot_t3,1787079126.7538178,1787079128.5270784,C:\Users\har20\OneDrive\Desktop\project 1\code\quic-pqtls-bot-detection\capture\pcap_store\2601631a-1b06-423b-8167-6f001d0e55d1.pcap
3af0b211-2ab9-4dff-9adc-e842a768b55b,42e98429-4e80-46f5-931e-2b0f97cfccbf,bot_t3,1787079129.774119,1787079131.5909123,C:\Users\har20\OneDrive\Desktop\project 1\code\quic-pqtls-bot-detection\capture\pcap_store\3af0b211-2ab9-4dff-9adc-e842a768b55b.pcap
8a830327-c9c1-48bf-910c-3dc051a60af6,42e98429-4e80-46f5-931e-2b0f97cfccbf,bot_t3,1787079132.829252,1787079134.663536,C:\Users\har20\OneDrive\Desktop\project 1\code\quic-pqtls-bot-detection\capture\pcap_store\8a830327-c9c1-48bf-910c-3dc051a60af6.pcap
5a2e5587-e3ff-4b4c-8869-b532b7e13599,299a8d56-12cb-4bc0-974c-fd763da62b27,bot_t3,1787079135.9165838,1787079137.7842734,C:\Users\har20\OneDrive\Desktop\project 1\code\quic-pqtls-bot-detection\capture\pcap_store\5a2e5587-e3ff-4b4c-8869-b532b7e13599.pcap
6984bb18-3b24-454e-832d-673a24a7f366,299a8d56-12cb-4bc0-974c-fd763da62b27,bot_t3,1787079138.9785042,1787079140.7591035,C:\Users\har20\OneDrive\Desktop\project 1\code\quic-pqtls-bot-detection\capture\pcap_store\6984bb18-3b24-454e-832d-673a24a7f366.pcap
40ed2d5c-4353-4eb9-bc56-d3448f8c7998,299a8d56-12cb-4bc0-974c-fd763da62b27,bot_t3,1787079141.9623983,1787079143.7326503,C:\Users\har20\OneDrive\Desktop\project 1\code\quic-pqtls-bot-detection\capture\pcap_store\40ed2d5c-4353-4eb9-bc56-d3448f8c7998.pcap
fd0544b0-122b-452f-b5a8-0accf2fb0f3e,299a8d56-12cb-4bc0-974c-fd763da62b27,bot_t3,1787079144.9325619,1787079146.713366,C:\Users\har20\OneDrive\Desktop\project 1\code\quic-pqtls-bot-detection\capture\pcap_store\fd0544b0-122b-452f-b5a8-0accf2fb0f3e.pcap
d5f51cee-b2da-42bb-bb76-e5a7f414ac58,2dfdeb0a-a583-45db-8de1-800e43bab173,bot_t3,1787079147.8877385,1787079149.6333861,C:\Users\har20\OneDrive\Desktop\project 1\code\quic-pqtls-bot-detection\capture\pcap_store\d5f51cee-b2da-42bb-bb76-e5a7f414ac58.pcap
6ce8ab69-f61a-40f9-8713-affee5e21397,2dfdeb0a-a583-45db-8de1-800e43bab173,bot_t3,1787079150.8325434,1787079152.6719606,C:\Users\har20\OneDrive\Desktop\project 1\code\quic-pqtls-bot-detection\capture\pcap_store\6ce8ab69-f61a-40f9-8713-affee5e21397.pcap
33093286-a18e-4537-a9bd-010ae48eb002,2dfdeb0a-a583-45db-8de1-800e43bab173,bot_t3,1787079153.8578289,1787079155.5931535,C:\Users\har20\OneDrive\Desktop\project 1\code\quic-pqtls-bot-detection\capture\pcap_store\33093286-a18e-4537-a9bd-010ae48eb002.pcap
ad442b75-fab9-4f82-b389-bbb21548e7c0,2e7d467b-f47e-426f-ae81-a18362318122,bot_t3,1787079156.8972998,1787079158.646753,C:\Users\har20\OneDrive\Desktop\project 1\code\quic-pqtls-bot-detection\capture\pcap_store\ad442b75-fab9-4f82-b389-bbb21548e7c0.pcap
f97fb2e4-c49b-4573-bdc0-9b7484fb015d,2e7d467b-f47e-426f-ae81-a18362318122,bot_t3,1787079159.827703,1787079161.6405823,C:\Users\har20\OneDrive\Desktop\project 1\code\quic-pqtls-bot-detection\capture\pcap_store\f97fb2e4-c49b-4573-bdc0-9b7484fb015d.pcap
1a77115a-e4e7-42a8-931f-a387fef72e3a,2e7d467b-f47e-426f-ae81-a18362318122,bot_t3,1787079162.8178606,1787079164.5536244,C:\Users\har20\OneDrive\Desktop\project 1\code\quic-pqtls-bot-detection\capture\pcap_store\1a77115a-e4e7-42a8-931f-a387fef72e3a.pcap
2dd7b493-58fc-4a33-a141-7e10df76bbd8,2e7d467b-f47e-426f-ae81-a18362318122,bot_t3,1787079165.7414274,1787079167.473189,C:\Users\har20\OneDrive\Desktop\project 1\code\quic-pqtls-bot-detection\capture\pcap_store\2dd7b493-58fc-4a33-a141-7e10df76bbd8.pcap
41c64a96-3ea9-469b-992d-0b139cbd951b,2e7d467b-f47e-426f-ae81-a18362318122,bot_t3,1787079168.6497715,1787079170.3951592,C:\Users\har20\OneDrive\Desktop\project 1\code\quic-pqtls-bot-detection\capture\pcap_store\41c64a96-3ea9-469b-992d-0b139cbd951b.pcap
6becaf12-7eaa-4285-a27e-a016b0073e7f,5baaba13-0a1c-4c6b-84c2-b38b13cae1e7,bot_t3,1787079171.5929134,1787079173.3509648,C:\Users\har20\OneDrive\Desktop\project 1\code\quic-pqtls-bot-detection\capture\pcap_store\6becaf12-7eaa-4285-a27e-a016b0073e7f.pcap
319ec9a9-c603-4180-bc15-0baa01fe9164,5baaba13-0a1c-4c6b-84c2-b38b13cae1e7,bot_t3,1787079174.536982,1787079176.2824678,C:\Users\har20\OneDrive\Desktop\project 1\code\quic-pqtls-bot-detection\capture\pcap_store\319ec9a9-c603-4180-bc15-0baa01fe9164.pcap
fb21c3ed-fc44-4af4-93f0-11b7d6f1d799,5baaba13-0a1c-4c6b-84c2-b38b13cae1e7,bot_t3,1787079177.5528169,1787079179.2546618,C:\Users\har20\OneDrive\Desktop\project 1\code\quic-pqtls-bot-detection\capture\pcap_store\fb21c3ed-fc44-4af4-93f0-11b7d6f1d799.pcap
01dfdcfc-57e8-46ca-9ba6-2068e72d9733,5baaba13-0a1c-4c6b-84c2-b38b13cae1e7,bot_t3,1787079180.6546345,1787079182.453712,C:\Users\har20\OneDrive\Desktop\project 1\code\quic-pqtls-bot-detection\capture\pcap_store\01dfdcfc-57e8-46ca-9ba6-2068e72d9733.pcap
ae07a2ae-2e5a-4b22-bd53-c806822580b8,5baaba13-0a1c-4c6b-84c2-b38b13cae1e7,bot_t3,1787079183.624065,1787079185.3121743,C:\Users\har20\OneDrive\Desktop\project 1\code\quic-pqtls-bot-detection\capture\pcap_store\ae07a2ae-2e5a-4b22-bd53-c806822580b8.pcap
bb1179c5-4a06-4b9f-9c2e-634e73097fc5,8db061f0-8bc5-4c8d-81d3-1b757ae3729d,bot_t3,1787079186.6539028,1787079188.426432,C:\Users\har20\OneDrive\Desktop\project 1\code\quic-pqtls-bot-detection\capture\pcap_store\bb1179c5-4a06-4b9f-9c2e-634e73097fc5.pcap
9d08a30f-1c06-42ba-9c05-9048a22ef7d6,8db061f0-8bc5-4c8d-81d3-1b757ae3729d,bot_t3,1787079189.6005623,1787079191.3727715,C:\Users\har20\OneDrive\Desktop\project 1\code\quic-pqtls-bot-detection\capture\pcap_store\9d08a30f-1c06-42ba-9c05-9048a22ef7d6.pcap
ffd0a28d-db5d-4c25-84a1-3363e87cb75d,8db061f0-8bc5-4c8d-81d3-1b757ae3729d,bot_t3,1787079192.6153626,1787079194.445763,C:\Users\har20\OneDrive\Desktop\project 1\code\quic-pqtls-bot-detection\capture\pcap_store\ffd0a28d-db5d-4c25-84a1-3363e87cb75d.pcap
be5552ea-3eac-4c25-86f1-13e309f53b3b,8db061f0-8bc5-4c8d-81d3-1b757ae3729d,bot_t3,1787079195.7039757,1787079197.4218736,C:\Users\har20\OneDrive\Desktop\project 1\code\quic-pqtls-bot-detection\capture\pcap_store\be5552ea-3eac-4c25-86f1-13e309f53b3b.pcap
1972650e-88a5-4f1f-a746-2c2abf62ff99,ebc342ed-080d-4c65-895e-6158a5e8137b,bot_t3,1787079198.633846,1787079200.3721018,C:\Users\har20\OneDrive\Desktop\project 1\code\quic-pqtls-bot-detection\capture\pcap_store\1972650e-88a5-4f1f-a746-2c2abf62ff99.pcap
924dbb18-08a3-4944-8549-e6602dfd96c7,ebc342ed-080d-4c65-895e-6158a5e8137b,bot_t3,1787079201.5956106,1787079203.4019961,C:\Users\har20\OneDrive\Desktop\project 1\code\quic-pqtls-bot-detection\capture\pcap_store\924dbb18-08a3-4944-8549-e6602dfd96c7.pcap
04d7fa7c-8432-4126-99e8-6ee7d8bd477a,ebc342ed-080d-4c65-895e-6158a5e8137b,bot_t3,1787079204.5766022,1787079206.4453678,C:\Users\har20\OneDrive\Desktop\project 1\code\quic-pqtls-bot-detection\capture\pcap_store\04d7fa7c-8432-4126-99e8-6ee7d8bd477a.pcap
e9d9e9db-b044-4c51-8b95-b6071f919c9b,ebc342ed-080d-4c65-895e-6158a5e8137b,bot_t3,1787079207.6411228,1787079209.3796973,C:\Users\har20\OneDrive\Desktop\project 1\code\quic-pqtls-bot-detection\capture\pcap_store\e9d9e9db-b044-4c51-8b95-b6071f919c9b.pcap
fc8713e2-4975-419e-8d49-5672aaa246f1,ebc342ed-080d-4c65-895e-6158a5e8137b,bot_t3,1787079210.5616286,1787079212.3771021,C:\Users\har20\OneDrive\Desktop\project 1\code\quic-pqtls-bot-detection\capture\pcap_store\fc8713e2-4975-419e-8d49-5672aaa246f1.pcap
0a7c8b28-5aed-474c-9447-4ea0ac18277d,817df07a-ab28-4c09-b2ea-f6061fc85ced,bot_t3,1787079213.6577137,1787079215.4235344,C:\Users\har20\OneDrive\Desktop\project 1\code\quic-pqtls-bot-detection\capture\pcap_store\0a7c8b28-5aed-474c-9447-4ea0ac18277d.pcap
1cdeb995-93ac-40be-a1a3-8bb4fb504ced,817df07a-ab28-4c09-b2ea-f6061fc85ced,bot_t3,1787079216.63502,1787079218.4254293,C:\Users\har20\OneDrive\Desktop\project 1\code\quic-pqtls-bot-detection\capture\pcap_store\1cdeb995-93ac-40be-a1a3-8bb4fb504ced.pcap
e4f0135a-7370-45d6-b57b-befbaad56a99,817df07a-ab28-4c09-b2ea-f6061fc85ced,bot_t3,1787079219.615419,1787079221.5396407,C:\Users\har20\OneDrive\Desktop\project 1\code\quic-pqtls-bot-detection\capture\pcap_store\e4f0135a-7370-45d6-b57b-befbaad56a99.pcap
fcd64055-004a-4fdc-9bb4-a45d0d4bdf41,982b17e4-a8cd-4db2-83e9-3b0b3e5a5ef3,bot_t3,1787079222.7474875,1787079224.461729,C:\Users\har20\OneDrive\Desktop\project 1\code\quic-pqtls-bot-detection\capture\pcap_store\fcd64055-004a-4fdc-9bb4-a45d0d4bdf41.pcap
e98cb1e7-3b5d-4596-b606-8a22e088f212,982b17e4-a8cd-4db2-83e9-3b0b3e5a5ef3,bot_t3,1787079225.6461287,1787079227.3407977,C:\Users\har20\OneDrive\Desktop\project 1\code\quic-pqtls-bot-detection\capture\pcap_store\e98cb1e7-3b5d-4596-b606-8a22e088f212.pcap
ccba2c64-cddc-4b56-a746-72624113a4a1,982b17e4-a8cd-4db2-83e9-3b0b3e5a5ef3,bot_t3,1787079228.592933,1787079230.296767,C:\Users\har20\OneDrive\Desktop\project 1\code\quic-pqtls-bot-detection\capture\pcap_store\ccba2c64-cddc-4b56-a746-72624113a4a1.pcap
c09a2868-a114-4078-8ac1-064ee71fda04,982b17e4-a8cd-4db2-83e9-3b0b3e5a5ef3,bot_t3,1787079231.4737077,1787079233.197112,C:\Users\har20\OneDrive\Desktop\project 1\code\quic-pqtls-bot-detection\capture\pcap_store\c09a2868-a114-4078-8ac1-064ee71fda04.pcap
00a0b323-ab69-4676-a0a1-e511ba6b8bc5,5cf755ed-c8e2-40e6-a4e8-6a2f041c7ec9,bot_t3,1787079234.4034085,1787079236.12779,C:\Users\har20\OneDrive\Desktop\project 1\code\quic-pqtls-bot-detection\capture\pcap_store\00a0b323-ab69-4676-a0a1-e511ba6b8bc5.pcap
de894a4e-c6b1-46a3-a91f-9c0a38596d02,5cf755ed-c8e2-40e6-a4e8-6a2f041c7ec9,bot_t3,1787079237.2981014,1787079239.0503042,C:\Users\har20\OneDrive\Desktop\project 1\code\quic-pqtls-bot-detection\capture\pcap_store\de894a4e-c6b1-46a3-a91f-9c0a38596d02.pcap
f4313770-6e7a-4e4e-ac5a-f9932d24ea88,5cf755ed-c8e2-40e6-a4e8-6a2f041c7ec9,bot_t3,1787079240.3036249,1787079242.0244348,C:\Users\har20\OneDrive\Desktop\project 1\code\quic-pqtls-bot-detection\capture\pcap_store\f4313770-6e7a-4e4e-ac5a-f9932d24ea88.pcap
ed428550-411c-4966-9da7-1b1612c6ed02,539685f6-4702-408c-87d8-fda1c3accf6e,bot_t3,1787079243.2158296,1787079244.950357,C:\Users\har20\OneDrive\Desktop\project 1\code\quic-pqtls-bot-detection\capture\pcap_store\ed428550-411c-4966-9da7-1b1612c6ed02.pcap
7f6ada23-c2e2-4b2e-a38b-6f25e58a7658,539685f6-4702-408c-87d8-fda1c3accf6e,bot_t3,1787079246.1731718,1787079247.930746,C:\Users\har20\OneDrive\Desktop\project 1\code\quic-pqtls-bot-detection\capture\pcap_store\7f6ada23-c2e2-4b2e-a38b-6f25e58a7658.pcap
c83bcc7a-920d-4044-bc51-307ea21a7225,539685f6-4702-408c-87d8-fda1c3accf6e,bot_t3,1787079249.1226323,1787079250.8859181,C:\Users\har20\OneDrive\Desktop\project 1\code\quic-pqtls-bot-detection\capture\pcap_store\c83bcc7a-920d-4044-bc51-307ea21a7225.pcap
4bb72075-7372-4f55-b01b-af19a42edbe3,00e8ecb5-fd7d-4731-98eb-3ad9972dcc64,bot_t3,1787079252.087819,1787079253.7885733,C:\Users\har20\OneDrive\Desktop\project 1\code\quic-pqtls-bot-detection\capture\pcap_store\4bb72075-7372-4f55-b01b-af19a42edbe3.pcap
c623119d-1e04-4f70-9d95-2c1e61378eff,00e8ecb5-fd7d-4731-98eb-3ad9972dcc64,bot_t3,1787079254.9620621,1787079256.6836865,C:\Users\har20\OneDrive\Desktop\project 1\code\quic-pqtls-bot-detection\capture\pcap_store\c623119d-1e04-4f70-9d95-2c1e61378eff.pcap
cab190e9-4c3a-4e57-9211-114be18700e4,00e8ecb5-fd7d-4731-98eb-3ad9972dcc64,bot_t3,1787079257.8719778,1787079259.68233,C:\Users\har20\OneDrive\Desktop\project 1\code\quic-pqtls-bot-detection\capture\pcap_store\cab190e9-4c3a-4e57-9211-114be18700e4.pcap
7a2402be-1581-4660-a658-c685f193189f,00e8ecb5-fd7d-4731-98eb-3ad9972dcc64,bot_t3,1787079260.9123318,1787079262.621784,C:\Users\har20\OneDrive\Desktop\project 1\code\quic-pqtls-bot-detection\capture\pcap_store\7a2402be-1581-4660-a658-c685f193189f.pcap
95598dc3-348e-4a66-8a86-814b70bc1a8e,44e33e84-fbb5-4558-a77a-790f5755d240,bot_t3,1787079263.787452,1787079265.560597,C:\Users\har20\OneDrive\Desktop\project 1\code\quic-pqtls-bot-detection\capture\pcap_store\95598dc3-348e-4a66-8a86-814b70bc1a8e.pcap
cee484cc-f220-4c7a-8645-08e1463787a7,44e33e84-fbb5-4558-a77a-790f5755d240,bot_t3,1787079266.7439528,1787079268.4384174,C:\Users\har20\OneDrive\Desktop\project 1\code\quic-pqtls-bot-detection\capture\pcap_store\cee484cc-f220-4c7a-8645-08e1463787a7.pcap
6f3f0b90-34ec-4aa9-b021-e5826676791e,44e33e84-fbb5-4558-a77a-790f5755d240,bot_t3,1787079269.7230182,1787079271.5825584,C:\Users\har20\OneDrive\Desktop\project 1\code\quic-pqtls-bot-detection\capture\pcap_store\6f3f0b90-34ec-4aa9-b021-e5826676791e.pcap
2d82aaea-1099-4e51-887a-c4bf54eff39b,44e33e84-fbb5-4558-a77a-790f5755d240,bot_t3,1787079272.7384963,1787079274.5056655,C:\Users\har20\OneDrive\Desktop\project 1\code\quic-pqtls-bot-detection\capture\pcap_store\2d82aaea-1099-4e51-887a-c4bf54eff39b.pcap
68dce86d-00c4-4265-a267-319ed4478a5a,8df63401-2cb1-4a3c-a5fa-f812a05aa75a,bot_t3,1787079275.6936204,1787079277.4930913,C:\Users\har20\OneDrive\Desktop\project 1\code\quic-pqtls-bot-detection\capture\pcap_store\68dce86d-00c4-4265-a267-319ed4478a5a.pcap
948ab906-a1f3-47ad-a5cb-1603ca6d9226,8df63401-2cb1-4a3c-a5fa-f812a05aa75a,bot_t3,1787079278.6610541,1787079280.3538778,C:\Users\har20\OneDrive\Desktop\project 1\code\quic-pqtls-bot-detection\capture\pcap_store\948ab906-a1f3-47ad-a5cb-1603ca6d9226.pcap
b6e67fec-47e2-4910-8b35-8a782c7c24a6,8df63401-2cb1-4a3c-a5fa-f812a05aa75a,bot_t3,1787079281.5666702,1787079283.3098822,C:\Users\har20\OneDrive\Desktop\project 1\code\quic-pqtls-bot-detection\capture\pcap_store\b6e67fec-47e2-4910-8b35-8a782c7c24a6.pcap
69ec3aab-529d-4821-968c-9fabec101913,d9726a0a-e3cd-4ca3-ad83-3e5b9d603f1b,bot_t3,1787079284.6001658,1787079286.3767383,C:\Users\har20\OneDrive\Desktop\project 1\code\quic-pqtls-bot-detection\capture\pcap_store\69ec3aab-529d-4821-968c-9fabec101913.pcap
a00c3ffe-aca4-4aaa-a4bd-30aefce843e5,d9726a0a-e3cd-4ca3-ad83-3e5b9d603f1b,bot_t3,1787079287.686652,1787079289.5310798,C:\Users\har20\OneDrive\Desktop\project 1\code\quic-pqtls-bot-detection\capture\pcap_store\a00c3ffe-aca4-4aaa-a4bd-30aefce843e5.pcap
89d8a917-523b-4dd5-b6b0-9096a965c7cc,d9726a0a-e3cd-4ca3-ad83-3e5b9d603f1b,bot_t3,1787079290.755336,1787079292.561104,C:\Users\har20\OneDrive\Desktop\project 1\code\quic-pqtls-bot-detection\capture\pcap_store\89d8a917-523b-4dd5-b6b0-9096a965c7cc.pcap
f1ce1514-06f4-4b66-8704-c3625ccfb527,d9726a0a-e3cd-4ca3-ad83-3e5b9d603f1b,bot_t3,1787079293.7638597,1787079295.4750953,C:\Users\har20\OneDrive\Desktop\project 1\code\quic-pqtls-bot-detection\capture\pcap_store\f1ce1514-06f4-4b66-8704-c3625ccfb527.pcap
d8f343db-6ddf-4e09-9d23-3aae10be18b6,d9726a0a-e3cd-4ca3-ad83-3e5b9d603f1b,bot_t3,1787079296.6760907,1787079298.383381,C:\Users\har20\OneDrive\Desktop\project 1\code\quic-pqtls-bot-detection\capture\pcap_store\d8f343db-6ddf-4e09-9d23-3aae10be18b6.pcap
093eae40-77e5-48f4-90b0-683c86435b70,784709f9-84c1-4ee9-9960-40fb8d5585c7,bot_t3,1787079299.5618174,1787079301.3076718,C:\Users\har20\OneDrive\Desktop\project 1\code\quic-pqtls-bot-detection\capture\pcap_store\093eae40-77e5-48f4-90b0-683c86435b70.pcap
f7683f0d-d7b5-4f6d-b3ed-8e09f9db589a,784709f9-84c1-4ee9-9960-40fb8d5585c7,bot_t3,1787079302.5211213,1787079304.2419717,C:\Users\har20\OneDrive\Desktop\project 1\code\quic-pqtls-bot-detection\capture\pcap_store\f7683f0d-d7b5-4f6d-b3ed-8e09f9db589a.pcap
443c17a6-fee0-42cb-8cb8-784f0d98864c,784709f9-84c1-4ee9-9960-40fb8d5585c7,bot_t3,1787079305.5443182,1787079307.2614133,C:\Users\har20\OneDrive\Desktop\project 1\code\quic-pqtls-bot-detection\capture\pcap_store\443c17a6-fee0-42cb-8cb8-784f0d98864c.pcap
88d42210-c30d-42e4-9530-2b2fdf257d25,b28b2408-d58c-41d7-8597-68c0e69375ed,bot_t3,1787079308.4408736,1787079310.1291277,C:\Users\har20\OneDrive\Desktop\project 1\code\quic-pqtls-bot-detection\capture\pcap_store\88d42210-c30d-42e4-9530-2b2fdf257d25.pcap
219edb10-934b-4cea-8971-9f65b7151944,b28b2408-d58c-41d7-8597-68c0e69375ed,bot_t3,1787079311.3038483,1787079313.202301,C:\Users\har20\OneDrive\Desktop\project 1\code\quic-pqtls-bot-detection\capture\pcap_store\219edb10-934b-4cea-8971-9f65b7151944.pcap
a1fa2cf4-f5e7-47a2-90fc-d6d009f0d5b4,b28b2408-d58c-41d7-8597-68c0e69375ed,bot_t3,1787079314.3921509,1787079316.1298914,C:\Users\har20\OneDrive\Desktop\project 1\code\quic-pqtls-bot-detection\capture\pcap_store\a1fa2cf4-f5e7-47a2-90fc-d6d009f0d5b4.pcap
98072d38-243b-4a71-8373-f36ac60f4224,b28b2408-d58c-41d7-8597-68c0e69375ed,bot_t3,1787079317.3158426,1787079319.1753986,C:\Users\har20\OneDrive\Desktop\project 1\code\quic-pqtls-bot-detection\capture\pcap_store\98072d38-243b-4a71-8373-f36ac60f4224.pcap
be00cc03-66f2-4882-8800-697ad92eeb10,b28b2408-d58c-41d7-8597-68c0e69375ed,bot_t3,1787079320.3938825,1787079322.1703796,C:\Users\har20\OneDrive\Desktop\project 1\code\quic-pqtls-bot-detection\capture\pcap_store\be00cc03-66f2-4882-8800-697ad92eeb10.pcap
227657f2-7bfc-4985-aec1-70214c252d43,53455c2b-35e7-40c8-89a9-b5fc9515e3a0,bot_t3,1787079323.466769,1787079325.2181373,C:\Users\har20\OneDrive\Desktop\project 1\code\quic-pqtls-bot-detection\capture\pcap_store\227657f2-7bfc-4985-aec1-70214c252d43.pcap
f34d25f5-bcbb-4391-8d3f-99731a9ac88c,53455c2b-35e7-40c8-89a9-b5fc9515e3a0,bot_t3,1787079326.479285,1787079328.240965,C:\Users\har20\OneDrive\Desktop\project 1\code\quic-pqtls-bot-detection\capture\pcap_store\f34d25f5-bcbb-4391-8d3f-99731a9ac88c.pcap
057fb289-5e19-4967-bebb-798553b11310,53455c2b-35e7-40c8-89a9-b5fc9515e3a0,bot_t3,1787079329.4399645,1787079331.157867,C:\Users\har20\OneDrive\Desktop\project 1\code\quic-pqtls-bot-detection\capture\pcap_store\057fb289-5e19-4967-bebb-798553b11310.pcap
97401ddc-0bf8-41b8-9915-cb3f9ce41a5b,53455c2b-35e7-40c8-89a9-b5fc9515e3a0,bot_t3,1787079332.313206,1787079334.0795608,C:\Users\har20\OneDrive\Desktop\project 1\code\quic-pqtls-bot-detection\capture\pcap_store\97401ddc-0bf8-41b8-9915-cb3f9ce41a5b.pcap
aa863f18-80c1-48dc-9b76-b781f4de2fbd,f091cad9-3066-482e-bb6f-c0c30a99d5fe,bot_t3,1787079335.3172958,1787079337.0464735,C:\Users\har20\OneDrive\Desktop\project 1\code\quic-pqtls-bot-detection\capture\pcap_store\aa863f18-80c1-48dc-9b76-b781f4de2fbd.pcap
194ba9c0-4494-4103-90f6-d5c5c55dc4a2,f091cad9-3066-482e-bb6f-c0c30a99d5fe,bot_t3,1787079338.227298,1787079339.928839,C:\Users\har20\OneDrive\Desktop\project 1\code\quic-pqtls-bot-detection\capture\pcap_store\194ba9c0-4494-4103-90f6-d5c5c55dc4a2.pcap
6209a6ac-7a20-4435-a37b-862710e5baa6,f091cad9-3066-482e-bb6f-c0c30a99d5fe,bot_t3,1787079341.1842747,1787079342.9236622,C:\Users\har20\OneDrive\Desktop\project 1\code\quic-pqtls-bot-detection\capture\pcap_store\6209a6ac-7a20-4435-a37b-862710e5baa6.pcap
985fff4e-9386-4de3-bdf1-89197d220c48,f091cad9-3066-482e-bb6f-c0c30a99d5fe,bot_t3,1787079344.2726865,1787079346.0283756,C:\Users\har20\OneDrive\Desktop\project 1\code\quic-pqtls-bot-detection\capture\pcap_store\985fff4e-9386-4de3-bdf1-89197d220c48.pcap
3bca5f23-e175-48c2-a555-74dd6a8ecd0f,c53672fe-ca26-4073-86e5-600bdb7099fe,bot_t3,1787079347.187452,1787079348.856164,C:\Users\har20\OneDrive\Desktop\project 1\code\quic-pqtls-bot-detection\capture\pcap_store\3bca5f23-e175-48c2-a555-74dd6a8ecd0f.pcap
c01794c0-67f4-4be0-8d2a-3dc26b712cfa,c53672fe-ca26-4073-86e5-600bdb7099fe,bot_t3,1787079350.062916,1787079351.8164713,C:\Users\har20\OneDrive\Desktop\project 1\code\quic-pqtls-bot-detection\capture\pcap_store\c01794c0-67f4-4be0-8d2a-3dc26b712cfa.pcap
f0a81e1e-355f-41ac-aede-c5e6797ade5e,c53672fe-ca26-4073-86e5-600bdb7099fe,bot_t3,1787079353.013624,1787079354.7779937,C:\Users\har20\OneDrive\Desktop\project 1\code\quic-pqtls-bot-detection\capture\pcap_store\f0a81e1e-355f-41ac-aede-c5e6797ade5e.pcap
7b15cfc1-970d-4527-ba7d-6cb4d79b4093,9dd83639-0861-44e8-8dde-df46bfee6b0f,bot_t3,1787079355.941752,1787079357.746544,C:\Users\har20\OneDrive\Desktop\project 1\code\quic-pqtls-bot-detection\capture\pcap_store\7b15cfc1-970d-4527-ba7d-6cb4d79b4093.pcap
7fe53630-ef79-4ff6-a37d-3b1bec5f3bdb,9dd83639-0861-44e8-8dde-df46bfee6b0f,bot_t3,1787079359.0874083,1787079361.0670452,C:\Users\har20\OneDrive\Desktop\project 1\code\quic-pqtls-bot-detection\capture\pcap_store\7fe53630-ef79-4ff6-a37d-3b1bec5f3bdb.pcap
c9b8b244-4923-4041-b938-dc6f78443287,9dd83639-0861-44e8-8dde-df46bfee6b0f,bot_t3,1787079362.259359,1787079364.1567714,C:\Users\har20\OneDrive\Desktop\project 1\code\quic-pqtls-bot-detection\capture\pcap_store\c9b8b244-4923-4041-b938-dc6f78443287.pcap
0d7d19af-bfb4-4257-ac2d-94055d989516,9dd83639-0861-44e8-8dde-df46bfee6b0f,bot_t3,1787079365.3522892,1787079367.0915759,C:\Users\har20\OneDrive\Desktop\project 1\code\quic-pqtls-bot-detection\capture\pcap_store\0d7d19af-bfb4-4257-ac2d-94055d989516.pcap
3324a831-2e36-47cf-95af-28997a3bcc12,9dd83639-0861-44e8-8dde-df46bfee6b0f,bot_t3,1787079368.2844155,1787079370.0397544,C:\Users\har20\OneDrive\Desktop\project 1\code\quic-pqtls-bot-detection\capture\pcap_store\3324a831-2e36-47cf-95af-28997a3bcc12.pcap
60dd84cf-570b-483a-a99d-9c0a5b6e2190,171e165d-204b-4b01-af61-e74bc2e40817,bot_t3,1787079371.443866,1787079373.1998599,C:\Users\har20\OneDrive\Desktop\project 1\code\quic-pqtls-bot-detection\capture\pcap_store\60dd84cf-570b-483a-a99d-9c0a5b6e2190.pcap
8f1160d2-f003-4e92-a0c3-04977b4025a6,171e165d-204b-4b01-af61-e74bc2e40817,bot_t3,1787079374.4867883,1787079376.236956,C:\Users\har20\OneDrive\Desktop\project 1\code\quic-pqtls-bot-detection\capture\pcap_store\8f1160d2-f003-4e92-a0c3-04977b4025a6.pcap
bf0a716f-ee3a-4999-b80b-378de7f61f5a,171e165d-204b-4b01-af61-e74bc2e40817,bot_t3,1787079377.4279683,1787079379.2102606,C:\Users\har20\OneDrive\Desktop\project 1\code\quic-pqtls-bot-detection\capture\pcap_store\bf0a716f-ee3a-4999-b80b-378de7f61f5a.pcap
8ee4985d-a71a-48f4-b2b3-7b883ca10da3,171e165d-204b-4b01-af61-e74bc2e40817,bot_t3,1787079380.502992,1787079382.27114,C:\Users\har20\OneDrive\Desktop\project 1\code\quic-pqtls-bot-detection\capture\pcap_store\8ee4985d-a71a-48f4-b2b3-7b883ca10da3.pcap
89e58735-f6a5-4182-a0ab-36a2c0487ace,2cbe99d0-eb1a-439e-9773-668f8fbcc1ca,bot_t3,1787079383.4850776,1787079385.235244,C:\Users\har20\OneDrive\Desktop\project 1\code\quic-pqtls-bot-detection\capture\pcap_store\89e58735-f6a5-4182-a0ab-36a2c0487ace.pcap
7ee63397-deb1-4f07-a104-bff1d610b6ca,2cbe99d0-eb1a-439e-9773-668f8fbcc1ca,bot_t3,1787079386.49959,1787079388.267456,C:\Users\har20\OneDrive\Desktop\project 1\code\quic-pqtls-bot-detection\capture\pcap_store\7ee63397-deb1-4f07-a104-bff1d610b6ca.pcap
67caec58-9f22-4927-85bc-4a67b793ab1b,2cbe99d0-eb1a-439e-9773-668f8fbcc1ca,bot_t3,1787079389.5664,1787079391.3575127,C:\Users\har20\OneDrive\Desktop\project 1\code\quic-pqtls-bot-detection\capture\pcap_store\67caec58-9f22-4927-85bc-4a67b793ab1b.pcap
cb4a171b-6032-4383-95f8-7ac71a5ae0fe,1a7aeba3-1085-4895-bf7f-488f89c14c64,bot_t3,1787079392.5219958,1787079394.2909997,C:\Users\har20\OneDrive\Desktop\project 1\code\quic-pqtls-bot-detection\capture\pcap_store\cb4a171b-6032-4383-95f8-7ac71a5ae0fe.pcap
e4c128a9-7977-4c10-b386-42923feb0d3d,1a7aeba3-1085-4895-bf7f-488f89c14c64,bot_t3,1787079395.4973223,1787079397.2713754,C:\Users\har20\OneDrive\Desktop\project 1\code\quic-pqtls-bot-detection\capture\pcap_store\e4c128a9-7977-4c10-b386-42923feb0d3d.pcap
ecb894d7-edf8-4839-8ff1-e5c8635c9d12,1a7aeba3-1085-4895-bf7f-488f89c14c64,bot_t3,1787079398.703494,1787079400.6277149,C:\Users\har20\OneDrive\Desktop\project 1\code\quic-pqtls-bot-detection\capture\pcap_store\ecb894d7-edf8-4839-8ff1-e5c8635c9d12.pcap
21a24b97-e66f-40ff-beec-b90508bf2dff,8b15aa57-8890-4d53-8382-14c650c86854,bot_t3,1787079401.814209,1787079403.6087532,C:\Users\har20\OneDrive\Desktop\project 1\code\quic-pqtls-bot-detection\capture\pcap_store\21a24b97-e66f-40ff-beec-b90508bf2dff.pcap
d1a3254b-cdd3-43ca-b052-8f49629e1870,8b15aa57-8890-4d53-8382-14c650c86854,bot_t3,1787079404.8462908,1787079406.6216142,C:\Users\har20\OneDrive\Desktop\project 1\code\quic-pqtls-bot-detection\capture\pcap_store\d1a3254b-cdd3-43ca-b052-8f49629e1870.pcap
16bf90e2-6ea8-4da9-af3a-98aa3e46f1e8,8b15aa57-8890-4d53-8382-14c650c86854,bot_t3,1787079407.7922292,1787079409.5345833,C:\Users\har20\OneDrive\Desktop\project 1\code\quic-pqtls-bot-detection\capture\pcap_store\16bf90e2-6ea8-4da9-af3a-98aa3e46f1e8.pcap
5a0b5b3c-8693-430e-9720-125c3ca0d165,8b15aa57-8890-4d53-8382-14c650c86854,bot_t3,1787079410.7251503,1787079412.470189,C:\Users\har20\OneDrive\Desktop\project 1\code\quic-pqtls-bot-detection\capture\pcap_store\5a0b5b3c-8693-430e-9720-125c3ca0d165.pcap
c260a6f2-8383-4877-8196-16cd386b9c89,8b15aa57-8890-4d53-8382-14c650c86854,bot_t3,1787079413.6600232,1787079415.4608412,C:\Users\har20\OneDrive\Desktop\project 1\code\quic-pqtls-bot-detection\capture\pcap_store\c260a6f2-8383-4877-8196-16cd386b9c89.pcap
1f2def8a-a9c0-493f-8071-bc0987ae48d3,fb9ebc21-bcc3-4e70-a7ac-7de594799bce,bot_t3,1787079416.633968,1787079418.431637,C:\Users\har20\OneDrive\Desktop\project 1\code\quic-pqtls-bot-detection\capture\pcap_store\1f2def8a-a9c0-493f-8071-bc0987ae48d3.pcap
04b8ebd3-0bbb-4bd3-8472-623d6d564df0,fb9ebc21-bcc3-4e70-a7ac-7de594799bce,bot_t3,1787079419.643465,1787079421.3878906,C:\Users\har20\OneDrive\Desktop\project 1\code\quic-pqtls-bot-detection\capture\pcap_store\04b8ebd3-0bbb-4bd3-8472-623d6d564df0.pcap
40b3ea9b-3847-4671-abb8-e4966ade1629,fb9ebc21-bcc3-4e70-a7ac-7de594799bce,bot_t3,1787079422.5758753,1787079424.329346,C:\Users\har20\OneDrive\Desktop\project 1\code\quic-pqtls-bot-detection\capture\pcap_store\40b3ea9b-3847-4671-abb8-e4966ade1629.pcap
231a6cd3-152b-4b39-b2ed-bb2bed86a722,fb9ebc21-bcc3-4e70-a7ac-7de594799bce,bot_t3,1787079425.6224144,1787079427.369306,C:\Users\har20\OneDrive\Desktop\project 1\code\quic-pqtls-bot-detection\capture\pcap_store\231a6cd3-152b-4b39-b2ed-bb2bed86a722.pcap
cd42217a-f106-475a-b0e3-2df4e86d76ed,fb9ebc21-bcc3-4e70-a7ac-7de594799bce,bot_t3,1787079428.5460038,1787079430.3877776,C:\Users\har20\OneDrive\Desktop\project 1\code\quic-pqtls-bot-detection\capture\pcap_store\cd42217a-f106-475a-b0e3-2df4e86d76ed.pcap
fa306cc1-871a-4671-9c1e-4501e704c439,9e4fcc8a-53e4-4e31-ba97-74dc5dc7592a,bot_t3,1787079431.683329,1787079433.4015424,C:\Users\har20\OneDrive\Desktop\project 1\code\quic-pqtls-bot-detection\capture\pcap_store\fa306cc1-871a-4671-9c1e-4501e704c439.pcap
d747e54a-bf76-483e-8b6a-202c3b6944ed,9e4fcc8a-53e4-4e31-ba97-74dc5dc7592a,bot_t3,1787079434.584889,1787079436.38571,C:\Users\har20\OneDrive\Desktop\project 1\code\quic-pqtls-bot-detection\capture\pcap_store\d747e54a-bf76-483e-8b6a-202c3b6944ed.pcap
523d9b7c-4619-49ce-9ae8-ee343035a34d,9e4fcc8a-53e4-4e31-ba97-74dc5dc7592a,bot_t3,1787079437.6021247,1787079439.354828,C:\Users\har20\OneDrive\Desktop\project 1\code\quic-pqtls-bot-detection\capture\pcap_store\523d9b7c-4619-49ce-9ae8-ee343035a34d.pcap
1480f698-e99d-4273-8169-502d5d078fb0,9e4fcc8a-53e4-4e31-ba97-74dc5dc7592a,bot_t3,1787079440.547922,1787079442.3198395,C:\Users\har20\OneDrive\Desktop\project 1\code\quic-pqtls-bot-detection\capture\pcap_store\1480f698-e99d-4273-8169-502d5d078fb0.pcap
7fd9e3c2-00bf-489f-9272-745f2f6d8316,9e4fcc8a-53e4-4e31-ba97-74dc5dc7592a,bot_t3,1787079443.5227528,1787079445.3548868,C:\Users\har20\OneDrive\Desktop\project 1\code\quic-pqtls-bot-detection\capture\pcap_store\7fd9e3c2-00bf-489f-9272-745f2f6d8316.pcap
baecc662-5c33-4a9c-a396-d97bcabafc75,012ff640-ef81-48d2-b67a-cad6a72e5c09,bot_t3,1787079446.7772627,1787079448.6454763,C:\Users\har20\OneDrive\Desktop\project 1\code\quic-pqtls-bot-detection\capture\pcap_store\baecc662-5c33-4a9c-a396-d97bcabafc75.pcap
30eb6899-705e-4c04-8c16-4544a3eac503,012ff640-ef81-48d2-b67a-cad6a72e5c09,bot_t3,1787079449.9078722,1787079451.6387596,C:\Users\har20\OneDrive\Desktop\project 1\code\quic-pqtls-bot-detection\capture\pcap_store\30eb6899-705e-4c04-8c16-4544a3eac503.pcap
77f377d4-effe-4342-b809-c96c6e07f852,012ff640-ef81-48d2-b67a-cad6a72e5c09,bot_t3,1787079452.8350677,1787079454.6256988,C:\Users\har20\OneDrive\Desktop\project 1\code\quic-pqtls-bot-detection\capture\pcap_store\77f377d4-effe-4342-b809-c96c6e07f852.pcap
8e47b355-8e84-4018-866c-4a9152bdbe3c,f41a356f-3c5b-4938-b492-5cd2e39b0e4c,bot_t3,1787079455.8769677,1787079457.725241,C:\Users\har20\OneDrive\Desktop\project 1\code\quic-pqtls-bot-detection\capture\pcap_store\8e47b355-8e84-4018-866c-4a9152bdbe3c.pcap
5ac6e07e-4b32-4658-a633-ea5d6b28a279,f41a356f-3c5b-4938-b492-5cd2e39b0e4c,bot_t3,1787079459.0042384,1787079460.6845515,C:\Users\har20\OneDrive\Desktop\project 1\code\quic-pqtls-bot-detection\capture\pcap_store\5ac6e07e-4b32-4658-a633-ea5d6b28a279.pcap
aa52f18e-c124-48e7-b3c8-1a5f5e9167b8,f41a356f-3c5b-4938-b492-5cd2e39b0e4c,bot_t3,1787079461.954593,1787079463.794383,C:\Users\har20\OneDrive\Desktop\project 1\code\quic-pqtls-bot-detection\capture\pcap_store\aa52f18e-c124-48e7-b3c8-1a5f5e9167b8.pcap
debcc00f-640b-4f9e-8c35-da9c6af70520,f41a356f-3c5b-4938-b492-5cd2e39b0e4c,bot_t3,1787079465.1011643,1787079466.9229505,C:\Users\har20\OneDrive\Desktop\project 1\code\quic-pqtls-bot-detection\capture\pcap_store\debcc00f-640b-4f9e-8c35-da9c6af70520.pcap
d4588fa5-b82a-436d-940f-72e07d1d742e,130bce80-b071-4b78-80df-e0e7d02013c1,bot_t3,1787079468.1251633,1787079469.870664,C:\Users\har20\OneDrive\Desktop\project 1\code\quic-pqtls-bot-detection\capture\pcap_store\d4588fa5-b82a-436d-940f-72e07d1d742e.pcap
fd98f8bd-16a4-46e9-bb09-8622a0c7f1b4,130bce80-b071-4b78-80df-e0e7d02013c1,bot_t3,1787079471.0345426,1787079472.8671875,C:\Users\har20\OneDrive\Desktop\project 1\code\quic-pqtls-bot-detection\capture\pcap_store\fd98f8bd-16a4-46e9-bb09-8622a0c7f1b4.pcap
246dbfc9-4d0a-4d2e-ac84-75084032a4b6,130bce80-b071-4b78-80df-e0e7d02013c1,bot_t3,1787079474.0354297,1787079475.7608666,C:\Users\har20\OneDrive\Desktop\project 1\code\quic-pqtls-bot-detection\capture\pcap_store\246dbfc9-4d0a-4d2e-ac84-75084032a4b6.pcap
6e46d38a-05a2-4477-813f-083dc44ae742,53b72500-02df-4270-9297-f406d1213bb6,bot_t3,1787079477.0816731,1787079478.8611436,C:\Users\har20\OneDrive\Desktop\project 1\code\quic-pqtls-bot-detection\capture\pcap_store\6e46d38a-05a2-4477-813f-083dc44ae742.pcap
a61966fa-429d-4d72-81cc-06d69b1a241e,53b72500-02df-4270-9297-f406d1213bb6,bot_t3,1787079480.1167843,1787079481.898925,C:\Users\har20\OneDrive\Desktop\project 1\code\quic-pqtls-bot-detection\capture\pcap_store\a61966fa-429d-4d72-81cc-06d69b1a241e.pcap
3db6d9bf-0f4c-42e5-9452-96ff2c1054e9,53b72500-02df-4270-9297-f406d1213bb6,bot_t3,1787079483.071874,1787079484.823648,C:\Users\har20\OneDrive\Desktop\project 1\code\quic-pqtls-bot-detection\capture\pcap_store\3db6d9bf-0f4c-42e5-9452-96ff2c1054e9.pcap
142914bc-7663-4f7d-ae2d-51b193ca6c89,53b72500-02df-4270-9297-f406d1213bb6,bot_t3,1787079486.1206608,1787079487.8145618,C:\Users\har20\OneDrive\Desktop\project 1\code\quic-pqtls-bot-detection\capture\pcap_store\142914bc-7663-4f7d-ae2d-51b193ca6c89.pcap
ab5b5584-6bdc-4861-b096-9830ed303e01,53b72500-02df-4270-9297-f406d1213bb6,bot_t3,1787079489.0992231,1787079490.8868825,C:\Users\har20\OneDrive\Desktop\project 1\code\quic-pqtls-bot-detection\capture\pcap_store\ab5b5584-6bdc-4861-b096-9830ed303e01.pcap
33967e6b-47c5-4de1-885b-cba8df7d74ab,5ed1c73d-e11a-488e-8c23-b230e2308bf1,bot_t3,1787079492.120634,1787079493.8392036,C:\Users\har20\OneDrive\Desktop\project 1\code\quic-pqtls-bot-detection\capture\pcap_store\33967e6b-47c5-4de1-885b-cba8df7d74ab.pcap
f0ca3836-2eed-48ed-8011-968c3083c5eb,5ed1c73d-e11a-488e-8c23-b230e2308bf1,bot_t3,1787079495.0053327,1787079496.768577,C:\Users\har20\OneDrive\Desktop\project 1\code\quic-pqtls-bot-detection\capture\pcap_store\f0ca3836-2eed-48ed-8011-968c3083c5eb.pcap
1f4bf9f5-c17e-4cea-a771-032330ae86a0,5ed1c73d-e11a-488e-8c23-b230e2308bf1,bot_t3,1787079497.9812331,1787079499.7626379,C:\Users\har20\OneDrive\Desktop\project 1\code\quic-pqtls-bot-detection\capture\pcap_store\1f4bf9f5-c17e-4cea-a771-032330ae86a0.pcap
c41d08dc-7ed9-49ad-9384-d9e6eace65f5,a47d9032-2647-4771-b73e-f7710333d6a7,bot_t3,1787079500.951034,1787079502.7172084,C:\Users\har20\OneDrive\Desktop\project 1\code\quic-pqtls-bot-detection\capture\pcap_store\c41d08dc-7ed9-49ad-9384-d9e6eace65f5.pcap
4c15581e-d584-4641-990e-1f92ef520032,a47d9032-2647-4771-b73e-f7710333d6a7,bot_t3,1787079503.9665198,1787079505.763526,C:\Users\har20\OneDrive\Desktop\project 1\code\quic-pqtls-bot-detection\capture\pcap_store\4c15581e-d584-4641-990e-1f92ef520032.pcap
1d75ced3-9379-4add-b7d9-07552c914feb,a47d9032-2647-4771-b73e-f7710333d6a7,bot_t3,1787079507.0134592,1787079508.852522,C:\Users\har20\OneDrive\Desktop\project 1\code\quic-pqtls-bot-detection\capture\pcap_store\1d75ced3-9379-4add-b7d9-07552c914feb.pcap
e62e4462-a03f-4acb-aa5f-14280b109be8,a47d9032-2647-4771-b73e-f7710333d6a7,bot_t3,1787079510.1049976,1787079511.8894331,C:\Users\har20\OneDrive\Desktop\project 1\code\quic-pqtls-bot-detection\capture\pcap_store\e62e4462-a03f-4acb-aa5f-14280b109be8.pcap
ec762b41-9383-47a1-bf28-bf020ecf13bf,c4d8cf76-e959-4876-861f-70d008c94281,bot_t3,1787079513.093004,1787079514.7999158,C:\Users\har20\OneDrive\Desktop\project 1\code\quic-pqtls-bot-detection\capture\pcap_store\ec762b41-9383-47a1-bf28-bf020ecf13bf.pcap
3582a7c1-bec5-4718-ab6a-c22cda478de5,c4d8cf76-e959-4876-861f-70d008c94281,bot_t3,1787079516.0075305,1787079517.8111434,C:\Users\har20\OneDrive\Desktop\project 1\code\quic-pqtls-bot-detection\capture\pcap_store\3582a7c1-bec5-4718-ab6a-c22cda478de5.pcap
e440d7a2-b1e1-46e6-bc1c-6ed7d4ba80be,c4d8cf76-e959-4876-861f-70d008c94281,bot_t3,1787079519.0173893,1787079520.7648418,C:\Users\har20\OneDrive\Desktop\project 1\code\quic-pqtls-bot-detection\capture\pcap_store\e440d7a2-b1e1-46e6-bc1c-6ed7d4ba80be.pcap
3a2eaf42-5934-4d11-ac26-45958fb19514,c4d8cf76-e959-4876-861f-70d008c94281,bot_t3,1787079521.9406104,1787079523.675799,C:\Users\har20\OneDrive\Desktop\project 1\code\quic-pqtls-bot-detection\capture\pcap_store\3a2eaf42-5934-4d11-ac26-45958fb19514.pcap
4542ff08-8dc3-489d-874d-c062a56e61e9,c4d8cf76-e959-4876-861f-70d008c94281,bot_t3,1787079524.8783627,1787079526.6913075,C:\Users\har20\OneDrive\Desktop\project 1\code\quic-pqtls-bot-detection\capture\pcap_store\4542ff08-8dc3-489d-874d-c062a56e61e9.pcap
e255cb01-2194-4476-af4d-33fc5ada605f,15d0cbc8-2a25-4c2b-8151-e0001f3a87fe,bot_t3,1787079527.9642227,1787079529.7297533,C:\Users\har20\OneDrive\Desktop\project 1\code\quic-pqtls-bot-detection\capture\pcap_store\e255cb01-2194-4476-af4d-33fc5ada605f.pcap
5b3cf44e-91ad-46ca-9b78-24b15b7266e2,15d0cbc8-2a25-4c2b-8151-e0001f3a87fe,bot_t3,1787079530.9144084,1787079532.6883523,C:\Users\har20\OneDrive\Desktop\project 1\code\quic-pqtls-bot-detection\capture\pcap_store\5b3cf44e-91ad-46ca-9b78-24b15b7266e2.pcap
d2b1fb57-700b-46f2-b63d-cb1ad0121cef,15d0cbc8-2a25-4c2b-8151-e0001f3a87fe,bot_t3,1787079533.9025366,1787079535.6671863,C:\Users\har20\OneDrive\Desktop\project 1\code\quic-pqtls-bot-detection\capture\pcap_store\d2b1fb57-700b-46f2-b63d-cb1ad0121cef.pcap
40158e36-151a-4c00-a7f5-37085e942b17,15d0cbc8-2a25-4c2b-8151-e0001f3a87fe,bot_t3,1787079536.8643737,1787079538.6448283,C:\Users\har20\OneDrive\Desktop\project 1\code\quic-pqtls-bot-detection\capture\pcap_store\40158e36-151a-4c00-a7f5-37085e942b17.pcap
cc06425e-2bf3-4179-83c6-c5996043013e,15d0cbc8-2a25-4c2b-8151-e0001f3a87fe,bot_t3,1787079539.8311012,1787079541.6159713,C:\Users\har20\OneDrive\Desktop\project 1\code\quic-pqtls-bot-detection\capture\pcap_store\cc06425e-2bf3-4179-83c6-c5996043013e.pcap
9c91c08a-b274-4f0b-a5e1-1310244c02c1,de2fb48e-09ef-43be-a3d7-2f3d4bac5e72,bot_t3,1787079542.9173067,1787079544.704933,C:\Users\har20\OneDrive\Desktop\project 1\code\quic-pqtls-bot-detection\capture\pcap_store\9c91c08a-b274-4f0b-a5e1-1310244c02c1.pcap
aa8af155-c24e-45ec-9b1c-30a8f82bdbe3,de2fb48e-09ef-43be-a3d7-2f3d4bac5e72,bot_t3,1787079545.9166012,1787079547.8189666,C:\Users\har20\OneDrive\Desktop\project 1\code\quic-pqtls-bot-detection\capture\pcap_store\aa8af155-c24e-45ec-9b1c-30a8f82bdbe3.pcap
312624d7-c6c7-4eb7-81db-0e6e3abfd752,de2fb48e-09ef-43be-a3d7-2f3d4bac5e72,bot_t3,1787079549.0142841,1787079550.80459,C:\Users\har20\OneDrive\Desktop\project 1\code\quic-pqtls-bot-detection\capture\pcap_store\312624d7-c6c7-4eb7-81db-0e6e3abfd752.pcap
b38f2293-ad9c-4e87-91c7-94d9a53eb19e,af54e9a2-e244-4897-85e2-63187f8d5388,bot_t3,1787079552.0667417,1787079553.918902,C:\Users\har20\OneDrive\Desktop\project 1\code\quic-pqtls-bot-detection\capture\pcap_store\b38f2293-ad9c-4e87-91c7-94d9a53eb19e.pcap
0d148b05-29f8-408f-ab41-1eaf4dd1414e,af54e9a2-e244-4897-85e2-63187f8d5388,bot_t3,1787079555.1290011,1787079556.817958,C:\Users\har20\OneDrive\Desktop\project 1\code\quic-pqtls-bot-detection\capture\pcap_store\0d148b05-29f8-408f-ab41-1eaf4dd1414e.pcap
16d39a11-aa9a-4c73-a675-7c56a05c97ce,af54e9a2-e244-4897-85e2-63187f8d5388,bot_t3,1787079558.022649,1787079559.793771,C:\Users\har20\OneDrive\Desktop\project 1\code\quic-pqtls-bot-detection\capture\pcap_store\16d39a11-aa9a-4c73-a675-7c56a05c97ce.pcap
0a2b77a6-6549-4b14-816c-063a5da4a8c7,af54e9a2-e244-4897-85e2-63187f8d5388,bot_t3,1787079561.1095154,1787079562.8979352,C:\Users\har20\OneDrive\Desktop\project 1\code\quic-pqtls-bot-detection\capture\pcap_store\0a2b77a6-6549-4b14-816c-063a5da4a8c7.pcap
766a9ca4-fdc6-411f-9eaa-4d585ebe7d8d,7579a57f-d2ac-47fe-818a-a3d6894fc96b,bot_t3,1787079564.0764823,1787079565.9158237,C:\Users\har20\OneDrive\Desktop\project 1\code\quic-pqtls-bot-detection\capture\pcap_store\766a9ca4-fdc6-411f-9eaa-4d585ebe7d8d.pcap
3f022027-1870-4249-8fbf-eb618ad44c28,7579a57f-d2ac-47fe-818a-a3d6894fc96b,bot_t3,1787079567.0855436,1787079568.7838767,C:\Users\har20\OneDrive\Desktop\project 1\code\quic-pqtls-bot-detection\capture\pcap_store\3f022027-1870-4249-8fbf-eb618ad44c28.pcap
fae92136-9db4-41b3-a10d-476f95cd7f5e,7579a57f-d2ac-47fe-818a-a3d6894fc96b,bot_t3,1787079569.9856534,1787079571.771015,C:\Users\har20\OneDrive\Desktop\project 1\code\quic-pqtls-bot-detection\capture\pcap_store\fae92136-9db4-41b3-a10d-476f95cd7f5e.pcap
08ef469e-f609-442d-8f87-51a271995351,7579a57f-d2ac-47fe-818a-a3d6894fc96b,bot_t3,1787079573.1631172,1787079574.9419732,C:\Users\har20\OneDrive\Desktop\project 1\code\quic-pqtls-bot-detection\capture\pcap_store\08ef469e-f609-442d-8f87-51a271995351.pcap
dc1e7839-0e6f-493a-87f1-7cb941dbf76b,7579a57f-d2ac-47fe-818a-a3d6894fc96b,bot_t3,1787079576.1599061,1787079577.8692596,C:\Users\har20\OneDrive\Desktop\project 1\code\quic-pqtls-bot-detection\capture\pcap_store\dc1e7839-0e6f-493a-87f1-7cb941dbf76b.pcap
496306db-42f5-4590-a129-0c320017e1d9,e285dd26-5c27-4c28-9fc2-d08e9ad30d2e,bot_t3,1787079579.1808953,1787079580.9317956,C:\Users\har20\OneDrive\Desktop\project 1\code\quic-pqtls-bot-detection\capture\pcap_store\496306db-42f5-4590-a129-0c320017e1d9.pcap
c9130b76-4231-4fb4-973f-ef968b46746d,e285dd26-5c27-4c28-9fc2-d08e9ad30d2e,bot_t3,1787079582.265537,1787079584.05968,C:\Users\har20\OneDrive\Desktop\project 1\code\quic-pqtls-bot-detection\capture\pcap_store\c9130b76-4231-4fb4-973f-ef968b46746d.pcap
b7c48108-e1d0-48ff-ae8b-747295a96e91,e285dd26-5c27-4c28-9fc2-d08e9ad30d2e,bot_t3,1787079585.2680888,1787079587.0163467,C:\Users\har20\OneDrive\Desktop\project 1\code\quic-pqtls-bot-detection\capture\pcap_store\b7c48108-e1d0-48ff-ae8b-747295a96e91.pcap
41757863-f7d3-4cbe-8e42-95cf1bf83cd6,c7866e3e-92b1-440a-b553-a67c20f7aacc,bot_t3,1787079588.5280824,1787079590.2505617,C:\Users\har20\OneDrive\Desktop\project 1\code\quic-pqtls-bot-detection\capture\pcap_store\41757863-f7d3-4cbe-8e42-95cf1bf83cd6.pcap
ba6cc372-4cc6-42fb-872c-7b89b5fe9e59,c7866e3e-92b1-440a-b553-a67c20f7aacc,bot_t3,1787079591.4872434,1787079593.2452233,C:\Users\har20\OneDrive\Desktop\project 1\code\quic-pqtls-bot-detection\capture\pcap_store\ba6cc372-4cc6-42fb-872c-7b89b5fe9e59.pcap
21d1d43a-b0f4-4365-b588-959e93c8d518,c7866e3e-92b1-440a-b553-a67c20f7aacc,bot_t3,1787079594.5227299,1787079596.2822573,C:\Users\har20\OneDrive\Desktop\project 1\code\quic-pqtls-bot-detection\capture\pcap_store\21d1d43a-b0f4-4365-b588-959e93c8d518.pcap
30205897-bee8-4d5f-a5de-7f1c6bfe5f9b,6694d60e-6547-44bd-9eb6-e99baf710f17,bot_t3,1787079597.4622128,1787079599.1840255,C:\Users\har20\OneDrive\Desktop\project 1\code\quic-pqtls-bot-detection\capture\pcap_store\30205897-bee8-4d5f-a5de-7f1c6bfe5f9b.pcap
317a2044-61a7-431a-a90c-9f73a113f7f1,6694d60e-6547-44bd-9eb6-e99baf710f17,bot_t3,1787079600.3758626,1787079602.125567,C:\Users\har20\OneDrive\Desktop\project 1\code\quic-pqtls-bot-detection\capture\pcap_store\317a2044-61a7-431a-a90c-9f73a113f7f1.pcap
62e01c18-ef7a-4430-85d1-cd01a20b8bef,6694d60e-6547-44bd-9eb6-e99baf710f17,bot_t3,1787079603.3528595,1787079605.0290182,C:\Users\har20\OneDrive\Desktop\project 1\code\quic-pqtls-bot-detection\capture\pcap_store\62e01c18-ef7a-4430-85d1-cd01a20b8bef.pcap
11b54bcf-5d7f-4820-82ef-02314a870aa8,6694d60e-6547-44bd-9eb6-e99baf710f17,bot_t3,1787079606.334207,1787079608.0844855,C:\Users\har20\OneDrive\Desktop\project 1\code\quic-pqtls-bot-detection\capture\pcap_store\11b54bcf-5d7f-4820-82ef-02314a870aa8.pcap
bc9c0b95-7250-4c0a-8196-361096a98d21,6694d60e-6547-44bd-9eb6-e99baf710f17,bot_t3,1787079609.249832,1787079610.9903584,C:\Users\har20\OneDrive\Desktop\project 1\code\quic-pqtls-bot-detection\capture\pcap_store\bc9c0b95-7250-4c0a-8196-361096a98d21.pcap
04b94a61-285a-4e95-8cc8-1ab257a939f2,7c6f1864-b9ce-4c0a-8be3-9f3370a0edde,bot_t3,1787079612.386618,1787079614.0993345,C:\Users\har20\OneDrive\Desktop\project 1\code\quic-pqtls-bot-detection\capture\pcap_store\04b94a61-285a-4e95-8cc8-1ab257a939f2.pcap
c98c2d76-166c-4671-9003-47d91aa9b0b2,7c6f1864-b9ce-4c0a-8be3-9f3370a0edde,bot_t3,1787079615.3164062,1787079617.0494454,C:\Users\har20\OneDrive\Desktop\project 1\code\quic-pqtls-bot-detection\capture\pcap_store\c98c2d76-166c-4671-9003-47d91aa9b0b2.pcap
05c5ef07-d1bd-4d29-90ac-15fdc47400e6,7c6f1864-b9ce-4c0a-8be3-9f3370a0edde,bot_t3,1787079618.213515,1787079619.985117,C:\Users\har20\OneDrive\Desktop\project 1\code\quic-pqtls-bot-detection\capture\pcap_store\05c5ef07-d1bd-4d29-90ac-15fdc47400e6.pcap
b362a069-ea80-4343-b209-3550ae41566c,7c6f1864-b9ce-4c0a-8be3-9f3370a0edde,bot_t3,1787079621.27137,1787079623.0962534,C:\Users\har20\OneDrive\Desktop\project 1\code\quic-pqtls-bot-detection\capture\pcap_store\b362a069-ea80-4343-b209-3550ae41566c.pcap
ddfd0e5b-5346-4b59-994c-72c5daf18836,7c6f1864-b9ce-4c0a-8be3-9f3370a0edde,bot_t3,1787079624.2696328,1787079626.0228524,C:\Users\har20\OneDrive\Desktop\project 1\code\quic-pqtls-bot-detection\capture\pcap_store\ddfd0e5b-5346-4b59-994c-72c5daf18836.pcap
97835cdd-942d-4b94-8850-d4130108fdf7,22be7ee0-0012-4a1d-b088-20825406f334,bot_t3,1787079627.280139,1787079629.0600464,C:\Users\har20\OneDrive\Desktop\project 1\code\quic-pqtls-bot-detection\capture\pcap_store\97835cdd-942d-4b94-8850-d4130108fdf7.pcap
e29fd80c-d6de-4403-abe7-974b1a8bbebc,22be7ee0-0012-4a1d-b088-20825406f334,bot_t3,1787079630.3435662,1787079632.08565,C:\Users\har20\OneDrive\Desktop\project 1\code\quic-pqtls-bot-detection\capture\pcap_store\e29fd80c-d6de-4403-abe7-974b1a8bbebc.pcap
63439b50-fda3-4526-9d61-b4574850a4a2,22be7ee0-0012-4a1d-b088-20825406f334,bot_t3,1787079633.2883909,1787079635.0174172,C:\Users\har20\OneDrive\Desktop\project 1\code\quic-pqtls-bot-detection\capture\pcap_store\63439b50-fda3-4526-9d61-b4574850a4a2.pcap
8ff87133-8ded-4c15-abcf-f8c29989b7d9,22be7ee0-0012-4a1d-b088-20825406f334,bot_t3,1787079636.2883306,1787079638.0042977,C:\Users\har20\OneDrive\Desktop\project 1\code\quic-pqtls-bot-detection\capture\pcap_store\8ff87133-8ded-4c15-abcf-f8c29989b7d9.pcap
4e7af64d-df7a-4ae5-b0e6-f8fc72a4943e,4ae1476c-87e8-44ae-a1f2-74ccbc909af5,bot_t3,1787079639.3113897,1787079641.1133964,C:\Users\har20\OneDrive\Desktop\project 1\code\quic-pqtls-bot-detection\capture\pcap_store\4e7af64d-df7a-4ae5-b0e6-f8fc72a4943e.pcap
f1c3128f-beb4-4c7b-a5df-cbad947a7389,4ae1476c-87e8-44ae-a1f2-74ccbc909af5,bot_t3,1787079642.3153832,1787079644.0539203,C:\Users\har20\OneDrive\Desktop\project 1\code\quic-pqtls-bot-detection\capture\pcap_store\f1c3128f-beb4-4c7b-a5df-cbad947a7389.pcap
95d3a5e3-169b-4ef4-bc4b-595dbb157cfc,4ae1476c-87e8-44ae-a1f2-74ccbc909af5,bot_t3,1787079645.2387538,1787079646.9708319,C:\Users\har20\OneDrive\Desktop\project 1\code\quic-pqtls-bot-detection\capture\pcap_store\95d3a5e3-169b-4ef4-bc4b-595dbb157cfc.pcap
13dcb46f-44f2-414f-80f4-8e64a5ad730b,4ae1476c-87e8-44ae-a1f2-74ccbc909af5,bot_t3,1787079648.2631235,1787079649.99927,C:\Users\har20\OneDrive\Desktop\project 1\code\quic-pqtls-bot-detection\capture\pcap_store\13dcb46f-44f2-414f-80f4-8e64a5ad730b.pcap
94db2247-38a6-4fb1-9ecd-9a58f3f7b431,4ae1476c-87e8-44ae-a1f2-74ccbc909af5,bot_t3,1787079651.1594076,1787079652.9228528,C:\Users\har20\OneDrive\Desktop\project 1\code\quic-pqtls-bot-detection\capture\pcap_store\94db2247-38a6-4fb1-9ecd-9a58f3f7b431.pcap
1965e0f5-0abf-4e7d-bc07-116bd8f6e929,09009b0a-8fc3-4081-877b-435cf3be98a6,bot_t3,1787079654.106253,1787079655.8948207,C:\Users\har20\OneDrive\Desktop\project 1\code\quic-pqtls-bot-detection\capture\pcap_store\1965e0f5-0abf-4e7d-bc07-116bd8f6e929.pcap
51321cbf-cbd1-4ebe-85e2-5802fced9ac6,09009b0a-8fc3-4081-877b-435cf3be98a6,bot_t3,1787079657.1334393,1787079658.8793378,C:\Users\har20\OneDrive\Desktop\project 1\code\quic-pqtls-bot-detection\capture\pcap_store\51321cbf-cbd1-4ebe-85e2-5802fced9ac6.pcap
ecd5ec9a-8e98-4ade-b14e-aa8ff35cf2eb,09009b0a-8fc3-4081-877b-435cf3be98a6,bot_t3,1787079660.0910404,1787079661.9132593,C:\Users\har20\OneDrive\Desktop\project 1\code\quic-pqtls-bot-detection\capture\pcap_store\ecd5ec9a-8e98-4ade-b14e-aa8ff35cf2eb.pcap
b1704017-6206-4455-afd4-9a624d5256cc,09009b0a-8fc3-4081-877b-435cf3be98a6,bot_t3,1787079663.1036437,1787079664.8563213,C:\Users\har20\OneDrive\Desktop\project 1\code\quic-pqtls-bot-detection\capture\pcap_store\b1704017-6206-4455-afd4-9a624d5256cc.pcap
85339a2c-12db-4f9c-b850-264363829a93,09009b0a-8fc3-4081-877b-435cf3be98a6,bot_t3,1787079666.0478334,1787079667.7790132,C:\Users\har20\OneDrive\Desktop\project 1\code\quic-pqtls-bot-detection\capture\pcap_store\85339a2c-12db-4f9c-b850-264363829a93.pcap
6804bad9-a623-47f8-b6f3-2258ad967d35,cc049cf5-a602-413f-bc42-eecf8f0aa0e8,bot_t3,1787079668.9767356,1787079670.7088196,C:\Users\har20\OneDrive\Desktop\project 1\code\quic-pqtls-bot-detection\capture\pcap_store\6804bad9-a623-47f8-b6f3-2258ad967d35.pcap
1a8810bb-ac4d-4ef4-91a1-8f29a4a6ac44,cc049cf5-a602-413f-bc42-eecf8f0aa0e8,bot_t3,1787079671.9509418,1787079673.6881764,C:\Users\har20\OneDrive\Desktop\project 1\code\quic-pqtls-bot-detection\capture\pcap_store\1a8810bb-ac4d-4ef4-91a1-8f29a4a6ac44.pcap
9c8360f3-4ff7-4204-bf75-72f42da2aa4e,cc049cf5-a602-413f-bc42-eecf8f0aa0e8,bot_t3,1787079674.895347,1787079676.597589,C:\Users\har20\OneDrive\Desktop\project 1\code\quic-pqtls-bot-detection\capture\pcap_store\9c8360f3-4ff7-4204-bf75-72f42da2aa4e.pcap
9aa2ea84-cf94-4a63-8a58-6293aab1777c,cc049cf5-a602-413f-bc42-eecf8f0aa0e8,bot_t3,1787079677.811517,1787079679.5776536,C:\Users\har20\OneDrive\Desktop\project 1\code\quic-pqtls-bot-detection\capture\pcap_store\9aa2ea84-cf94-4a63-8a58-6293aab1777c.pcap
c94f4e1d-9031-406d-86f5-adc6535bf33d,cc049cf5-a602-413f-bc42-eecf8f0aa0e8,bot_t3,1787079680.7558994,1787079682.4996266,C:\Users\har20\OneDrive\Desktop\project 1\code\quic-pqtls-bot-detection\capture\pcap_store\c94f4e1d-9031-406d-86f5-adc6535bf33d.pcap
55a0f8bd-f839-4dd1-9be5-393860bdd658,fad0a4d5-b125-4f26-9d26-9f162170ecf7,bot_t3,1787079683.7809577,1787079685.5483298,C:\Users\har20\OneDrive\Desktop\project 1\code\quic-pqtls-bot-detection\capture\pcap_store\55a0f8bd-f839-4dd1-9be5-393860bdd658.pcap
a5001d3a-05aa-4c94-89ba-31b346bbcad1,fad0a4d5-b125-4f26-9d26-9f162170ecf7,bot_t3,1787079686.721997,1787079688.5447981,C:\Users\har20\OneDrive\Desktop\project 1\code\quic-pqtls-bot-detection\capture\pcap_store\a5001d3a-05aa-4c94-89ba-31b346bbcad1.pcap
6e67d5de-3056-4df7-a159-4f63ee4a1b16,fad0a4d5-b125-4f26-9d26-9f162170ecf7,bot_t3,1787079689.69674,1787079691.4256263,C:\Users\har20\OneDrive\Desktop\project 1\code\quic-pqtls-bot-detection\capture\pcap_store\6e67d5de-3056-4df7-a159-4f63ee4a1b16.pcap
a0d3b6a5-eb3d-46c3-a14b-a6eb0a036e26,fad0a4d5-b125-4f26-9d26-9f162170ecf7,bot_t3,1787079692.6072552,1787079694.39403,C:\Users\har20\OneDrive\Desktop\project 1\code\quic-pqtls-bot-detection\capture\pcap_store\a0d3b6a5-eb3d-46c3-a14b-a6eb0a036e26.pcap
e08ca75f-faab-41d6-bf6c-b01d93ef422f,a837b2ae-175a-4780-8f6f-ab3f7b641aa1,bot_t3,1787079695.5552104,1787079697.3203743,C:\Users\har20\OneDrive\Desktop\project 1\code\quic-pqtls-bot-detection\capture\pcap_store\e08ca75f-faab-41d6-bf6c-b01d93ef422f.pcap
4a260dc0-3c20-4e65-9940-d90a962b42a6,a837b2ae-175a-4780-8f6f-ab3f7b641aa1,bot_t3,1787079698.487444,1787079700.2143033,C:\Users\har20\OneDrive\Desktop\project 1\code\quic-pqtls-bot-detection\capture\pcap_store\4a260dc0-3c20-4e65-9940-d90a962b42a6.pcap
a2f07f55-086b-42a7-93e5-d590909c5224,a837b2ae-175a-4780-8f6f-ab3f7b641aa1,bot_t3,1787079701.5700219,1787079703.4418838,C:\Users\har20\OneDrive\Desktop\project 1\code\quic-pqtls-bot-detection\capture\pcap_store\a2f07f55-086b-42a7-93e5-d590909c5224.pcap
7d94f154-095d-43cd-a6f8-2bb56d1ed697,ac17efc5-7001-4d36-9ba8-cc5fa6a77238,bot_t3,1787079704.6357338,1787079706.3729408,C:\Users\har20\OneDrive\Desktop\project 1\code\quic-pqtls-bot-detection\capture\pcap_store\7d94f154-095d-43cd-a6f8-2bb56d1ed697.pcap
29b843d7-c7b2-4033-9561-0a0820f9d48c,ac17efc5-7001-4d36-9ba8-cc5fa6a77238,bot_t3,1787079707.565628,1787079709.3456054,C:\Users\har20\OneDrive\Desktop\project 1\code\quic-pqtls-bot-detection\capture\pcap_store\29b843d7-c7b2-4033-9561-0a0820f9d48c.pcap
fee239cb-6f6c-4c21-b1d5-1e12e0f2547f,ac17efc5-7001-4d36-9ba8-cc5fa6a77238,bot_t3,1787079710.4965398,1787079712.1811948,C:\Users\har20\OneDrive\Desktop\project 1\code\quic-pqtls-bot-detection\capture\pcap_store\fee239cb-6f6c-4c21-b1d5-1e12e0f2547f.pcap
e25af03a-cd49-483f-a983-fbd498887658,ab3872e8-250b-49e4-8b61-15b038925030,bot_t3,1787079713.372857,1787079715.0858057,C:\Users\har20\OneDrive\Desktop\project 1\code\quic-pqtls-bot-detection\capture\pcap_store\e25af03a-cd49-483f-a983-fbd498887658.pcap
3a7d243f-94c6-4baf-b531-27284b61c0f9,ab3872e8-250b-49e4-8b61-15b038925030,bot_t3,1787079716.3149903,1787079718.2508547,C:\Users\har20\OneDrive\Desktop\project 1\code\quic-pqtls-bot-detection\capture\pcap_store\3a7d243f-94c6-4baf-b531-27284b61c0f9.pcap
552f4592-acde-4086-bf27-010fa73ac06a,ab3872e8-250b-49e4-8b61-15b038925030,bot_t3,1787079719.4665866,1787079721.3369932,C:\Users\har20\OneDrive\Desktop\project 1\code\quic-pqtls-bot-detection\capture\pcap_store\552f4592-acde-4086-bf27-010fa73ac06a.pcap
919558e1-e7ab-482f-a37c-738b3ba796d1,ab3872e8-250b-49e4-8b61-15b038925030,bot_t3,1787079722.5666468,1787079724.383126,C:\Users\har20\OneDrive\Desktop\project 1\code\quic-pqtls-bot-detection\capture\pcap_store\919558e1-e7ab-482f-a37c-738b3ba796d1.pcap
1e0d5eb0-2421-4406-b94d-7601e8c907f3,9b521195-2603-4f7e-acfa-8e33bd7fd058,bot_t3,1787079725.5484004,1787079727.385386,C:\Users\har20\OneDrive\Desktop\project 1\code\quic-pqtls-bot-detection\capture\pcap_store\1e0d5eb0-2421-4406-b94d-7601e8c907f3.pcap
4ee082e4-22b6-45b2-9ed2-52d7973f4210,9b521195-2603-4f7e-acfa-8e33bd7fd058,bot_t3,1787079728.630361,1787079730.3857894,C:\Users\har20\OneDrive\Desktop\project 1\code\quic-pqtls-bot-detection\capture\pcap_store\4ee082e4-22b6-45b2-9ed2-52d7973f4210.pcap
11975652-244a-4b47-b000-55d06baddc79,9b521195-2603-4f7e-acfa-8e33bd7fd058,bot_t3,1787079731.554458,1787079733.3749456,C:\Users\har20\OneDrive\Desktop\project 1\code\quic-pqtls-bot-detection\capture\pcap_store\11975652-244a-4b47-b000-55d06baddc79.pcap
4b6f8686-597b-4e4c-a3c2-7f407bae8ff8,9b521195-2603-4f7e-acfa-8e33bd7fd058,bot_t3,1787079734.5910873,1787079736.3363352,C:\Users\har20\OneDrive\Desktop\project 1\code\quic-pqtls-bot-detection\capture\pcap_store\4b6f8686-597b-4e4c-a3c2-7f407bae8ff8.pcap
aac1f0c3-f343-4ea0-8bd7-4a8758cfe299,44fdaa0d-3fb7-4f70-a26d-b1737032d1ef,bot_t3,1787079737.5612657,1787079739.3477893,C:\Users\har20\OneDrive\Desktop\project 1\code\quic-pqtls-bot-detection\capture\pcap_store\aac1f0c3-f343-4ea0-8bd7-4a8758cfe299.pcap
8689d11c-31a0-4421-aa85-4147471ff66f,44fdaa0d-3fb7-4f70-a26d-b1737032d1ef,bot_t3,1787079740.6774745,1787079742.746201,C:\Users\har20\OneDrive\Desktop\project 1\code\quic-pqtls-bot-detection\capture\pcap_store\8689d11c-31a0-4421-aa85-4147471ff66f.pcap
2f15d870-ec70-432b-b94f-35edfc8f94f2,44fdaa0d-3fb7-4f70-a26d-b1737032d1ef,bot_t3,1787079744.2944415,1787079746.2075036,C:\Users\har20\OneDrive\Desktop\project 1\code\quic-pqtls-bot-detection\capture\pcap_store\2f15d870-ec70-432b-b94f-35edfc8f94f2.pcap
a66c1418-3fe2-400e-8a43-518593cef9eb,cbee65a7-dec9-42a8-bc94-a8fc08e7b250,bot_t3,1787079747.687081,1787079749.8423495,C:\Users\har20\OneDrive\Desktop\project 1\code\quic-pqtls-bot-detection\capture\pcap_store\a66c1418-3fe2-400e-8a43-518593cef9eb.pcap
b7831729-c986-46ca-acc6-741c3a1f4afe,cbee65a7-dec9-42a8-bc94-a8fc08e7b250,bot_t3,1787079751.247744,1787079753.132714,C:\Users\har20\OneDrive\Desktop\project 1\code\quic-pqtls-bot-detection\capture\pcap_store\b7831729-c986-46ca-acc6-741c3a1f4afe.pcap
e2efa359-6fc1-4f92-8fdf-d632db83b1db,cbee65a7-dec9-42a8-bc94-a8fc08e7b250,bot_t3,1787079754.5711575,1787079756.4015546,C:\Users\har20\OneDrive\Desktop\project 1\code\quic-pqtls-bot-detection\capture\pcap_store\e2efa359-6fc1-4f92-8fdf-d632db83b1db.pcap
881bd888-a0fa-4871-9510-515392aece56,cbee65a7-dec9-42a8-bc94-a8fc08e7b250,bot_t3,1787079757.7849655,1787079759.8576462,C:\Users\har20\OneDrive\Desktop\project 1\code\quic-pqtls-bot-detection\capture\pcap_store\881bd888-a0fa-4871-9510-515392aece56.pcap
8412869a-9d06-4bab-a1b0-30531f462f3d,cbee65a7-dec9-42a8-bc94-a8fc08e7b250,bot_t3,1787079761.1014276,1787079762.8320918,C:\Users\har20\OneDrive\Desktop\project 1\code\quic-pqtls-bot-detection\capture\pcap_store\8412869a-9d06-4bab-a1b0-30531f462f3d.pcap
c9de0a93-f704-42cb-97de-c8408eb6fa81,7dc73737-4acb-4f27-b20e-d18021b83909,bot_t3,1787079763.989972,1787079765.7005343,C:\Users\har20\OneDrive\Desktop\project 1\code\quic-pqtls-bot-detection\capture\pcap_store\c9de0a93-f704-42cb-97de-c8408eb6fa81.pcap
06ac5428-9ecf-451b-9dce-27ee8f93737c,7dc73737-4acb-4f27-b20e-d18021b83909,bot_t3,1787079766.9594967,1787079768.8042257,C:\Users\har20\OneDrive\Desktop\project 1\code\quic-pqtls-bot-detection\capture\pcap_store\06ac5428-9ecf-451b-9dce-27ee8f93737c.pcap
fc836abc-ed5e-431e-92b6-92c7eb210a5e,7dc73737-4acb-4f27-b20e-d18021b83909,bot_t3,1787079770.0413823,1787079771.8296597,C:\Users\har20\OneDrive\Desktop\project 1\code\quic-pqtls-bot-detection\capture\pcap_store\fc836abc-ed5e-431e-92b6-92c7eb210a5e.pcap
758491a9-ad22-4951-9688-0232421f453e,f4ada526-79f0-4ac5-beb9-6af70ae59833,bot_t3,1787079773.138641,1787079774.9639654,C:\Users\har20\OneDrive\Desktop\project 1\code\quic-pqtls-bot-detection\capture\pcap_store\758491a9-ad22-4951-9688-0232421f453e.pcap
96c16ee9-1374-469d-b136-5135be885d57,f4ada526-79f0-4ac5-beb9-6af70ae59833,bot_t3,1787079776.3255289,1787079778.076313,C:\Users\har20\OneDrive\Desktop\project 1\code\quic-pqtls-bot-detection\capture\pcap_store\96c16ee9-1374-469d-b136-5135be885d57.pcap
0960743c-052c-4f24-847a-df0aa999197b,f4ada526-79f0-4ac5-beb9-6af70ae59833,bot_t3,1787079779.3591049,1787079781.1491468,C:\Users\har20\OneDrive\Desktop\project 1\code\quic-pqtls-bot-detection\capture\pcap_store\0960743c-052c-4f24-847a-df0aa999197b.pcap
9e651bad-c78c-46a9-9c4f-d15da9ad5bb4,f4ada526-79f0-4ac5-beb9-6af70ae59833,bot_t3,1787079782.3887439,1787079784.255221,C:\Users\har20\OneDrive\Desktop\project 1\code\quic-pqtls-bot-detection\capture\pcap_store\9e651bad-c78c-46a9-9c4f-d15da9ad5bb4.pcap
b22a3929-70d3-4a69-8cc9-7eface4f3f49,f4ada526-79f0-4ac5-beb9-6af70ae59833,bot_t3,1787079785.6090083,1787079787.409494,C:\Users\har20\OneDrive\Desktop\project 1\code\quic-pqtls-bot-detection\capture\pcap_store\b22a3929-70d3-4a69-8cc9-7eface4f3f49.pcap
603c0415-a275-475e-b5b8-8aa8a76d3190,c0a4a863-04cb-45e0-98be-d6c0208c0f3d,bot_t3,1787079788.688032,1787079790.506474,C:\Users\har20\OneDrive\Desktop\project 1\code\quic-pqtls-bot-detection\capture\pcap_store\603c0415-a275-475e-b5b8-8aa8a76d3190.pcap
f6ecc8f2-5758-4ef2-991f-2bf9371667fb,c0a4a863-04cb-45e0-98be-d6c0208c0f3d,bot_t3,1787079791.7202837,1787079793.489309,C:\Users\har20\OneDrive\Desktop\project 1\code\quic-pqtls-bot-detection\capture\pcap_store\f6ecc8f2-5758-4ef2-991f-2bf9371667fb.pcap
1ed5b824-de6a-4a59-8d15-55d0a4201eb8,c0a4a863-04cb-45e0-98be-d6c0208c0f3d,bot_t3,1787079794.7911472,1787079796.5773978,C:\Users\har20\OneDrive\Desktop\project 1\code\quic-pqtls-bot-detection\capture\pcap_store\1ed5b824-de6a-4a59-8d15-55d0a4201eb8.pcap
4afa4dd4-535b-46b6-8506-3be61712ad1b,c0a4a863-04cb-45e0-98be-d6c0208c0f3d,bot_t3,1787079797.8543563,1787079799.6902506,C:\Users\har20\OneDrive\Desktop\project 1\code\quic-pqtls-bot-detection\capture\pcap_store\4afa4dd4-535b-46b6-8506-3be61712ad1b.pcap
bbadfbc4-f884-417d-ae71-8854fca2e787,c0a4a863-04cb-45e0-98be-d6c0208c0f3d,bot_t3,1787079800.93693,1787079802.7750363,C:\Users\har20\OneDrive\Desktop\project 1\code\quic-pqtls-bot-detection\capture\pcap_store\bbadfbc4-f884-417d-ae71-8854fca2e787.pcap
a1168e6f-775a-4c11-940c-904add943ebf,2e39baa1-df4f-4e94-828c-7c56e75888f5,bot_t3,1787079804.1466053,1787079805.9278939,C:\Users\har20\OneDrive\Desktop\project 1\code\quic-pqtls-bot-detection\capture\pcap_store\a1168e6f-775a-4c11-940c-904add943ebf.pcap
9ff39f1f-be8d-40fa-bcd8-b4d34038e9f2,2e39baa1-df4f-4e94-828c-7c56e75888f5,bot_t3,1787079807.2231064,1787079809.08645,C:\Users\har20\OneDrive\Desktop\project 1\code\quic-pqtls-bot-detection\capture\pcap_store\9ff39f1f-be8d-40fa-bcd8-b4d34038e9f2.pcap
efbf8e51-508e-4a27-aa1f-f0ea8e7c0055,2e39baa1-df4f-4e94-828c-7c56e75888f5,bot_t3,1787079810.3487637,1787079812.175299,C:\Users\har20\OneDrive\Desktop\project 1\code\quic-pqtls-bot-detection\capture\pcap_store\efbf8e51-508e-4a27-aa1f-f0ea8e7c0055.pcap
b5cfe81d-9677-4153-8c6a-fe64de14f4cc,abedff38-ebd3-46c2-9a41-547117fda41a,bot_t3,1787079813.5270088,1787079815.304725,C:\Users\har20\OneDrive\Desktop\project 1\code\quic-pqtls-bot-detection\capture\pcap_store\b5cfe81d-9677-4153-8c6a-fe64de14f4cc.pcap
53abdab6-04fc-40a6-84b7-a7d9f45f5591,abedff38-ebd3-46c2-9a41-547117fda41a,bot_t3,1787079816.599542,1787079818.3911192,C:\Users\har20\OneDrive\Desktop\project 1\code\quic-pqtls-bot-detection\capture\pcap_store\53abdab6-04fc-40a6-84b7-a7d9f45f5591.pcap
c7656547-6411-4d29-8cd4-115884537132,abedff38-ebd3-46c2-9a41-547117fda41a,bot_t3,1787079819.747219,1787079821.5029376,C:\Users\har20\OneDrive\Desktop\project 1\code\quic-pqtls-bot-detection\capture\pcap_store\c7656547-6411-4d29-8cd4-115884537132.pcap
a36ce762-3ee5-4b3b-9054-07e41cdf33da,abedff38-ebd3-46c2-9a41-547117fda41a,bot_t3,1787079822.7494335,1787079824.596049,C:\Users\har20\OneDrive\Desktop\project 1\code\quic-pqtls-bot-detection\capture\pcap_store\a36ce762-3ee5-4b3b-9054-07e41cdf33da.pcap
44ed73b7-dc2b-43d8-aad5-15f4e0a037fb,abedff38-ebd3-46c2-9a41-547117fda41a,bot_t3,1787079825.9614022,1787079827.787475,C:\Users\har20\OneDrive\Desktop\project 1\code\quic-pqtls-bot-detection\capture\pcap_store\44ed73b7-dc2b-43d8-aad5-15f4e0a037fb.pcap
9075137c-6cee-4f49-964c-3cf2870b8457,ffe950ee-1898-4692-98e3-9d85677e18a5,bot_t3,1787079829.0778098,1787079830.839426,C:\Users\har20\OneDrive\Desktop\project 1\code\quic-pqtls-bot-detection\capture\pcap_store\9075137c-6cee-4f49-964c-3cf2870b8457.pcap
383f3470-4e5c-4dc5-b814-9e5224f70735,ffe950ee-1898-4692-98e3-9d85677e18a5,bot_t3,1787079832.061954,1787079833.7946224,C:\Users\har20\OneDrive\Desktop\project 1\code\quic-pqtls-bot-detection\capture\pcap_store\383f3470-4e5c-4dc5-b814-9e5224f70735.pcap
aef533db-8e79-4ecc-a720-d23d515106a5,ffe950ee-1898-4692-98e3-9d85677e18a5,bot_t3,1787079835.031304,1787079836.789454,C:\Users\har20\OneDrive\Desktop\project 1\code\quic-pqtls-bot-detection\capture\pcap_store\aef533db-8e79-4ecc-a720-d23d515106a5.pcap
041f0b72-6073-4b23-9fa8-0fb3bfd1d36b,ffe950ee-1898-4692-98e3-9d85677e18a5,bot_t3,1787079838.0006478,1787079839.734163,C:\Users\har20\OneDrive\Desktop\project 1\code\quic-pqtls-bot-detection\capture\pcap_store\041f0b72-6073-4b23-9fa8-0fb3bfd1d36b.pcap
507596a8-d805-43e3-8797-c490ea664df7,d94320bd-0fce-4e8a-a62b-0aacc897eeed,bot_t3,1787079840.9704003,1787079842.6990945,C:\Users\har20\OneDrive\Desktop\project 1\code\quic-pqtls-bot-detection\capture\pcap_store\507596a8-d805-43e3-8797-c490ea664df7.pcap
50238577-0515-4ad6-a3de-f30dde179cb4,d94320bd-0fce-4e8a-a62b-0aacc897eeed,bot_t3,1787079843.9233465,1787079845.7342596,C:\Users\har20\OneDrive\Desktop\project 1\code\quic-pqtls-bot-detection\capture\pcap_store\50238577-0515-4ad6-a3de-f30dde179cb4.pcap
878aa445-4f54-4101-9199-82f23c0f1c49,d94320bd-0fce-4e8a-a62b-0aacc897eeed,bot_t3,1787079846.9639509,1787079848.8287413,C:\Users\har20\OneDrive\Desktop\project 1\code\quic-pqtls-bot-detection\capture\pcap_store\878aa445-4f54-4101-9199-82f23c0f1c49.pcap
54c9bae0-2a64-4f90-9148-767c0e87cb98,d94320bd-0fce-4e8a-a62b-0aacc897eeed,bot_t3,1787079850.0951684,1787079851.8458683,C:\Users\har20\OneDrive\Desktop\project 1\code\quic-pqtls-bot-detection\capture\pcap_store\54c9bae0-2a64-4f90-9148-767c0e87cb98.pcap
74ff4faa-51f0-415d-a8ce-7320fe5e2541,73346966-bdd4-4c5e-a8e9-71746867561f,bot_t3,1787079853.0432057,1787079854.8948948,C:\Users\har20\OneDrive\Desktop\project 1\code\quic-pqtls-bot-detection\capture\pcap_store\74ff4faa-51f0-415d-a8ce-7320fe5e2541.pcap
c7a08eaa-8793-465a-9b47-1412f0c9116b,73346966-bdd4-4c5e-a8e9-71746867561f,bot_t3,1787079856.1139956,1787079857.8866103,C:\Users\har20\OneDrive\Desktop\project 1\code\quic-pqtls-bot-detection\capture\pcap_store\c7a08eaa-8793-465a-9b47-1412f0c9116b.pcap
fb28b161-4731-40ef-8918-945e26d55035,73346966-bdd4-4c5e-a8e9-71746867561f,bot_t3,1787079859.1189418,1787079860.989343,C:\Users\har20\OneDrive\Desktop\project 1\code\quic-pqtls-bot-detection\capture\pcap_store\fb28b161-4731-40ef-8918-945e26d55035.pcap
572a2168-85c7-4d7c-914a-16c90c3bf3de,73346966-bdd4-4c5e-a8e9-71746867561f,bot_t3,1787079862.235633,1787079864.164088,C:\Users\har20\OneDrive\Desktop\project 1\code\quic-pqtls-bot-detection\capture\pcap_store\572a2168-85c7-4d7c-914a-16c90c3bf3de.pcap
943cdc29-320f-4820-a945-5d0fc86450ba,9f136560-58c2-405e-b74d-6b3809fcd28b,bot_t3,1787079865.4111743,1787079867.1235754,C:\Users\har20\OneDrive\Desktop\project 1\code\quic-pqtls-bot-detection\capture\pcap_store\943cdc29-320f-4820-a945-5d0fc86450ba.pcap
06715aa3-ab04-4166-9798-502c18d3441a,9f136560-58c2-405e-b74d-6b3809fcd28b,bot_t3,1787079868.3618567,1787079870.1967516,C:\Users\har20\OneDrive\Desktop\project 1\code\quic-pqtls-bot-detection\capture\pcap_store\06715aa3-ab04-4166-9798-502c18d3441a.pcap
d4fcf172-5086-413b-a752-7a1e7e5fcbf1,9f136560-58c2-405e-b74d-6b3809fcd28b,bot_t3,1787079871.4226854,1787079873.3057642,C:\Users\har20\OneDrive\Desktop\project 1\code\quic-pqtls-bot-detection\capture\pcap_store\d4fcf172-5086-413b-a752-7a1e7e5fcbf1.pcap
e157fa0c-67fb-44c1-97cc-e0f8fcacbe86,5ef3fd2b-ac93-4c7f-a80d-754b0362241d,bot_t3,1787079874.569944,1787079876.4400656,C:\Users\har20\OneDrive\Desktop\project 1\code\quic-pqtls-bot-detection\capture\pcap_store\e157fa0c-67fb-44c1-97cc-e0f8fcacbe86.pcap
0c48e2f8-e886-406e-8e96-edaa8ed157ed,5ef3fd2b-ac93-4c7f-a80d-754b0362241d,bot_t3,1787079877.7809014,1787079879.566658,C:\Users\har20\OneDrive\Desktop\project 1\code\quic-pqtls-bot-detection\capture\pcap_store\0c48e2f8-e886-406e-8e96-edaa8ed157ed.pcap
febb7931-d19a-426f-a7ba-bd829593644e,5ef3fd2b-ac93-4c7f-a80d-754b0362241d,bot_t3,1787079880.8716364,1787079882.9147074,C:\Users\har20\OneDrive\Desktop\project 1\code\quic-pqtls-bot-detection\capture\pcap_store\febb7931-d19a-426f-a7ba-bd829593644e.pcap
062e5787-bb60-48d7-b81e-6a8b07ce129c,13710a44-24e1-4ffc-b606-cc7b303d5201,bot_t3,1787079884.2214983,1787079885.962758,C:\Users\har20\OneDrive\Desktop\project 1\code\quic-pqtls-bot-detection\capture\pcap_store\062e5787-bb60-48d7-b81e-6a8b07ce129c.pcap
0684508d-7204-45ea-92fb-dae0c764a9f3,13710a44-24e1-4ffc-b606-cc7b303d5201,bot_t3,1787079887.226596,1787079888.9964044,C:\Users\har20\OneDrive\Desktop\project 1\code\quic-pqtls-bot-detection\capture\pcap_store\0684508d-7204-45ea-92fb-dae0c764a9f3.pcap
d635a4ef-09f4-4184-b7c4-8d9e64540c70,13710a44-24e1-4ffc-b606-cc7b303d5201,bot_t3,1787079890.2211454,1787079892.1816804,C:\Users\har20\OneDrive\Desktop\project 1\code\quic-pqtls-bot-detection\capture\pcap_store\d635a4ef-09f4-4184-b7c4-8d9e64540c70.pcap
9e9cbdf6-06fb-4459-a06a-4791165af019,13710a44-24e1-4ffc-b606-cc7b303d5201,bot_t3,1787079893.4061844,1787079895.1782758,C:\Users\har20\OneDrive\Desktop\project 1\code\quic-pqtls-bot-detection\capture\pcap_store\9e9cbdf6-06fb-4459-a06a-4791165af019.pcap
21072208-cb59-4026-bfb6-420b2bbe4ca7,13710a44-24e1-4ffc-b606-cc7b303d5201,bot_t3,1787079896.4541066,1787079898.3255305,C:\Users\har20\OneDrive\Desktop\project 1\code\quic-pqtls-bot-detection\capture\pcap_store\21072208-cb59-4026-bfb6-420b2bbe4ca7.pcap
8a0f11cc-b46c-4b8a-be13-41aed8ad57cc,5cbcfd97-75c7-49ec-836d-edd1e78d969f,bot_t3,1787079899.549415,1787079901.3234174,C:\Users\har20\OneDrive\Desktop\project 1\code\quic-pqtls-bot-detection\capture\pcap_store\8a0f11cc-b46c-4b8a-be13-41aed8ad57cc.pcap
ea90e498-e280-4ddb-a461-ed8155a09ccc,5cbcfd97-75c7-49ec-836d-edd1e78d969f,bot_t3,1787079902.5852687,1787079904.3595154,C:\Users\har20\OneDrive\Desktop\project 1\code\quic-pqtls-bot-detection\capture\pcap_store\ea90e498-e280-4ddb-a461-ed8155a09ccc.pcap
c46210b1-dd5d-4e87-9a13-46e5a0c83454,5cbcfd97-75c7-49ec-836d-edd1e78d969f,bot_t3,1787079905.5965464,1787079907.4308739,C:\Users\har20\OneDrive\Desktop\project 1\code\quic-pqtls-bot-detection\capture\pcap_store\c46210b1-dd5d-4e87-9a13-46e5a0c83454.pcap
43ab0155-bff6-4e9e-87ec-8643cb1c07fe,5cbcfd97-75c7-49ec-836d-edd1e78d969f,bot_t3,1787079908.6460671,1787079910.490347,C:\Users\har20\OneDrive\Desktop\project 1\code\quic-pqtls-bot-detection\capture\pcap_store\43ab0155-bff6-4e9e-87ec-8643cb1c07fe.pcap
3f5a0a05-8b31-4e90-b80e-a3ea56e78819,5cbcfd97-75c7-49ec-836d-edd1e78d969f,bot_t3,1787079911.7393725,1787079913.5858319,C:\Users\har20\OneDrive\Desktop\project 1\code\quic-pqtls-bot-detection\capture\pcap_store\3f5a0a05-8b31-4e90-b80e-a3ea56e78819.pcap
ee8bbbaf-4f5e-4380-8b9a-a5bb1c6da196,7f4a0391-c87e-44bd-bba3-f5048d9919f6,bot_t3,1787079914.9481552,1787079916.783629,C:\Users\har20\OneDrive\Desktop\project 1\code\quic-pqtls-bot-detection\capture\pcap_store\ee8bbbaf-4f5e-4380-8b9a-a5bb1c6da196.pcap
068bf566-eda1-43fe-b4a4-84b98d54d78b,7f4a0391-c87e-44bd-bba3-f5048d9919f6,bot_t3,1787079918.142721,1787079919.9329782,C:\Users\har20\OneDrive\Desktop\project 1\code\quic-pqtls-bot-detection\capture\pcap_store\068bf566-eda1-43fe-b4a4-84b98d54d78b.pcap
59a5ffe7-6dbb-4066-a491-b73fa4867d06,7f4a0391-c87e-44bd-bba3-f5048d9919f6,bot_t3,1787079921.1648228,1787079922.9515269,C:\Users\har20\OneDrive\Desktop\project 1\code\quic-pqtls-bot-detection\capture\pcap_store\59a5ffe7-6dbb-4066-a491-b73fa4867d06.pcap
277cf105-7cee-4e82-a9c5-777e53a39340,3ad799d0-f2f6-4c0c-930c-5baf005cfbe1,bot_t3,1787079924.174734,1787079925.9497683,C:\Users\har20\OneDrive\Desktop\project 1\code\quic-pqtls-bot-detection\capture\pcap_store\277cf105-7cee-4e82-a9c5-777e53a39340.pcap
9a75e8d1-c2a1-495e-8dd3-8699b8c9a197,3ad799d0-f2f6-4c0c-930c-5baf005cfbe1,bot_t3,1787079927.2559333,1787079929.0876331,C:\Users\har20\OneDrive\Desktop\project 1\code\quic-pqtls-bot-detection\capture\pcap_store\9a75e8d1-c2a1-495e-8dd3-8699b8c9a197.pcap
11103112-b5ba-487e-a628-76bd19845677,3ad799d0-f2f6-4c0c-930c-5baf005cfbe1,bot_t3,1787079930.3714037,1787079932.2694058,C:\Users\har20\OneDrive\Desktop\project 1\code\quic-pqtls-bot-detection\capture\pcap_store\11103112-b5ba-487e-a628-76bd19845677.pcap
e2a5c3dc-bd5c-4f95-b8b3-61a03a6de32f,74c0879b-9372-4e47-a9e5-3ed95c88c768,bot_t3,1787079933.5449393,1787079935.6362343,C:\Users\har20\OneDrive\Desktop\project 1\code\quic-pqtls-bot-detection\capture\pcap_store\e2a5c3dc-bd5c-4f95-b8b3-61a03a6de32f.pcap
f88775b4-9a75-4ba2-a7e4-2808c727d37a,74c0879b-9372-4e47-a9e5-3ed95c88c768,bot_t3,1787079937.0632236,1787079938.9117165,C:\Users\har20\OneDrive\Desktop\project 1\code\quic-pqtls-bot-detection\capture\pcap_store\f88775b4-9a75-4ba2-a7e4-2808c727d37a.pcap
567f8e20-7d6c-4ab5-9594-bcdf87255327,74c0879b-9372-4e47-a9e5-3ed95c88c768,bot_t3,1787079940.2054844,1787079942.1347466,C:\Users\har20\OneDrive\Desktop\project 1\code\quic-pqtls-bot-detection\capture\pcap_store\567f8e20-7d6c-4ab5-9594-bcdf87255327.pcap
8c4ec764-276e-499e-9dd8-c7f1aa396515,74c0879b-9372-4e47-a9e5-3ed95c88c768,bot_t3,1787079943.3906033,1787079945.2722049,C:\Users\har20\OneDrive\Desktop\project 1\code\quic-pqtls-bot-detection\capture\pcap_store\8c4ec764-276e-499e-9dd8-c7f1aa396515.pcap
49bcb193-a1e8-4601-97b9-52de7dd4f3d4,74c0879b-9372-4e47-a9e5-3ed95c88c768,bot_t3,1787079946.497782,1787079948.3426776,C:\Users\har20\OneDrive\Desktop\project 1\code\quic-pqtls-bot-detection\capture\pcap_store\49bcb193-a1e8-4601-97b9-52de7dd4f3d4.pcap
18f73689-db33-435b-98d6-f24df7abe24f,5555aa65-46f3-45f6-b1ab-4a4b53d3ee72,bot_t3,1787079949.6640894,1787079951.5257964,C:\Users\har20\OneDrive\Desktop\project 1\code\quic-pqtls-bot-detection\capture\pcap_store\18f73689-db33-435b-98d6-f24df7abe24f.pcap
e42d8af9-9fef-477f-9c7c-69b305f924e3,5555aa65-46f3-45f6-b1ab-4a4b53d3ee72,bot_t3,1787079952.902999,1787079954.7940454,C:\Users\har20\OneDrive\Desktop\project 1\code\quic-pqtls-bot-detection\capture\pcap_store\e42d8af9-9fef-477f-9c7c-69b305f924e3.pcap
9fc155c9-e4bf-4b69-878e-917991711f7f,5555aa65-46f3-45f6-b1ab-4a4b53d3ee72,bot_t3,1787079956.2663872,1787079958.1720195,C:\Users\har20\OneDrive\Desktop\project 1\code\quic-pqtls-bot-detection\capture\pcap_store\9fc155c9-e4bf-4b69-878e-917991711f7f.pcap
ca1ec1f0-b295-42bc-a440-27e1b73669ba,5555aa65-46f3-45f6-b1ab-4a4b53d3ee72,bot_t3,1787079959.4309363,1787079961.3186736,C:\Users\har20\OneDrive\Desktop\project 1\code\quic-pqtls-bot-detection\capture\pcap_store\ca1ec1f0-b295-42bc-a440-27e1b73669ba.pcap
8149ad81-f057-4cfe-afed-7afa2d481d50,5555aa65-46f3-45f6-b1ab-4a4b53d3ee72,bot_t3,1787079962.5478094,1787079964.3560529,C:\Users\har20\OneDrive\Desktop\project 1\code\quic-pqtls-bot-detection\capture\pcap_store\8149ad81-f057-4cfe-afed-7afa2d481d50.pcap
c14413b4-2118-4ccd-aa36-b2059d8adc1a,b825683f-3cb4-4f99-83bc-d638cc82b384,bot_t3,1787079965.7119913,1787079967.5839562,C:\Users\har20\OneDrive\Desktop\project 1\code\quic-pqtls-bot-detection\capture\pcap_store\c14413b4-2118-4ccd-aa36-b2059d8adc1a.pcap
72dac277-b702-49ec-8c9c-64a56ffefd42,b825683f-3cb4-4f99-83bc-d638cc82b384,bot_t3,1787079968.8688972,1787079970.8507962,C:\Users\har20\OneDrive\Desktop\project 1\code\quic-pqtls-bot-detection\capture\pcap_store\72dac277-b702-49ec-8c9c-64a56ffefd42.pcap
256e1c92-10fe-44a3-b0bf-bcb07393c060,b825683f-3cb4-4f99-83bc-d638cc82b384,bot_t3,1787079972.1476636,1787079973.982434,C:\Users\har20\OneDrive\Desktop\project 1\code\quic-pqtls-bot-detection\capture\pcap_store\256e1c92-10fe-44a3-b0bf-bcb07393c060.pcap
008e78ad-31a4-470f-a784-3e8b1e60b162,b825683f-3cb4-4f99-83bc-d638cc82b384,bot_t3,1787079975.2210572,1787079977.1880884,C:\Users\har20\OneDrive\Desktop\project 1\code\quic-pqtls-bot-detection\capture\pcap_store\008e78ad-31a4-470f-a784-3e8b1e60b162.pcap
e86d5564-fee3-4a56-9c7f-7df5749536ca,b825683f-3cb4-4f99-83bc-d638cc82b384,bot_t3,1787079978.4077342,1787079980.2290533,C:\Users\har20\OneDrive\Desktop\project 1\code\quic-pqtls-bot-detection\capture\pcap_store\e86d5564-fee3-4a56-9c7f-7df5749536ca.pcap
184289b2-0e04-4829-940e-fc4177a10880,a55698d8-3acc-45bc-ab9b-abc8d6dfc9cf,bot_t3,1787079981.5194457,1787079983.4057755,C:\Users\har20\OneDrive\Desktop\project 1\code\quic-pqtls-bot-detection\capture\pcap_store\184289b2-0e04-4829-940e-fc4177a10880.pcap
7f36644b-2fee-457b-b5ce-b2c6f95a56fd,a55698d8-3acc-45bc-ab9b-abc8d6dfc9cf,bot_t3,1787079984.7116158,1787079986.5809996,C:\Users\har20\OneDrive\Desktop\project 1\code\quic-pqtls-bot-detection\capture\pcap_store\7f36644b-2fee-457b-b5ce-b2c6f95a56fd.pcap
5f2f675d-5a92-46ff-a8b7-c3b08d1aa26f,a55698d8-3acc-45bc-ab9b-abc8d6dfc9cf,bot_t3,1787079987.847155,1787079989.7140996,C:\Users\har20\OneDrive\Desktop\project 1\code\quic-pqtls-bot-detection\capture\pcap_store\5f2f675d-5a92-46ff-a8b7-c3b08d1aa26f.pcap
fdeb6fd4-9379-4bf8-8f3e-8810f9f40479,a55698d8-3acc-45bc-ab9b-abc8d6dfc9cf,bot_t3,1787079991.105639,1787079993.1775713,C:\Users\har20\OneDrive\Desktop\project 1\code\quic-pqtls-bot-detection\capture\pcap_store\fdeb6fd4-9379-4bf8-8f3e-8810f9f40479.pcap
3f1f507a-0c6f-4f0c-9172-71289205a746,a55698d8-3acc-45bc-ab9b-abc8d6dfc9cf,bot_t3,1787079994.497569,1787079996.3727567,C:\Users\har20\OneDrive\Desktop\project 1\code\quic-pqtls-bot-detection\capture\pcap_store\3f1f507a-0c6f-4f0c-9172-71289205a746.pcap
f500399a-e0ac-49f0-bc5f-88f58aeee53d,1a07604a-8e64-4bbf-bee5-f53b464de9ec,bot_t3,1787079997.7098682,1787079999.6680863,C:\Users\har20\OneDrive\Desktop\project 1\code\quic-pqtls-bot-detection\capture\pcap_store\f500399a-e0ac-49f0-bc5f-88f58aeee53d.pcap
8f5a15ea-69d4-4b7a-ad2a-a0cb5ef2aeec,1a07604a-8e64-4bbf-bee5-f53b464de9ec,bot_t3,1787080000.961967,1787080002.853861,C:\Users\har20\OneDrive\Desktop\project 1\code\quic-pqtls-bot-detection\capture\pcap_store\8f5a15ea-69d4-4b7a-ad2a-a0cb5ef2aeec.pcap
5147a10d-83af-40b3-b292-a26fa3b39da6,8e544146-bdd8-4894-9029-0a512e10d35a,bot_t4,1788728973.8423176,1788729003.7255018,C:\Users\har20\OneDrive\Desktop\project 1\code\quic-pqtls-bot-detection\capture\pcap_store\5147a10d-83af-40b3-b292-a26fa3b39da6.pcap
5a565916-aca2-4440-afe9-a14101320418,8e544146-bdd8-4894-9029-0a512e10d35a,bot_t4,1788729004.7600172,1788729039.110247,C:\Users\har20\OneDrive\Desktop\project 1\code\quic-pqtls-bot-detection\capture\pcap_store\5a565916-aca2-4440-afe9-a14101320418.pcap
198c75f2-351b-4131-93c9-e4601ac386d4,8e544146-bdd8-4894-9029-0a512e10d35a,bot_t4,1788729040.135062,1788729048.83824,C:\Users\har20\OneDrive\Desktop\project 1\code\quic-pqtls-bot-detection\capture\pcap_store\198c75f2-351b-4131-93c9-e4601ac386d4.pcap
5710ab58-05c4-4729-9df4-70151cf37f34,fbd298dd-70ca-4323-82e6-3b6f7e2c53d9,bot_t4,1788729049.9183366,1788729076.1518867,C:\Users\har20\OneDrive\Desktop\project 1\code\quic-pqtls-bot-detection\capture\pcap_store\5710ab58-05c4-4729-9df4-70151cf37f34.pcap
c561b872-39d0-4fe9-8753-16d680e8f25a,fbd298dd-70ca-4323-82e6-3b6f7e2c53d9,bot_t4,1788729077.1661742,1788729113.7626717,C:\Users\har20\OneDrive\Desktop\project 1\code\quic-pqtls-bot-detection\capture\pcap_store\c561b872-39d0-4fe9-8753-16d680e8f25a.pcap
71e37efb-7e6e-4b22-9a8d-d8c32dc258d5,fbd298dd-70ca-4323-82e6-3b6f7e2c53d9,bot_t4,1788729114.7734752,1788729127.630067,C:\Users\har20\OneDrive\Desktop\project 1\code\quic-pqtls-bot-detection\capture\pcap_store\71e37efb-7e6e-4b22-9a8d-d8c32dc258d5.pcap
4df47d95-14c1-49c3-9f95-646e2f3d0cef,fbd298dd-70ca-4323-82e6-3b6f7e2c53d9,bot_t4,1788729128.7667491,1788729159.045479,C:\Users\har20\OneDrive\Desktop\project 1\code\quic-pqtls-bot-detection\capture\pcap_store\4df47d95-14c1-49c3-9f95-646e2f3d0cef.pcap
18fd2582-6e94-4934-af88-24758930353a,6859f6bb-3720-467b-9085-3fca5e603712,bot_t4,1788729160.0461948,1788729187.01481,C:\Users\har20\OneDrive\Desktop\project 1\code\quic-pqtls-bot-detection\capture\pcap_store\18fd2582-6e94-4934-af88-24758930353a.pcap
ae308f44-61ff-4bb0-8301-cbfa22fcd659,d9520e41-d76a-41cf-977c-09f2511cd76f,bot_t4,1788729226.9437196,1788729255.4573243,C:\Users\har20\OneDrive\Desktop\project 1\code\quic-pqtls-bot-detection\capture\pcap_store\ae308f44-61ff-4bb0-8301-cbfa22fcd659.pcap
e47835d5-2d8f-423d-ae98-06adc4b17e64,d9520e41-d76a-41cf-977c-09f2511cd76f,bot_t4,1788729256.4710784,1788729281.473434,C:\Users\har20\OneDrive\Desktop\project 1\code\quic-pqtls-bot-detection\capture\pcap_store\e47835d5-2d8f-423d-ae98-06adc4b17e64.pcap
839d698c-f25f-431e-939e-c650e4130cbd,d9520e41-d76a-41cf-977c-09f2511cd76f,bot_t4,1788729282.5066803,1788729312.9720771,C:\Users\har20\OneDrive\Desktop\project 1\code\quic-pqtls-bot-detection\capture\pcap_store\839d698c-f25f-431e-939e-c650e4130cbd.pcap
7109b9f7-8e5a-461b-befb-ab8087db179a,d9520e41-d76a-41cf-977c-09f2511cd76f,bot_t4,1788729313.9819574,1788729336.620344,C:\Users\har20\OneDrive\Desktop\project 1\code\quic-pqtls-bot-detection\capture\pcap_store\7109b9f7-8e5a-461b-befb-ab8087db179a.pcap
25df0959-bab7-44bb-bb5b-cece111d7c01,cea13e65-b30f-43f8-b501-74709ed9d253,bot_t4,1788729337.6125512,1788729367.639621,C:\Users\har20\OneDrive\Desktop\project 1\code\quic-pqtls-bot-detection\capture\pcap_store\25df0959-bab7-44bb-bb5b-cece111d7c01.pcap
ac3094cf-56f5-4a59-b5d9-fccbe2613038,cea13e65-b30f-43f8-b501-74709ed9d253,bot_t4,1788729368.6907885,1788729388.193055,C:\Users\har20\OneDrive\Desktop\project 1\code\quic-pqtls-bot-detection\capture\pcap_store\ac3094cf-56f5-4a59-b5d9-fccbe2613038.pcap
b80518cd-acc5-4b6c-a8df-bddb61f85924,cea13e65-b30f-43f8-b501-74709ed9d253,bot_t4,1788729389.2986417,1788729427.9385176,C:\Users\har20\OneDrive\Desktop\project 1\code\quic-pqtls-bot-detection\capture\pcap_store\b80518cd-acc5-4b6c-a8df-bddb61f85924.pcap
e39bdc43-4191-4be2-be4b-3531352906ba,cea13e65-b30f-43f8-b501-74709ed9d253,bot_t4,1788729429.0511549,1788729454.2221322,C:\Users\har20\OneDrive\Desktop\project 1\code\quic-pqtls-bot-detection\capture\pcap_store\e39bdc43-4191-4be2-be4b-3531352906ba.pcap
2398e050-2d0a-41ed-9a68-1c3bda3f9880,6a03249a-ff05-405c-b2bd-061e8b419e3d,bot_t4,1788729455.2401288,1788729485.3534431,C:\Users\har20\OneDrive\Desktop\project 1\code\quic-pqtls-bot-detection\capture\pcap_store\2398e050-2d0a-41ed-9a68-1c3bda3f9880.pcap
ed396a0e-23de-498d-afce-14576ba75b34,6a03249a-ff05-405c-b2bd-061e8b419e3d,bot_t4,1788729486.4590695,1788729520.0035658,C:\Users\har20\OneDrive\Desktop\project 1\code\quic-pqtls-bot-detection\capture\pcap_store\ed396a0e-23de-498d-afce-14576ba75b34.pcap
51c107b7-e28c-47e3-9c90-ba757e120ab1,6a03249a-ff05-405c-b2bd-061e8b419e3d,bot_t4,1788729521.1647346,1788729559.108053,C:\Users\har20\OneDrive\Desktop\project 1\code\quic-pqtls-bot-detection\capture\pcap_store\51c107b7-e28c-47e3-9c90-ba757e120ab1.pcap
eacc7127-d3ca-4230-9a3b-30a7f751b8ba,6a03249a-ff05-405c-b2bd-061e8b419e3d,bot_t4,1788729560.156401,1788729598.5300853,C:\Users\har20\OneDrive\Desktop\project 1\code\quic-pqtls-bot-detection\capture\pcap_store\eacc7127-d3ca-4230-9a3b-30a7f751b8ba.pcap
acbb9271-1612-4440-b7d9-52c66e36fa5b,ec54893a-e57e-49c4-8b82-09a475f8638c,bot_t4,1788729599.6773527,1788729635.5989163,C:\Users\har20\OneDrive\Desktop\project 1\code\quic-pqtls-bot-detection\capture\pcap_store\acbb9271-1612-4440-b7d9-52c66e36fa5b.pcap
ef6abcfb-3e74-45c1-b0d8-1c33487d7311,ec54893a-e57e-49c4-8b82-09a475f8638c,bot_t4,1788729636.622535,1788729676.8716505,C:\Users\har20\OneDrive\Desktop\project 1\code\quic-pqtls-bot-detection\capture\pcap_store\ef6abcfb-3e74-45c1-b0d8-1c33487d7311.pcap
f782cc8f-42a8-4a85-ae5e-70e5fdb5f207,ec54893a-e57e-49c4-8b82-09a475f8638c,bot_t4,1788729678.0291612,1788729692.4980826,C:\Users\har20\OneDrive\Desktop\project 1\code\quic-pqtls-bot-detection\capture\pcap_store\f782cc8f-42a8-4a85-ae5e-70e5fdb5f207.pcap
417813ab-8e5b-4687-b3f2-613ce3ac4bcf,798cfb74-5ef5-40f0-8f97-bf8ff98fbc83,bot_t4,1788729693.626927,1788729711.4831355,C:\Users\har20\OneDrive\Desktop\project 1\code\quic-pqtls-bot-detection\capture\pcap_store\417813ab-8e5b-4687-b3f2-613ce3ac4bcf.pcap
0fb877b9-7612-44fc-94c2-3145dbcc6d6b,798cfb74-5ef5-40f0-8f97-bf8ff98fbc83,bot_t4,1788729712.4904091,1788729730.8691223,C:\Users\har20\OneDrive\Desktop\project 1\code\quic-pqtls-bot-detection\capture\pcap_store\0fb877b9-7612-44fc-94c2-3145dbcc6d6b.pcap
1b7a6242-5db5-46ba-b1f5-7dbf7e81ab3d,798cfb74-5ef5-40f0-8f97-bf8ff98fbc83,bot_t4,1788729731.9231913,1788729747.1114135,C:\Users\har20\OneDrive\Desktop\project 1\code\quic-pqtls-bot-detection\capture\pcap_store\1b7a6242-5db5-46ba-b1f5-7dbf7e81ab3d.pcap
a0d03ddc-13a5-488f-9bc1-453b2a3ad7ea,798cfb74-5ef5-40f0-8f97-bf8ff98fbc83,bot_t4,1788729748.3410416,1788729771.364844,C:\Users\har20\OneDrive\Desktop\project 1\code\quic-pqtls-bot-detection\capture\pcap_store\a0d03ddc-13a5-488f-9bc1-453b2a3ad7ea.pcap
90f055fd-b815-4da3-8659-55a7c2d6f486,01d01e9a-144b-4de0-b758-a32799528101,bot_t4,1788729772.3867192,1788729792.6036742,C:\Users\har20\OneDrive\Desktop\project 1\code\quic-pqtls-bot-detection\capture\pcap_store\90f055fd-b815-4da3-8659-55a7c2d6f486.pcap
9e6cc06d-0fac-42d0-86c1-451e5937f4f9,01d01e9a-144b-4de0-b758-a32799528101,bot_t4,1788729793.5953019,1788729810.926237,C:\Users\har20\OneDrive\Desktop\project 1\code\quic-pqtls-bot-detection\capture\pcap_store\9e6cc06d-0fac-42d0-86c1-451e5937f4f9.pcap
3346a58f-50c1-4e79-b2eb-979c2685a552,01d01e9a-144b-4de0-b758-a32799528101,bot_t4,1788729811.919583,1788729841.370841,C:\Users\har20\OneDrive\Desktop\project 1\code\quic-pqtls-bot-detection\capture\pcap_store\3346a58f-50c1-4e79-b2eb-979c2685a552.pcap
9103e050-2b8f-4889-82c7-e2c7a3a83e13,01d01e9a-144b-4de0-b758-a32799528101,bot_t4,1788729842.4807386,1788729864.5214448,C:\Users\har20\OneDrive\Desktop\project 1\code\quic-pqtls-bot-detection\capture\pcap_store\9103e050-2b8f-4889-82c7-e2c7a3a83e13.pcap
8cd6f53b-3248-4a67-98d5-8e4930e70a4d,29db0532-dc51-478e-9460-1a07a73a3a70,bot_t4,1788729865.53849,1788729897.1004138,C:\Users\har20\OneDrive\Desktop\project 1\code\quic-pqtls-bot-detection\capture\pcap_store\8cd6f53b-3248-4a67-98d5-8e4930e70a4d.pcap
51de8b4d-e023-478b-90ac-f1508bf72e4d,29db0532-dc51-478e-9460-1a07a73a3a70,bot_t4,1788729898.1441748,1788729932.7639694,C:\Users\har20\OneDrive\Desktop\project 1\code\quic-pqtls-bot-detection\capture\pcap_store\51de8b4d-e023-478b-90ac-f1508bf72e4d.pcap
e57f0350-6a76-4399-bbde-eda8c5b17e1d,29db0532-dc51-478e-9460-1a07a73a3a70,bot_t4,1788729933.7594779,1788729957.5396242,C:\Users\har20\OneDrive\Desktop\project 1\code\quic-pqtls-bot-detection\capture\pcap_store\e57f0350-6a76-4399-bbde-eda8c5b17e1d.pcap
fc4fd74b-d8af-4e96-96b4-d4da00a027a6,29db0532-dc51-478e-9460-1a07a73a3a70,bot_t4,1788729958.5850694,1788729991.999638,C:\Users\har20\OneDrive\Desktop\project 1\code\quic-pqtls-bot-detection\capture\pcap_store\fc4fd74b-d8af-4e96-96b4-d4da00a027a6.pcap
05569b03-e8db-45c7-b98d-2e436bb3de68,29db0532-dc51-478e-9460-1a07a73a3a70,bot_t4,1788729993.010179,1788730023.6503754,C:\Users\har20\OneDrive\Desktop\project 1\code\quic-pqtls-bot-detection\capture\pcap_store\05569b03-e8db-45c7-b98d-2e436bb3de68.pcap
d1d7c2e8-bc07-4de1-9b90-c59782829ebf,169afc4e-f115-4847-abde-2c6017a9dccb,bot_t4,1788730024.6970625,1788730060.2084398,C:\Users\har20\OneDrive\Desktop\project 1\code\quic-pqtls-bot-detection\capture\pcap_store\d1d7c2e8-bc07-4de1-9b90-c59782829ebf.pcap
0db1ba5e-083d-4b93-8274-67a5419cc924,169afc4e-f115-4847-abde-2c6017a9dccb,bot_t4,1788730061.212815,1788730087.5920393,C:\Users\har20\OneDrive\Desktop\project 1\code\quic-pqtls-bot-detection\capture\pcap_store\0db1ba5e-083d-4b93-8274-67a5419cc924.pcap
6adbcd8c-561e-4087-a77d-c1ef975ed11d,169afc4e-f115-4847-abde-2c6017a9dccb,bot_t4,1788730088.6105943,1788730105.9985583,C:\Users\har20\OneDrive\Desktop\project 1\code\quic-pqtls-bot-detection\capture\pcap_store\6adbcd8c-561e-4087-a77d-c1ef975ed11d.pcap
f431e5f9-bcf7-45bb-be2e-e629183b8eab,8d133333-ef1f-4c8f-9a1f-9281ec3eb62c,bot_t4,1788730107.045164,1788730123.3191283,C:\Users\har20\OneDrive\Desktop\project 1\code\quic-pqtls-bot-detection\capture\pcap_store\f431e5f9-bcf7-45bb-be2e-e629183b8eab.pcap
13e4ba2a-9d49-4169-bc4c-2dd8c592e795,8d133333-ef1f-4c8f-9a1f-9281ec3eb62c,bot_t4,1788730124.3197477,1788730140.7455566,C:\Users\har20\OneDrive\Desktop\project 1\code\quic-pqtls-bot-detection\capture\pcap_store\13e4ba2a-9d49-4169-bc4c-2dd8c592e795.pcap
27e770ba-12c1-4a59-9997-e1f07a1f0d23,8d133333-ef1f-4c8f-9a1f-9281ec3eb62c,bot_t4,1788730141.7811298,1788730180.0069468,C:\Users\har20\OneDrive\Desktop\project 1\code\quic-pqtls-bot-detection\capture\pcap_store\27e770ba-12c1-4a59-9997-e1f07a1f0d23.pcap
db20c3b3-14ef-4e5d-8054-8dbddc84aab5,8d133333-ef1f-4c8f-9a1f-9281ec3eb62c,bot_t4,1788730181.078689,1788730204.8403351,C:\Users\har20\OneDrive\Desktop\project 1\code\quic-pqtls-bot-detection\capture\pcap_store\db20c3b3-14ef-4e5d-8054-8dbddc84aab5.pcap
fadce6d6-5f0e-4218-a044-63417ef85261,8d133333-ef1f-4c8f-9a1f-9281ec3eb62c,bot_t4,1788730205.8612287,1788730230.8673053,C:\Users\har20\OneDrive\Desktop\project 1\code\quic-pqtls-bot-detection\capture\pcap_store\fadce6d6-5f0e-4218-a044-63417ef85261.pcap
a7028c65-bb0b-4221-a630-c59dff20d59e,bde0b6f0-388b-43c9-8ce4-96b800c50edd,bot_t4,1788730231.8841336,1788730244.6284976,C:\Users\har20\OneDrive\Desktop\project 1\code\quic-pqtls-bot-detection\capture\pcap_store\a7028c65-bb0b-4221-a630-c59dff20d59e.pcap
8f73d4ca-cb07-4622-b5d0-e090d6828e3c,bde0b6f0-388b-43c9-8ce4-96b800c50edd,bot_t4,1788730245.8257275,1788730286.2952385,C:\Users\har20\OneDrive\Desktop\project 1\code\quic-pqtls-bot-detection\capture\pcap_store\8f73d4ca-cb07-4622-b5d0-e090d6828e3c.pcap
e99ed06e-0771-4fee-8af9-3481eb903c23,bde0b6f0-388b-43c9-8ce4-96b800c50edd,bot_t4,1788730287.425333,1788730309.9485934,C:\Users\har20\OneDrive\Desktop\project 1\code\quic-pqtls-bot-detection\capture\pcap_store\e99ed06e-0771-4fee-8af9-3481eb903c23.pcap
069b0512-f0c5-4581-9753-4816b57e947d,716e1adf-2c74-4b6d-9a05-5b69bcfed726,bot_t4,1788730310.9679663,1788730348.854121,C:\Users\har20\OneDrive\Desktop\project 1\code\quic-pqtls-bot-detection\capture\pcap_store\069b0512-f0c5-4581-9753-4816b57e947d.pcap
4734ccc7-9c5f-4d25-8135-46615aa89302,716e1adf-2c74-4b6d-9a05-5b69bcfed726,bot_t4,1788730349.9440136,1788730366.754637,C:\Users\har20\OneDrive\Desktop\project 1\code\quic-pqtls-bot-detection\capture\pcap_store\4734ccc7-9c5f-4d25-8135-46615aa89302.pcap
00e2473e-2541-4e40-b47d-089e77b9cffd,716e1adf-2c74-4b6d-9a05-5b69bcfed726,bot_t4,1788730367.808615,1788730391.6225932,C:\Users\har20\OneDrive\Desktop\project 1\code\quic-pqtls-bot-detection\capture\pcap_store\00e2473e-2541-4e40-b47d-089e77b9cffd.pcap
caca7b21-d7f7-4617-bc57-5257a8801a8f,716e1adf-2c74-4b6d-9a05-5b69bcfed726,bot_t4,1788730392.750598,1788730415.0872438,C:\Users\har20\OneDrive\Desktop\project 1\code\quic-pqtls-bot-detection\capture\pcap_store\caca7b21-d7f7-4617-bc57-5257a8801a8f.pcap
01b28748-e177-479d-a7be-78e766797b51,3d6dbe28-270a-436d-931a-eb25f99a0f83,bot_t4,1788730416.100987,1788730446.8370664,C:\Users\har20\OneDrive\Desktop\project 1\code\quic-pqtls-bot-detection\capture\pcap_store\01b28748-e177-479d-a7be-78e766797b51.pcap
d435f980-9e8a-470f-8400-29fca550a4bf,3d6dbe28-270a-436d-931a-eb25f99a0f83,bot_t4,1788730447.8515334,1788730483.358395,C:\Users\har20\OneDrive\Desktop\project 1\code\quic-pqtls-bot-detection\capture\pcap_store\d435f980-9e8a-470f-8400-29fca550a4bf.pcap
56c8b9cf-96fb-4793-b726-5d16e369e060,3d6dbe28-270a-436d-931a-eb25f99a0f83,bot_t4,1788730484.3819242,1788730510.1105545,C:\Users\har20\OneDrive\Desktop\project 1\code\quic-pqtls-bot-detection\capture\pcap_store\56c8b9cf-96fb-4793-b726-5d16e369e060.pcap
a5cd0afb-079b-4a96-9982-5764035aace0,9c89cd03-3c79-4286-a852-d7db68265648,bot_t4,1788730511.1168044,1788730529.8241308,C:\Users\har20\OneDrive\Desktop\project 1\code\quic-pqtls-bot-detection\capture\pcap_store\a5cd0afb-079b-4a96-9982-5764035aace0.pcap
56333bfd-12bf-4e4f-a241-3ecb41f20481,9c89cd03-3c79-4286-a852-d7db68265648,bot_t4,1788730530.8337417,1788730546.253655,C:\Users\har20\OneDrive\Desktop\project 1\code\quic-pqtls-bot-detection\capture\pcap_store\56333bfd-12bf-4e4f-a241-3ecb41f20481.pcap
33fd27cc-772e-480e-b7fe-975b2cd53c64,9c89cd03-3c79-4286-a852-d7db68265648,bot_t4,1788730547.263359,1788730571.8185413,C:\Users\har20\OneDrive\Desktop\project 1\code\quic-pqtls-bot-detection\capture\pcap_store\33fd27cc-772e-480e-b7fe-975b2cd53c64.pcap
f306a9f9-811d-4b07-bfc4-f897f3cc4301,9fcc7f4f-7cd3-4463-9c38-28d654061365,bot_t4,1788730572.9364853,1788730600.0873964,C:\Users\har20\OneDrive\Desktop\project 1\code\quic-pqtls-bot-detection\capture\pcap_store\f306a9f9-811d-4b07-bfc4-f897f3cc4301.pcap
1bfe95cd-66a3-403b-8be4-205136ebd1b6,9fcc7f4f-7cd3-4463-9c38-28d654061365,bot_t4,1788730601.10128,1788730622.2336597,C:\Users\har20\OneDrive\Desktop\project 1\code\quic-pqtls-bot-detection\capture\pcap_store\1bfe95cd-66a3-403b-8be4-205136ebd1b6.pcap
c3bc3298-6041-4464-a23b-ec78a092b765,9fcc7f4f-7cd3-4463-9c38-28d654061365,bot_t4,1788730623.2368157,1788730649.5067108,C:\Users\har20\OneDrive\Desktop\project 1\code\quic-pqtls-bot-detection\capture\pcap_store\c3bc3298-6041-4464-a23b-ec78a092b765.pcap
58467625-b974-4cdb-b5b8-3626f27ec790,9fcc7f4f-7cd3-4463-9c38-28d654061365,bot_t4,1788730650.5363815,1788730675.885062,C:\Users\har20\OneDrive\Desktop\project 1\code\quic-pqtls-bot-detection\capture\pcap_store\58467625-b974-4cdb-b5b8-3626f27ec790.pcap
2884d0e5-7484-4c45-bebd-e025901ce60a,9fcc7f4f-7cd3-4463-9c38-28d654061365,bot_t4,1788730676.902342,1788730697.7189415,C:\Users\har20\OneDrive\Desktop\project 1\code\quic-pqtls-bot-detection\capture\pcap_store\2884d0e5-7484-4c45-bebd-e025901ce60a.pcap
e30a84c4-09d5-46d2-8adb-175a2f9e9b8a,04aa5807-cc22-4366-95a3-2166cd5555c5,bot_t4,1788730698.8343382,1788730721.1593773,C:\Users\har20\OneDrive\Desktop\project 1\code\quic-pqtls-bot-detection\capture\pcap_store\e30a84c4-09d5-46d2-8adb-175a2f9e9b8a.pcap
f5fe0573-8c2c-40d6-a9c6-7acecb2122f0,04aa5807-cc22-4366-95a3-2166cd5555c5,bot_t4,1788730722.1692855,1788730751.9045672,C:\Users\har20\OneDrive\Desktop\project 1\code\quic-pqtls-bot-detection\capture\pcap_store\f5fe0573-8c2c-40d6-a9c6-7acecb2122f0.pcap
e12b2018-9a9b-46e7-bb8f-b6d370da0cfb,04aa5807-cc22-4366-95a3-2166cd5555c5,bot_t4,1788730752.9131677,1788730768.4527974,C:\Users\har20\OneDrive\Desktop\project 1\code\quic-pqtls-bot-detection\capture\pcap_store\e12b2018-9a9b-46e7-bb8f-b6d370da0cfb.pcap
960a830f-7b16-44be-ae1d-d053c2032402,04aa5807-cc22-4366-95a3-2166cd5555c5,bot_t4,1788730769.490487,1788730783.4292693,C:\Users\har20\OneDrive\Desktop\project 1\code\quic-pqtls-bot-detection\capture\pcap_store\960a830f-7b16-44be-ae1d-d053c2032402.pcap
ade170df-aebc-41eb-92dc-2b96091c6eba,04aa5807-cc22-4366-95a3-2166cd5555c5,bot_t4,1788730784.4651308,1788730797.910909,C:\Users\har20\OneDrive\Desktop\project 1\code\quic-pqtls-bot-detection\capture\pcap_store\ade170df-aebc-41eb-92dc-2b96091c6eba.pcap
96b3d7f5-b66a-4307-b3a6-c6c09406ca6b,c0260524-0204-4b2a-a684-12ac5be8cd58,bot_t4,1788730798.9390817,1788730830.6671963,C:\Users\har20\OneDrive\Desktop\project 1\code\quic-pqtls-bot-detection\capture\pcap_store\96b3d7f5-b66a-4307-b3a6-c6c09406ca6b.pcap
4da05664-fe95-4128-a46c-4fb0dbc80509,c0260524-0204-4b2a-a684-12ac5be8cd58,bot_t4,1788730831.6742315,1788730850.442653,C:\Users\har20\OneDrive\Desktop\project 1\code\quic-pqtls-bot-detection\capture\pcap_store\4da05664-fe95-4128-a46c-4fb0dbc80509.pcap
97f48bba-2dbd-45ad-9e67-03010350e7b8,c0260524-0204-4b2a-a684-12ac5be8cd58,bot_t4,1788730851.4635522,1788730885.5707827,C:\Users\har20\OneDrive\Desktop\project 1\code\quic-pqtls-bot-detection\capture\pcap_store\97f48bba-2dbd-45ad-9e67-03010350e7b8.pcap
34be58d1-8a5b-40c2-a5b6-3128fc23a773,050c00c5-c6ef-4da0-b39d-98d55f8c88de,bot_t4,1788730886.6718311,1788730906.4178143,C:\Users\har20\OneDrive\Desktop\project 1\code\quic-pqtls-bot-detection\capture\pcap_store\34be58d1-8a5b-40c2-a5b6-3128fc23a773.pcap
ca4bd420-643a-4e58-8497-55b49c9765ed,050c00c5-c6ef-4da0-b39d-98d55f8c88de,bot_t4,1788730907.5306277,1788730923.047246,C:\Users\har20\OneDrive\Desktop\project 1\code\quic-pqtls-bot-detection\capture\pcap_store\ca4bd420-643a-4e58-8497-55b49c9765ed.pcap
174888a0-c2cf-42f4-9da0-2c2ace10117b,050c00c5-c6ef-4da0-b39d-98d55f8c88de,bot_t4,1788730924.0497503,1788730957.5937116,C:\Users\har20\OneDrive\Desktop\project 1\code\quic-pqtls-bot-detection\capture\pcap_store\174888a0-c2cf-42f4-9da0-2c2ace10117b.pcap
21305dbd-5c5e-4ff8-b7ad-67c61077dc4f,a33e1eef-8395-460a-97b2-046d094a3dd0,bot_t4,1788730958.7039123,1788730977.2276816,C:\Users\har20\OneDrive\Desktop\project 1\code\quic-pqtls-bot-detection\capture\pcap_store\21305dbd-5c5e-4ff8-b7ad-67c61077dc4f.pcap
b343cca1-b638-4629-8dba-a4f00690ca6d,a33e1eef-8395-460a-97b2-046d094a3dd0,bot_t4,1788730978.34569,1788731000.5325787,C:\Users\har20\OneDrive\Desktop\project 1\code\quic-pqtls-bot-detection\capture\pcap_store\b343cca1-b638-4629-8dba-a4f00690ca6d.pcap
0c70f6c9-d4d0-4889-8ce7-b0d60657d690,a33e1eef-8395-460a-97b2-046d094a3dd0,bot_t4,1788731001.553213,1788731039.0679185,C:\Users\har20\OneDrive\Desktop\project 1\code\quic-pqtls-bot-detection\capture\pcap_store\0c70f6c9-d4d0-4889-8ce7-b0d60657d690.pcap
8d971d84-bdba-4a7b-a5b7-cf7c5c17bc5d,a33e1eef-8395-460a-97b2-046d094a3dd0,bot_t4,1788731040.1378846,1788731066.43987,C:\Users\har20\OneDrive\Desktop\project 1\code\quic-pqtls-bot-detection\capture\pcap_store\8d971d84-bdba-4a7b-a5b7-cf7c5c17bc5d.pcap
acf97d92-98c9-4a79-b39b-897d9d521bf6,a33e1eef-8395-460a-97b2-046d094a3dd0,bot_t4,1788731067.4543955,1788731106.570401,C:\Users\har20\OneDrive\Desktop\project 1\code\quic-pqtls-bot-detection\capture\pcap_store\acf97d92-98c9-4a79-b39b-897d9d521bf6.pcap
418f7ae6-498f-4f3d-812f-9a4ca58ca87f,e96f8d43-8fbb-4db8-a807-730a58ed9ee3,bot_t4,1788731107.5726626,1788731133.8922088,C:\Users\har20\OneDrive\Desktop\project 1\code\quic-pqtls-bot-detection\capture\pcap_store\418f7ae6-498f-4f3d-812f-9a4ca58ca87f.pcap
2db3f843-0e65-4346-b702-7f2fd8b2fc1d,e96f8d43-8fbb-4db8-a807-730a58ed9ee3,bot_t4,1788731135.007664,1788731174.860291,C:\Users\har20\OneDrive\Desktop\project 1\code\quic-pqtls-bot-detection\capture\pcap_store\2db3f843-0e65-4346-b702-7f2fd8b2fc1d.pcap
e94b4075-4182-470b-9980-bd099cf779d8,e96f8d43-8fbb-4db8-a807-730a58ed9ee3,bot_t4,1788731175.8971734,1788731195.066114,C:\Users\har20\OneDrive\Desktop\project 1\code\quic-pqtls-bot-detection\capture\pcap_store\e94b4075-4182-470b-9980-bd099cf779d8.pcap
cbea29da-9f93-4931-a14b-4f68305bc6b3,eb5397ea-6d5c-4306-88e2-715a38c4d5bb,bot_t4,1788731196.0759225,1788731224.9411814,C:\Users\har20\OneDrive\Desktop\project 1\code\quic-pqtls-bot-detection\capture\pcap_store\cbea29da-9f93-4931-a14b-4f68305bc6b3.pcap
56436939-f15e-4c53-b8e4-5aa2c7267e74,eb5397ea-6d5c-4306-88e2-715a38c4d5bb,bot_t4,1788731226.0504012,1788731258.2523892,C:\Users\har20\OneDrive\Desktop\project 1\code\quic-pqtls-bot-detection\capture\pcap_store\56436939-f15e-4c53-b8e4-5aa2c7267e74.pcap
1a729dbb-5e2c-435e-8ad3-c24c3f22fb4a,eb5397ea-6d5c-4306-88e2-715a38c4d5bb,bot_t4,1788731259.295631,1788731278.9632988,C:\Users\har20\OneDrive\Desktop\project 1\code\quic-pqtls-bot-detection\capture\pcap_store\1a729dbb-5e2c-435e-8ad3-c24c3f22fb4a.pcap
62be610c-5743-4cf1-a1a3-83d1e1270a7d,7b1a1f3e-2430-4ce2-9003-04de1651af1c,bot_t4,1788731280.0229611,1788731312.2346652,C:\Users\har20\OneDrive\Desktop\project 1\code\quic-pqtls-bot-detection\capture\pcap_store\62be610c-5743-4cf1-a1a3-83d1e1270a7d.pcap
67b5d7c2-9e83-4d2b-8d9f-3bb7c2cc153a,7b1a1f3e-2430-4ce2-9003-04de1651af1c,bot_t4,1788731313.2488904,1788731343.8160217,C:\Users\har20\OneDrive\Desktop\project 1\code\quic-pqtls-bot-detection\capture\pcap_store\67b5d7c2-9e83-4d2b-8d9f-3bb7c2cc153a.pcap
28389f36-82fb-4778-b94b-97ad3d60ca45,7b1a1f3e-2430-4ce2-9003-04de1651af1c,bot_t4,1788731344.843234,1788731374.606296,C:\Users\har20\OneDrive\Desktop\project 1\code\quic-pqtls-bot-detection\capture\pcap_store\28389f36-82fb-4778-b94b-97ad3d60ca45.pcap
db29f13c-d332-46df-bc19-730b219f7005,7b1a1f3e-2430-4ce2-9003-04de1651af1c,bot_t4,1788731375.6199656,1788731394.5401034,C:\Users\har20\OneDrive\Desktop\project 1\code\quic-pqtls-bot-detection\capture\pcap_store\db29f13c-d332-46df-bc19-730b219f7005.pcap
c2dfc6ca-ddf3-4270-84af-10ab12432066,261e6e5f-87c6-4fd2-bdcf-f76bce2d9dd8,bot_t4,1788731395.5717804,1788731427.1916146,C:\Users\har20\OneDrive\Desktop\project 1\code\quic-pqtls-bot-detection\capture\pcap_store\c2dfc6ca-ddf3-4270-84af-10ab12432066.pcap
36a427b2-ffb5-473c-b952-30e49794d301,261e6e5f-87c6-4fd2-bdcf-f76bce2d9dd8,bot_t4,1788731428.3246882,1788731454.5518315,C:\Users\har20\OneDrive\Desktop\project 1\code\quic-pqtls-bot-detection\capture\pcap_store\36a427b2-ffb5-473c-b952-30e49794d301.pcap
a35587df-b6d4-44ec-bfa0-a61a483d5dfb,261e6e5f-87c6-4fd2-bdcf-f76bce2d9dd8,bot_t4,1788731455.5838435,1788731489.1928844,C:\Users\har20\OneDrive\Desktop\project 1\code\quic-pqtls-bot-detection\capture\pcap_store\a35587df-b6d4-44ec-bfa0-a61a483d5dfb.pcap
67db3c53-a367-40d8-8e1b-c66394a786d9,261e6e5f-87c6-4fd2-bdcf-f76bce2d9dd8,bot_t4,1788731490.2252836,1788731508.6382532,C:\Users\har20\OneDrive\Desktop\project 1\code\quic-pqtls-bot-detection\capture\pcap_store\67db3c53-a367-40d8-8e1b-c66394a786d9.pcap
e2bc59a8-d994-40de-8649-fc0f5ca8cff9,5ee3474b-9f92-4fec-baea-6d83290ade48,bot_t4,1788731509.664241,1788731544.5001106,C:\Users\har20\OneDrive\Desktop\project 1\code\quic-pqtls-bot-detection\capture\pcap_store\e2bc59a8-d994-40de-8649-fc0f5ca8cff9.pcap
45320cd1-4948-44ef-9dd4-5c0d7d90aa6d,5ee3474b-9f92-4fec-baea-6d83290ade48,bot_t4,1788731545.6359181,1788731571.689039,C:\Users\har20\OneDrive\Desktop\project 1\code\quic-pqtls-bot-detection\capture\pcap_store\45320cd1-4948-44ef-9dd4-5c0d7d90aa6d.pcap
534067cc-c69a-4861-a8c9-6a7f23e39dcf,5ee3474b-9f92-4fec-baea-6d83290ade48,bot_t4,1788731572.7508903,1788731596.3334548,C:\Users\har20\OneDrive\Desktop\project 1\code\quic-pqtls-bot-detection\capture\pcap_store\534067cc-c69a-4861-a8c9-6a7f23e39dcf.pcap
a773e22e-2d93-485a-a64a-03c3686d2c22,5ee3474b-9f92-4fec-baea-6d83290ade48,bot_t4,1788731597.3463957,1788731611.6951697,C:\Users\har20\OneDrive\Desktop\project 1\code\quic-pqtls-bot-detection\capture\pcap_store\a773e22e-2d93-485a-a64a-03c3686d2c22.pcap
c6b0adb1-d0c0-44bc-9700-47fef64f3970,70d93672-20a3-4e9e-9f6e-4762813f8041,bot_t4,1788731612.708386,1788731641.8259542,C:\Users\har20\OneDrive\Desktop\project 1\code\quic-pqtls-bot-detection\capture\pcap_store\c6b0adb1-d0c0-44bc-9700-47fef64f3970.pcap
095a30ae-ca0b-4508-be88-91ebbbe92c91,70d93672-20a3-4e9e-9f6e-4762813f8041,bot_t4,1788731642.852495,1788731664.9598925,C:\Users\har20\OneDrive\Desktop\project 1\code\quic-pqtls-bot-detection\capture\pcap_store\095a30ae-ca0b-4508-be88-91ebbbe92c91.pcap
2717d7ca-710f-45ec-8e73-14d8c5e2c1af,70d93672-20a3-4e9e-9f6e-4762813f8041,bot_t4,1788731666.0079908,1788731695.7170653,C:\Users\har20\OneDrive\Desktop\project 1\code\quic-pqtls-bot-detection\capture\pcap_store\2717d7ca-710f-45ec-8e73-14d8c5e2c1af.pcap
e0db6378-6ecd-4d6e-904d-a5234b9b0f17,0729e209-a862-4eaf-823e-4f07ba9900f4,bot_t4,1788731696.754085,1788731729.1981683,C:\Users\har20\OneDrive\Desktop\project 1\code\quic-pqtls-bot-detection\capture\pcap_store\e0db6378-6ecd-4d6e-904d-a5234b9b0f17.pcap
6a4ca5dc-cfd2-4eba-b2c7-afbea58fa1b5,0729e209-a862-4eaf-823e-4f07ba9900f4,bot_t4,1788731730.2180634,1788731768.2304986,C:\Users\har20\OneDrive\Desktop\project 1\code\quic-pqtls-bot-detection\capture\pcap_store\6a4ca5dc-cfd2-4eba-b2c7-afbea58fa1b5.pcap
0ecf79fc-5cbb-40ee-9ed6-c714e0868960,0729e209-a862-4eaf-823e-4f07ba9900f4,bot_t4,1788731769.2534363,1788731794.6657026,C:\Users\har20\OneDrive\Desktop\project 1\code\quic-pqtls-bot-detection\capture\pcap_store\0ecf79fc-5cbb-40ee-9ed6-c714e0868960.pcap
ff056fa1-3f4a-40ea-a46b-1a73f4551bf5,0729e209-a862-4eaf-823e-4f07ba9900f4,bot_t4,1788731795.780166,1788731814.670088,C:\Users\har20\OneDrive\Desktop\project 1\code\quic-pqtls-bot-detection\capture\pcap_store\ff056fa1-3f4a-40ea-a46b-1a73f4551bf5.pcap
b9382d67-bb2e-4789-bb79-9c1a30c39973,0729e209-a862-4eaf-823e-4f07ba9900f4,bot_t4,1788731815.6942894,1788731849.631131,C:\Users\har20\OneDrive\Desktop\project 1\code\quic-pqtls-bot-detection\capture\pcap_store\b9382d67-bb2e-4789-bb79-9c1a30c39973.pcap
a0cff8eb-cc8e-41cd-a07e-2018b8af5fe6,8255f42e-1b36-45e2-8dc0-16b566778239,bot_t4,1788731850.6452303,1788731889.758759,C:\Users\har20\OneDrive\Desktop\project 1\code\quic-pqtls-bot-detection\capture\pcap_store\a0cff8eb-cc8e-41cd-a07e-2018b8af5fe6.pcap
a59133df-49fd-44eb-88cd-402a609761de,8255f42e-1b36-45e2-8dc0-16b566778239,bot_t4,1788731890.9858096,1788731919.1283107,C:\Users\har20\OneDrive\Desktop\project 1\code\quic-pqtls-bot-detection\capture\pcap_store\a59133df-49fd-44eb-88cd-402a609761de.pcap
ad8d71ca-9e5e-4e07-aa1f-777878aa7999,8255f42e-1b36-45e2-8dc0-16b566778239,bot_t4,1788731920.1587887,1788731970.436528,C:\Users\har20\OneDrive\Desktop\project 1\code\quic-pqtls-bot-detection\capture\pcap_store\ad8d71ca-9e5e-4e07-aa1f-777878aa7999.pcap
bf6d91af-78f0-4fd4-83d2-39ea2ed6ffcc,8255f42e-1b36-45e2-8dc0-16b566778239,bot_t4,1788731971.5017457,1788732003.5501964,C:\Users\har20\OneDrive\Desktop\project 1\code\quic-pqtls-bot-detection\capture\pcap_store\bf6d91af-78f0-4fd4-83d2-39ea2ed6ffcc.pcap
95826694-d482-465f-b4ea-9bbcc29170a4,6cee0ec3-e77e-4438-b8e8-a02698bba1e6,bot_t4,1788732004.724387,1788732038.7017648,C:\Users\har20\OneDrive\Desktop\project 1\code\quic-pqtls-bot-detection\capture\pcap_store\95826694-d482-465f-b4ea-9bbcc29170a4.pcap
26cb399f-fcd1-4899-af8d-00aa439d5c60,6cee0ec3-e77e-4438-b8e8-a02698bba1e6,bot_t4,1788732039.9787495,1788732056.4025333,C:\Users\har20\OneDrive\Desktop\project 1\code\quic-pqtls-bot-detection\capture\pcap_store\26cb399f-fcd1-4899-af8d-00aa439d5c60.pcap
1e5d456d-1e64-4347-97ca-5a990929b88b,6cee0ec3-e77e-4438-b8e8-a02698bba1e6,bot_t4,1788732057.6418061,1788732097.0746932,C:\Users\har20\OneDrive\Desktop\project 1\code\quic-pqtls-bot-detection\capture\pcap_store\1e5d456d-1e64-4347-97ca-5a990929b88b.pcap
2584be36-52ce-4a6b-8e70-af6dc24168da,c15aa5d7-fe27-4dad-acce-f13ebc176c14,bot_t4,1788732098.128792,1788732137.2042882,C:\Users\har20\OneDrive\Desktop\project 1\code\quic-pqtls-bot-detection\capture\pcap_store\2584be36-52ce-4a6b-8e70-af6dc24168da.pcap
277e5304-c014-45cd-91e4-5b06c91ad8b7,c15aa5d7-fe27-4dad-acce-f13ebc176c14,bot_t4,1788732138.2433724,1788732153.5379963,C:\Users\har20\OneDrive\Desktop\project 1\code\quic-pqtls-bot-detection\capture\pcap_store\277e5304-c014-45cd-91e4-5b06c91ad8b7.pcap
6e972411-269e-4f52-95f9-3f725807fa73,c15aa5d7-fe27-4dad-acce-f13ebc176c14,bot_t4,1788732154.6625261,1788732196.1514063,C:\Users\har20\OneDrive\Desktop\project 1\code\quic-pqtls-bot-detection\capture\pcap_store\6e972411-269e-4f52-95f9-3f725807fa73.pcap
aa2ea2d3-8c41-4b61-8e79-4da31cda47e5,c15aa5d7-fe27-4dad-acce-f13ebc176c14,bot_t4,1788732197.1603026,1788732212.7342615,C:\Users\har20\OneDrive\Desktop\project 1\code\quic-pqtls-bot-detection\capture\pcap_store\aa2ea2d3-8c41-4b61-8e79-4da31cda47e5.pcap
1c437642-383c-4e65-b4f6-2483e23aa787,c15aa5d7-fe27-4dad-acce-f13ebc176c14,bot_t4,1788732213.866176,1788732230.552704,C:\Users\har20\OneDrive\Desktop\project 1\code\quic-pqtls-bot-detection\capture\pcap_store\1c437642-383c-4e65-b4f6-2483e23aa787.pcap
ae092256-1a19-4f0f-a72f-46dbcdca671f,aace2448-fe63-43a9-857d-3a419322e7d9,bot_t4,1788732231.5735757,1788732266.9989016,C:\Users\har20\OneDrive\Desktop\project 1\code\quic-pqtls-bot-detection\capture\pcap_store\ae092256-1a19-4f0f-a72f-46dbcdca671f.pcap
d17954ae-2182-48e8-be9c-e266068da650,aace2448-fe63-43a9-857d-3a419322e7d9,bot_t4,1788732268.0151734,1788732290.7215264,C:\Users\har20\OneDrive\Desktop\project 1\code\quic-pqtls-bot-detection\capture\pcap_store\d17954ae-2182-48e8-be9c-e266068da650.pcap
fc097f69-f0e5-42d0-a340-c858cdd2e34c,aace2448-fe63-43a9-857d-3a419322e7d9,bot_t4,1788732291.758097,1788732318.1239817,C:\Users\har20\OneDrive\Desktop\project 1\code\quic-pqtls-bot-detection\capture\pcap_store\fc097f69-f0e5-42d0-a340-c858cdd2e34c.pcap
599ca664-9bf3-4d0d-97b9-5144f71bb408,aace2448-fe63-43a9-857d-3a419322e7d9,bot_t4,1788732319.135703,1788732334.5914433,C:\Users\har20\OneDrive\Desktop\project 1\code\quic-pqtls-bot-detection\capture\pcap_store\599ca664-9bf3-4d0d-97b9-5144f71bb408.pcap
b6206f00-0d1c-46cb-9297-f3fa94659e68,c460588f-1e97-42a0-913d-95845d202f03,bot_t4,1788732335.6131291,1788732351.6200109,C:\Users\har20\OneDrive\Desktop\project 1\code\quic-pqtls-bot-detection\capture\pcap_store\b6206f00-0d1c-46cb-9297-f3fa94659e68.pcap
68628f48-543d-4cb9-906f-fe3f1970d4b3,c460588f-1e97-42a0-913d-95845d202f03,bot_t4,1788732352.6429865,1788732391.0996315,C:\Users\har20\OneDrive\Desktop\project 1\code\quic-pqtls-bot-detection\capture\pcap_store\68628f48-543d-4cb9-906f-fe3f1970d4b3.pcap
32378c9a-7bfd-4c1a-b908-4e35683478f2,c460588f-1e97-42a0-913d-95845d202f03,bot_t4,1788732392.1174738,1788732434.6305447,C:\Users\har20\OneDrive\Desktop\project 1\code\quic-pqtls-bot-detection\capture\pcap_store\32378c9a-7bfd-4c1a-b908-4e35683478f2.pcap
c4b39fdf-3065-41ce-958b-92f853ba7697,8b00304d-3166-4617-8895-628368b47c93,bot_t4,1788732435.7047188,1788732480.463832,C:\Users\har20\OneDrive\Desktop\project 1\code\quic-pqtls-bot-detection\capture\pcap_store\c4b39fdf-3065-41ce-958b-92f853ba7697.pcap
d0896fe0-6ac7-47a2-9669-4010734f6da5,8b00304d-3166-4617-8895-628368b47c93,bot_t4,1788732481.6102972,1788732507.4913516,C:\Users\har20\OneDrive\Desktop\project 1\code\quic-pqtls-bot-detection\capture\pcap_store\d0896fe0-6ac7-47a2-9669-4010734f6da5.pcap
b67720b1-fb98-497b-a9bf-0df7ecc85792,8b00304d-3166-4617-8895-628368b47c93,bot_t4,1788732508.5021257,1788732532.0317814,C:\Users\har20\OneDrive\Desktop\project 1\code\quic-pqtls-bot-detection\capture\pcap_store\b67720b1-fb98-497b-a9bf-0df7ecc85792.pcap
1a01c25e-3b49-4a67-aace-a9018494cb44,37c0b71e-c9e2-4994-bc9f-d40e1f1eb516,bot_t4,1788732533.0651486,1788732564.2514439,C:\Users\har20\OneDrive\Desktop\project 1\code\quic-pqtls-bot-detection\capture\pcap_store\1a01c25e-3b49-4a67-aace-a9018494cb44.pcap
5250c2eb-fa5a-4200-b195-7bac4c2292a5,37c0b71e-c9e2-4994-bc9f-d40e1f1eb516,bot_t4,1788732565.2672584,1788732577.0555377,C:\Users\har20\OneDrive\Desktop\project 1\code\quic-pqtls-bot-detection\capture\pcap_store\5250c2eb-fa5a-4200-b195-7bac4c2292a5.pcap
bbd2c67d-94fa-4f3c-92b8-785f5817311e,37c0b71e-c9e2-4994-bc9f-d40e1f1eb516,bot_t4,1788732578.0729995,1788732587.2909405,C:\Users\har20\OneDrive\Desktop\project 1\code\quic-pqtls-bot-detection\capture\pcap_store\bbd2c67d-94fa-4f3c-92b8-785f5817311e.pcap
6dffeaf6-1e26-45af-bc1e-7762cc818980,37c0b71e-c9e2-4994-bc9f-d40e1f1eb516,bot_t4,1788732588.3964942,1788732624.2169654,C:\Users\har20\OneDrive\Desktop\project 1\code\quic-pqtls-bot-detection\capture\pcap_store\6dffeaf6-1e26-45af-bc1e-7762cc818980.pcap
f263613b-ddd6-4200-8837-e5637ec2c6f6,37c0b71e-c9e2-4994-bc9f-d40e1f1eb516,bot_t4,1788732625.2271924,1788732653.8066812,C:\Users\har20\OneDrive\Desktop\project 1\code\quic-pqtls-bot-detection\capture\pcap_store\f263613b-ddd6-4200-8837-e5637ec2c6f6.pcap
f3d7afbf-b021-44a2-a47f-2b1af3ada677,3672f8ef-fe25-4303-aa06-44271ec2557e,bot_t4,1788732654.8282142,1788732672.8670619,C:\Users\har20\OneDrive\Desktop\project 1\code\quic-pqtls-bot-detection\capture\pcap_store\f3d7afbf-b021-44a2-a47f-2b1af3ada677.pcap
d381c025-40c0-4ce0-986c-48ca892c4e27,3672f8ef-fe25-4303-aa06-44271ec2557e,bot_t4,1788732673.8860755,1788732709.7188258,C:\Users\har20\OneDrive\Desktop\project 1\code\quic-pqtls-bot-detection\capture\pcap_store\d381c025-40c0-4ce0-986c-48ca892c4e27.pcap
d80ef41a-93d2-4da6-a15b-7290ffef746c,3672f8ef-fe25-4303-aa06-44271ec2557e,bot_t4,1788732710.7353685,1788732735.0526218,C:\Users\har20\OneDrive\Desktop\project 1\code\quic-pqtls-bot-detection\capture\pcap_store\d80ef41a-93d2-4da6-a15b-7290ffef746c.pcap
dab47ee9-ed25-4d8e-a70b-0b88a6bd8f4b,0d5b7999-fea6-493e-a744-a20e7846bdbd,bot_t4,1788732736.0698938,1788732757.4482148,C:\Users\har20\OneDrive\Desktop\project 1\code\quic-pqtls-bot-detection\capture\pcap_store\dab47ee9-ed25-4d8e-a70b-0b88a6bd8f4b.pcap
fec77271-9532-4019-845b-a166e828660d,0d5b7999-fea6-493e-a744-a20e7846bdbd,bot_t4,1788732758.4547372,1788732797.2110066,C:\Users\har20\OneDrive\Desktop\project 1\code\quic-pqtls-bot-detection\capture\pcap_store\fec77271-9532-4019-845b-a166e828660d.pcap
276c57df-a6ef-4534-9e0e-9f4878c24036,0d5b7999-fea6-493e-a744-a20e7846bdbd,bot_t4,1788732798.2128453,1788732809.135029,C:\Users\har20\OneDrive\Desktop\project 1\code\quic-pqtls-bot-detection\capture\pcap_store\276c57df-a6ef-4534-9e0e-9f4878c24036.pcap
fb98c00b-13d6-421c-ad56-a1d499391a70,0d5b7999-fea6-493e-a744-a20e7846bdbd,bot_t4,1788732810.1180367,1788732854.1778998,C:\Users\har20\OneDrive\Desktop\project 1\code\quic-pqtls-bot-detection\capture\pcap_store\fb98c00b-13d6-421c-ad56-a1d499391a70.pcap
244109dc-3d1c-449b-9bf7-bef8ea616f80,0d5b7999-fea6-493e-a744-a20e7846bdbd,bot_t4,1788732855.1698308,1788732891.8878667,C:\Users\har20\OneDrive\Desktop\project 1\code\quic-pqtls-bot-detection\capture\pcap_store\244109dc-3d1c-449b-9bf7-bef8ea616f80.pcap
e3ff96a3-0908-4fab-9a70-7bb7f05b6a6f,e7d26fac-adc9-4032-a96d-69fe71e4beb4,bot_t4,1788732892.9295862,1788732919.0091164,C:\Users\har20\OneDrive\Desktop\project 1\code\quic-pqtls-bot-detection\capture\pcap_store\e3ff96a3-0908-4fab-9a70-7bb7f05b6a6f.pcap
be1d1f8c-2cbd-4fed-adf8-f31e2cadb2f1,e7d26fac-adc9-4032-a96d-69fe71e4beb4,bot_t4,1788732920.0359197,1788732942.1096208,C:\Users\har20\OneDrive\Desktop\project 1\code\quic-pqtls-bot-detection\capture\pcap_store\be1d1f8c-2cbd-4fed-adf8-f31e2cadb2f1.pcap
59705e66-1fe9-4e2a-a9dd-ef4b1c61b0c0,e7d26fac-adc9-4032-a96d-69fe71e4beb4,bot_t4,1788732943.142525,1788732965.2627008,C:\Users\har20\OneDrive\Desktop\project 1\code\quic-pqtls-bot-detection\capture\pcap_store\59705e66-1fe9-4e2a-a9dd-ef4b1c61b0c0.pcap
1326879b-afd6-404f-b937-1357c7ac82b0,38c1adb0-071f-4a2c-960e-72fa4109b201,bot_t4,1788732966.3784082,1788732997.8316078,C:\Users\har20\OneDrive\Desktop\project 1\code\quic-pqtls-bot-detection\capture\pcap_store\1326879b-afd6-404f-b937-1357c7ac82b0.pcap
ae9f0c0d-cd31-40f0-a568-44ffcf707530,38c1adb0-071f-4a2c-960e-72fa4109b201,bot_t4,1788732998.951603,1788733014.474866,C:\Users\har20\OneDrive\Desktop\project 1\code\quic-pqtls-bot-detection\capture\pcap_store\ae9f0c0d-cd31-40f0-a568-44ffcf707530.pcap
4aea294a-82d0-4e59-8a72-c116c2156995,38c1adb0-071f-4a2c-960e-72fa4109b201,bot_t4,1788733015.514003,1788733030.3630958,C:\Users\har20\OneDrive\Desktop\project 1\code\quic-pqtls-bot-detection\capture\pcap_store\4aea294a-82d0-4e59-8a72-c116c2156995.pcap
51a5c851-0ac1-4c10-aa4c-220359d35ec1,38c1adb0-071f-4a2c-960e-72fa4109b201,bot_t4,1788733031.3867323,1788733062.0633485,C:\Users\har20\OneDrive\Desktop\project 1\code\quic-pqtls-bot-detection\capture\pcap_store\51a5c851-0ac1-4c10-aa4c-220359d35ec1.pcap
ccd10949-f506-487d-b843-e2524cf382f4,38c1adb0-071f-4a2c-960e-72fa4109b201,bot_t4,1788733063.0884478,1788733081.3205833,C:\Users\har20\OneDrive\Desktop\project 1\code\quic-pqtls-bot-detection\capture\pcap_store\ccd10949-f506-487d-b843-e2524cf382f4.pcap
0df3a444-de47-40df-8fb2-f839e51caebd,37ec51e1-e10f-46c1-ae46-2da6171dcbad,bot_t4,1788733082.531182,1788733105.921383,C:\Users\har20\OneDrive\Desktop\project 1\code\quic-pqtls-bot-detection\capture\pcap_store\0df3a444-de47-40df-8fb2-f839e51caebd.pcap
44d1ed6f-015d-4445-80c1-a059e7fc1b11,37ec51e1-e10f-46c1-ae46-2da6171dcbad,bot_t4,1788733106.9602978,1788733134.8406267,C:\Users\har20\OneDrive\Desktop\project 1\code\quic-pqtls-bot-detection\capture\pcap_store\44d1ed6f-015d-4445-80c1-a059e7fc1b11.pcap
c8b084a5-23f1-4a80-af49-159b01c23314,37ec51e1-e10f-46c1-ae46-2da6171dcbad,bot_t4,1788733135.9346187,1788733174.3126388,C:\Users\har20\OneDrive\Desktop\project 1\code\quic-pqtls-bot-detection\capture\pcap_store\c8b084a5-23f1-4a80-af49-159b01c23314.pcap
5d5d7431-d0af-4c44-86e6-0e176822d209,37ec51e1-e10f-46c1-ae46-2da6171dcbad,bot_t4,1788733175.339474,1788733212.3502703,C:\Users\har20\OneDrive\Desktop\project 1\code\quic-pqtls-bot-detection\capture\pcap_store\5d5d7431-d0af-4c44-86e6-0e176822d209.pcap
b94be46c-aedf-46aa-be7e-69c15a6c69d4,37ec51e1-e10f-46c1-ae46-2da6171dcbad,bot_t4,1788733213.420591,1788733226.904359,C:\Users\har20\OneDrive\Desktop\project 1\code\quic-pqtls-bot-detection\capture\pcap_store\b94be46c-aedf-46aa-be7e-69c15a6c69d4.pcap
8fa3253f-318e-4543-81a0-9565833e85ee,463fb91d-33f9-454e-bb11-4069a9ab7e75,bot_t4,1788733227.9305892,1788733250.0767057,C:\Users\har20\OneDrive\Desktop\project 1\code\quic-pqtls-bot-detection\capture\pcap_store\8fa3253f-318e-4543-81a0-9565833e85ee.pcap
272c9010-56c7-4a38-9607-932675444b74,463fb91d-33f9-454e-bb11-4069a9ab7e75,bot_t4,1788733251.1114368,1788733263.870458,C:\Users\har20\OneDrive\Desktop\project 1\code\quic-pqtls-bot-detection\capture\pcap_store\272c9010-56c7-4a38-9607-932675444b74.pcap
616a7908-ecba-4b3d-8dec-83172fda78e6,463fb91d-33f9-454e-bb11-4069a9ab7e75,bot_t4,1788733265.0387177,1788733290.536989,C:\Users\har20\OneDrive\Desktop\project 1\code\quic-pqtls-bot-detection\capture\pcap_store\616a7908-ecba-4b3d-8dec-83172fda78e6.pcap
671429ca-1f73-46af-8da4-899e907e6889,463fb91d-33f9-454e-bb11-4069a9ab7e75,bot_t4,1788733291.5631258,1788733311.2478387,C:\Users\har20\OneDrive\Desktop\project 1\code\quic-pqtls-bot-detection\capture\pcap_store\671429ca-1f73-46af-8da4-899e907e6889.pcap
f51c5722-778a-4a18-bafe-f4a8e13a2fb0,463fb91d-33f9-454e-bb11-4069a9ab7e75,bot_t4,1788733312.2778735,1788733338.2910225,C:\Users\har20\OneDrive\Desktop\project 1\code\quic-pqtls-bot-detection\capture\pcap_store\f51c5722-778a-4a18-bafe-f4a8e13a2fb0.pcap
173ee62e-3596-45cb-a893-af5d89ac080d,94d520ba-92be-4187-a813-c55268159e8e,bot_t4,1788733339.317173,1788733377.834117,C:\Users\har20\OneDrive\Desktop\project 1\code\quic-pqtls-bot-detection\capture\pcap_store\173ee62e-3596-45cb-a893-af5d89ac080d.pcap
19dc5a0d-a35e-4de5-985c-77bdb723b657,94d520ba-92be-4187-a813-c55268159e8e,bot_t4,1788733378.853806,1788733406.2296596,C:\Users\har20\OneDrive\Desktop\project 1\code\quic-pqtls-bot-detection\capture\pcap_store\19dc5a0d-a35e-4de5-985c-77bdb723b657.pcap
9773928f-cb17-442e-b20d-581fc524ed7b,94d520ba-92be-4187-a813-c55268159e8e,bot_t4,1788733407.246033,1788733433.9126122,C:\Users\har20\OneDrive\Desktop\project 1\code\quic-pqtls-bot-detection\capture\pcap_store\9773928f-cb17-442e-b20d-581fc524ed7b.pcap
184be79e-e776-4123-b6ff-afa2ce5d45c7,561aee6d-9c5a-4bb0-9a48-0296b1c0d1b8,bot_t4,1788733434.9586737,1788733445.4503117,C:\Users\har20\OneDrive\Desktop\project 1\code\quic-pqtls-bot-detection\capture\pcap_store\184be79e-e776-4123-b6ff-afa2ce5d45c7.pcap
c998bdff-79d6-40e4-8047-920a0f2a60da,561aee6d-9c5a-4bb0-9a48-0296b1c0d1b8,bot_t4,1788733446.4721203,1788733472.1060343,C:\Users\har20\OneDrive\Desktop\project 1\code\quic-pqtls-bot-detection\capture\pcap_store\c998bdff-79d6-40e4-8047-920a0f2a60da.pcap
a052d1ec-d7f6-49f1-9745-04e0f69bb2e4,561aee6d-9c5a-4bb0-9a48-0296b1c0d1b8,bot_t4,1788733473.1308434,1788733504.0062764,C:\Users\har20\OneDrive\Desktop\project 1\code\quic-pqtls-bot-detection\capture\pcap_store\a052d1ec-d7f6-49f1-9745-04e0f69bb2e4.pcap
c8e341ad-18e8-4687-8447-e09093b31f95,b77ea082-7597-49ba-8171-5f0b451b1f74,bot_t4,1788733505.0534046,1788733532.8371682,C:\Users\har20\OneDrive\Desktop\project 1\code\quic-pqtls-bot-detection\capture\pcap_store\c8e341ad-18e8-4687-8447-e09093b31f95.pcap
ab64de93-867b-4ae8-aa8d-490379b21335,b77ea082-7597-49ba-8171-5f0b451b1f74,bot_t4,1788733533.8640337,1788733565.9977171,C:\Users\har20\OneDrive\Desktop\project 1\code\quic-pqtls-bot-detection\capture\pcap_store\ab64de93-867b-4ae8-aa8d-490379b21335.pcap
916d264d-31df-4bee-8c4d-de58ffbf6eca,b77ea082-7597-49ba-8171-5f0b451b1f74,bot_t4,1788733567.0355914,1788733611.0962605,C:\Users\har20\OneDrive\Desktop\project 1\code\quic-pqtls-bot-detection\capture\pcap_store\916d264d-31df-4bee-8c4d-de58ffbf6eca.pcap
016dd7db-f0b4-4186-8d25-65b42869429d,843c5372-6ea0-4026-852c-32f36f977fb8,bot_t4,1788733612.2165322,1788733630.16445,C:\Users\har20\OneDrive\Desktop\project 1\code\quic-pqtls-bot-detection\capture\pcap_store\016dd7db-f0b4-4186-8d25-65b42869429d.pcap
86a0075b-4371-45cf-bbe8-6cbf985a412f,843c5372-6ea0-4026-852c-32f36f977fb8,bot_t4,1788733631.185153,1788733653.289717,C:\Users\har20\OneDrive\Desktop\project 1\code\quic-pqtls-bot-detection\capture\pcap_store\86a0075b-4371-45cf-bbe8-6cbf985a412f.pcap
16c88062-6c9b-453b-834a-f7eec7776295,843c5372-6ea0-4026-852c-32f36f977fb8,bot_t4,1788733654.3075428,1788733674.7721407,C:\Users\har20\OneDrive\Desktop\project 1\code\quic-pqtls-bot-detection\capture\pcap_store\16c88062-6c9b-453b-834a-f7eec7776295.pcap
c90cd4a7-6f68-415d-af68-6462d6fcf30f,843c5372-6ea0-4026-852c-32f36f977fb8,bot_t4,1788733675.792846,1788733696.4507113,C:\Users\har20\OneDrive\Desktop\project 1\code\quic-pqtls-bot-detection\capture\pcap_store\c90cd4a7-6f68-415d-af68-6462d6fcf30f.pcap
1533794c-11f9-4d2e-bd2b-2a67cf2a71ab,9c41dbd9-6f8e-4315-b58d-f4d08dc5e7ae,bot_t4,1788733697.4751823,1788733733.032255,C:\Users\har20\OneDrive\Desktop\project 1\code\quic-pqtls-bot-detection\capture\pcap_store\1533794c-11f9-4d2e-bd2b-2a67cf2a71ab.pcap
3a9d83ba-daa6-4cc6-908b-c444141e3a68,9c41dbd9-6f8e-4315-b58d-f4d08dc5e7ae,bot_t4,1788733734.0715194,1788733766.742813,C:\Users\har20\OneDrive\Desktop\project 1\code\quic-pqtls-bot-detection\capture\pcap_store\3a9d83ba-daa6-4cc6-908b-c444141e3a68.pcap
8bd4c014-b64e-4e59-bf9f-94e5bd7cc175,9c41dbd9-6f8e-4315-b58d-f4d08dc5e7ae,bot_t4,1788733767.7920935,1788733780.5228674,C:\Users\har20\OneDrive\Desktop\project 1\code\quic-pqtls-bot-detection\capture\pcap_store\8bd4c014-b64e-4e59-bf9f-94e5bd7cc175.pcap
96b116c7-9881-4e52-9a08-90c271d23871,e9eee48f-4486-4f96-a372-f8d71e7d3586,bot_t4,1788733781.5668845,1788733796.1524467,C:\Users\har20\OneDrive\Desktop\project 1\code\quic-pqtls-bot-detection\capture\pcap_store\96b116c7-9881-4e52-9a08-90c271d23871.pcap
92979d89-92bf-41cd-a9dc-57a9f467a95d,e9eee48f-4486-4f96-a372-f8d71e7d3586,bot_t4,1788733797.165851,1788733840.1552536,C:\Users\har20\OneDrive\Desktop\project 1\code\quic-pqtls-bot-detection\capture\pcap_store\92979d89-92bf-41cd-a9dc-57a9f467a95d.pcap
32c8c373-a4a0-48fb-b223-def7802d5a59,e9eee48f-4486-4f96-a372-f8d71e7d3586,bot_t4,1788733841.174145,1788733854.995665,C:\Users\har20\OneDrive\Desktop\project 1\code\quic-pqtls-bot-detection\capture\pcap_store\32c8c373-a4a0-48fb-b223-def7802d5a59.pcap
1d25227e-5a64-41b4-a80e-9d66ff3f0145,e9eee48f-4486-4f96-a372-f8d71e7d3586,bot_t4,1788733856.0161667,1788733885.487542,C:\Users\har20\OneDrive\Desktop\project 1\code\quic-pqtls-bot-detection\capture\pcap_store\1d25227e-5a64-41b4-a80e-9d66ff3f0145.pcap
4350d66c-bbd7-4872-a0d1-8925a3484d8c,26a3f7a1-eac9-4442-b954-4b72212d9949,bot_t4,1788733886.613023,1788733903.7380812,C:\Users\har20\OneDrive\Desktop\project 1\code\quic-pqtls-bot-detection\capture\pcap_store\4350d66c-bbd7-4872-a0d1-8925a3484d8c.pcap
51792663-6752-4b31-bd1b-681090786265,26a3f7a1-eac9-4442-b954-4b72212d9949,bot_t4,1788733904.7712615,1788733931.6843922,C:\Users\har20\OneDrive\Desktop\project 1\code\quic-pqtls-bot-detection\capture\pcap_store\51792663-6752-4b31-bd1b-681090786265.pcap
fe9ad619-3ffa-4f02-99d1-a0cf106859bb,26a3f7a1-eac9-4442-b954-4b72212d9949,bot_t4,1788733932.6923027,1788733960.187521,C:\Users\har20\OneDrive\Desktop\project 1\code\quic-pqtls-bot-detection\capture\pcap_store\fe9ad619-3ffa-4f02-99d1-a0cf106859bb.pcap
8b88fc70-58c9-47cc-a4b5-c4b5476879f3,26a3f7a1-eac9-4442-b954-4b72212d9949,bot_t4,1788733961.279073,1788733987.1385033,C:\Users\har20\OneDrive\Desktop\project 1\code\quic-pqtls-bot-detection\capture\pcap_store\8b88fc70-58c9-47cc-a4b5-c4b5476879f3.pcap
a8ded870-b4dc-414c-85b3-ab8dd943577f,26a3f7a1-eac9-4442-b954-4b72212d9949,bot_t4,1788733988.1607225,1788734006.5676043,C:\Users\har20\OneDrive\Desktop\project 1\code\quic-pqtls-bot-detection\capture\pcap_store\a8ded870-b4dc-414c-85b3-ab8dd943577f.pcap
634f981f-ed3d-4d83-8cd7-a86f3bd767fa,fc75b0fe-bd1e-40d9-a026-f2fc34de56d0,bot_t4,1788734007.7011454,1788734033.6654034,C:\Users\har20\OneDrive\Desktop\project 1\code\quic-pqtls-bot-detection\capture\pcap_store\634f981f-ed3d-4d83-8cd7-a86f3bd767fa.pcap
cd722015-2bd5-4f2e-8c7b-bb32992d92d8,fc75b0fe-bd1e-40d9-a026-f2fc34de56d0,bot_t4,1788734034.6731095,1788734048.944138,C:\Users\har20\OneDrive\Desktop\project 1\code\quic-pqtls-bot-detection\capture\pcap_store\cd722015-2bd5-4f2e-8c7b-bb32992d92d8.pcap
f7de04c6-a210-4c85-a326-906b844d80e8,fc75b0fe-bd1e-40d9-a026-f2fc34de56d0,bot_t4,1788734049.9617093,1788734095.1916587,C:\Users\har20\OneDrive\Desktop\project 1\code\quic-pqtls-bot-detection\capture\pcap_store\f7de04c6-a210-4c85-a326-906b844d80e8.pcap
056eabc6-3c94-4392-bfd9-b8f36f9a954a,be9a9969-1884-458b-9d8d-82283f108b17,bot_t4,1788734096.2359433,1788734112.9453518,C:\Users\har20\OneDrive\Desktop\project 1\code\quic-pqtls-bot-detection\capture\pcap_store\056eabc6-3c94-4392-bfd9-b8f36f9a954a.pcap
9ecdfa4a-3c2d-4781-a029-d84d315b3581,be9a9969-1884-458b-9d8d-82283f108b17,bot_t4,1788734114.0741277,1788734132.142457,C:\Users\har20\OneDrive\Desktop\project 1\code\quic-pqtls-bot-detection\capture\pcap_store\9ecdfa4a-3c2d-4781-a029-d84d315b3581.pcap
586c552e-1a17-4024-bfd4-7d02b1b8bb87,be9a9969-1884-458b-9d8d-82283f108b17,bot_t4,1788734133.2507875,1788734155.167091,C:\Users\har20\OneDrive\Desktop\project 1\code\quic-pqtls-bot-detection\capture\pcap_store\586c552e-1a17-4024-bfd4-7d02b1b8bb87.pcap
34fd70f4-52ea-4297-97d8-702959091341,be9a9969-1884-458b-9d8d-82283f108b17,bot_t4,1788734156.1878605,1788734183.0014677,C:\Users\har20\OneDrive\Desktop\project 1\code\quic-pqtls-bot-detection\capture\pcap_store\34fd70f4-52ea-4297-97d8-702959091341.pcap
35d67c37-e650-4c1b-b0cd-d63c16207b6d,be9a9969-1884-458b-9d8d-82283f108b17,bot_t4,1788734184.0262942,1788734218.2191312,C:\Users\har20\OneDrive\Desktop\project 1\code\quic-pqtls-bot-detection\capture\pcap_store\35d67c37-e650-4c1b-b0cd-d63c16207b6d.pcap
cbda37f6-5a11-4ce4-b7cb-17f5a9b56c4d,d4e002fd-00ef-4d60-bf57-3a00cbd4ef45,bot_t4,1788734219.2500107,1788734246.5758777,C:\Users\har20\OneDrive\Desktop\project 1\code\quic-pqtls-bot-detection\capture\pcap_store\cbda37f6-5a11-4ce4-b7cb-17f5a9b56c4d.pcap
c49ab78e-3e73-4734-a8e5-0b697e2d36ea,d4e002fd-00ef-4d60-bf57-3a00cbd4ef45,bot_t4,1788734247.5916135,1788734273.2183895,C:\Users\har20\OneDrive\Desktop\project 1\code\quic-pqtls-bot-detection\capture\pcap_store\c49ab78e-3e73-4734-a8e5-0b697e2d36ea.pcap
a8857ceb-593a-4662-8253-a323251a96f5,d4e002fd-00ef-4d60-bf57-3a00cbd4ef45,bot_t4,1788734274.242746,1788734297.38523,C:\Users\har20\OneDrive\Desktop\project 1\code\quic-pqtls-bot-detection\capture\pcap_store\a8857ceb-593a-4662-8253-a323251a96f5.pcap
d09fdded-ac8d-476c-81e3-8f0fbc9aa877,d4e002fd-00ef-4d60-bf57-3a00cbd4ef45,bot_t4,1788734298.4229357,1788734339.8885484,C:\Users\har20\OneDrive\Desktop\project 1\code\quic-pqtls-bot-detection\capture\pcap_store\d09fdded-ac8d-476c-81e3-8f0fbc9aa877.pcap
be2e2e8e-796e-46c3-9a64-d1678cb7e5ab,b079ce8e-2b9f-4407-905b-61dac69d1efc,bot_t4,1788734340.9106126,1788734375.7546065,C:\Users\har20\OneDrive\Desktop\project 1\code\quic-pqtls-bot-detection\capture\pcap_store\be2e2e8e-796e-46c3-9a64-d1678cb7e5ab.pcap
d788ab1e-8f61-437a-9a8b-44534334b19c,b079ce8e-2b9f-4407-905b-61dac69d1efc,bot_t4,1788734376.8772676,1788734394.125159,C:\Users\har20\OneDrive\Desktop\project 1\code\quic-pqtls-bot-detection\capture\pcap_store\d788ab1e-8f61-437a-9a8b-44534334b19c.pcap
bc2c1994-8020-4850-a164-c2e121b2df51,b079ce8e-2b9f-4407-905b-61dac69d1efc,bot_t4,1788734395.14186,1788734404.372519,C:\Users\har20\OneDrive\Desktop\project 1\code\quic-pqtls-bot-detection\capture\pcap_store\bc2c1994-8020-4850-a164-c2e121b2df51.pcap
0f1de16f-9cda-446a-af7d-d2b9b54253db,0e75f8bd-db54-4cfb-bc99-511d8353a544,bot_t4,1788734405.4325001,1788734435.8661492,C:\Users\har20\OneDrive\Desktop\project 1\code\quic-pqtls-bot-detection\capture\pcap_store\0f1de16f-9cda-446a-af7d-d2b9b54253db.pcap
bec908d0-8aa4-4855-af5e-fb09abde4435,0e75f8bd-db54-4cfb-bc99-511d8353a544,bot_t4,1788734436.9850001,1788734451.860249,C:\Users\har20\OneDrive\Desktop\project 1\code\quic-pqtls-bot-detection\capture\pcap_store\bec908d0-8aa4-4855-af5e-fb09abde4435.pcap
472bed12-5bf1-4462-8560-1f4503655c7f,0e75f8bd-db54-4cfb-bc99-511d8353a544,bot_t4,1788734452.8778923,1788734493.8939447,C:\Users\har20\OneDrive\Desktop\project 1\code\quic-pqtls-bot-detection\capture\pcap_store\472bed12-5bf1-4462-8560-1f4503655c7f.pcap
